poem_id,author,poem_type,title,content,child_explanation_6_8,popularity_level,recommended_age,visual_plan_version,visual_plan_status,visual_plan_json,visual_world,visual_scene_text,visual_object_text,visual_continuity_text
1,張九齡,五言古詩,感遇二首之一,"蘭葉春葳蕤，桂華秋皎潔。
欣欣此生意，自爾爲佳節。
誰知林棲者，聞風坐相悅。
草木有本心，何求美人折？","春天的蘭草長得茂盛，秋天的桂花明亮又潔白。
草木生氣蓬勃，自然讓春秋成為美好的季節。
誰知道住在山林裡的人，聽見它們的美名就很喜歡。
草木本來就有自己的美好，並不是為了等人來採折。",2,8,visual_plan_v1,draft,"{""v"":""visual_plan_v1"",""entities"":[{""id"":""e01"",""type"":""plant"",""label"":""蘭草""},{""id"":""e02"",""type"":""plant"",""label"":""桂花""},{""id"":""e03"",""type"":""plant"",""label"":""青草""},{""id"":""e04"",""type"":""plant"",""label"":""花樹""},{""id"":""e05"",""type"":""object"",""label"":""風""}],""continuity"":{""recurring_entities"":[""e03""]},""scenes"":[{""id"":""p001_s01"",""setting"":""未明示"",""time"":""春天"",""mood"":""平靜"",""entities"":[""e01"",""e02"",""e03"",""e04""],""actions"":[],""focus"":[""蘭草"",""桂花"",""青草"",""花樹""]},{""id"":""p001_s02"",""setting"":""未明示"",""time"":""春天"",""mood"":""平靜"",""entities"":[""e03""],""actions"":[],""focus"":[""青草""]},{""id"":""p001_s03"",""setting"":""未明示"",""time"":""未明示"",""mood"":""愉快"",""entities"":[""e05""],""actions"":[""聆聽""],""focus"":[""風"",""聆聽""]},{""id"":""p001_s04"",""setting"":""未明示"",""time"":""未明示"",""mood"":""平靜"",""entities"":[""e03""],""actions"":[""採摘""],""focus"":[""青草"",""採摘""]}]}",依各 Scene 視覺計畫,"p001_s01｜場景：未明示｜時間：春天｜畫面核心：蘭草、桂花、青草、花樹｜情緒：平靜｜出現：蘭草、桂花、青草、花樹
p001_s02｜場景：未明示｜時間：春天｜畫面核心：青草｜情緒：平靜｜出現：青草
p001_s03｜場景：未明示｜畫面核心：風、聆聽｜動作：聆聽｜情緒：愉快｜出現：風
p001_s04｜場景：未明示｜畫面核心：青草、採摘｜動作：採摘｜情緒：平靜｜出現：青草","植物｜蘭草
植物｜桂花
植物｜青草
植物｜花樹
物件｜風",重複元素：青草
2,張九齡,五言古詩,感遇二首之二,"江南有丹橘，經冬猶綠林。
豈伊地氣暖，自有歲寒心。
可以薦嘉客，奈何阻重深！
運命唯所遇，循環不可尋。
徒言樹桃李，此木豈無陰？","江南有紅紅的橘樹，到了冬天還是一片翠綠。
這不只是因為天氣溫暖，而是橘樹本身很能耐寒。
這些好橘子本來可以送給尊貴的客人，卻被重重阻礙擋住了。
人的命運常看遇到什麼機會，很多事情很難預先知道。
大家只會稱讚桃李，難道橘樹就不能給人遮蔭嗎？",2,9,visual_plan_v1,draft,"{""v"":""visual_plan_v1"",""entities"":[{""id"":""e01"",""type"":""plant"",""label"":""橘樹""},{""id"":""e02"",""type"":""plant"",""label"":""樹木""},{""id"":""e03"",""type"":""location"",""label"":""江邊""},{""id"":""e04"",""type"":""character"",""label"":""旅人""}],""continuity"":{""recurring_entities"":[""e01"",""e02""]},""scenes"":[{""id"":""p002_s01"",""setting"":""江邊"",""time"":""冬天"",""mood"":""平靜"",""entities"":[""e01"",""e02"",""e03""],""actions"":[],""focus"":[""橘樹"",""樹木""]},{""id"":""p002_s02"",""setting"":""未明示"",""time"":""未明示"",""mood"":""平靜"",""entities"":[""e01"",""e02""],""actions"":[],""focus"":[""橘樹"",""樹木""]},{""id"":""p002_s03"",""setting"":""未明示"",""time"":""未明示"",""mood"":""平靜"",""entities"":[""e04""],""actions"":[],""focus"":[""旅人""]},{""id"":""p002_s04"",""setting"":""未明示"",""time"":""未明示"",""mood"":""平靜"",""entities"":[],""actions"":[""看望""],""focus"":[""看望""]},{""id"":""p002_s05"",""setting"":""未明示"",""time"":""未明示"",""mood"":""平靜"",""entities"":[""e01"",""e02""],""actions"":[],""focus"":[""橘樹"",""樹木""]}]}",依各 Scene 視覺計畫,"p002_s01｜場景：江邊｜時間：冬天｜畫面核心：橘樹、樹木｜情緒：平靜｜出現：橘樹、樹木、江邊
p002_s02｜場景：未明示｜畫面核心：橘樹、樹木｜情緒：平靜｜出現：橘樹、樹木
p002_s03｜場景：未明示｜畫面核心：旅人｜情緒：平靜｜出現：旅人
p002_s04｜場景：未明示｜畫面核心：看望｜動作：看望｜情緒：平靜
p002_s05｜場景：未明示｜畫面核心：橘樹、樹木｜情緒：平靜｜出現：橘樹、樹木","植物｜橘樹
植物｜樹木
場景｜江邊
人物｜旅人",重複元素：橘樹、樹木
3,李白,五言古詩,下終南山過斛斯山人宿置酒,"暮從碧山下，山月隨人歸。
卻顧所來徑，蒼蒼橫翠微。
相攜及田家，童稚開荊扉。
綠竹入幽徑，青蘿拂行衣。
歡言得所憩，美酒聊共揮。
長歌吟松風，曲盡河星稀。
我醉君且樂，對酌無相違。","傍晚從青翠的終南山走下來，月亮好像一路陪我回去。
回頭看看剛走過的小路，只見青山在暮色裡朦朦朧朧。
我和朋友一起走到農家，孩子們來打開柴門迎接。
小路旁都是綠竹，藤蔓輕輕擦過我的衣服。
大家開心聊天，找到休息的地方，也一起喝點美酒。
我們高聲唱歌，松林傳來風聲，唱到夜深星星都稀了。
我喝醉了，你也很開心，我們自在地一起舉杯。",3,8,visual_plan_v1,draft,"{""v"":""visual_plan_v1"",""entities"":[{""id"":""e01"",""type"":""character"",""label"":""詩人""},{""id"":""e02"",""type"":""location"",""label"":""古道""},{""id"":""e03"",""type"":""object"",""label"":""月亮""},{""id"":""e04"",""type"":""location"",""label"":""山中""},{""id"":""e05"",""type"":""character"",""label"":""朋友""},{""id"":""e06"",""type"":""character"",""label"":""童子""},{""id"":""e07"",""type"":""location"",""label"":""田野""},{""id"":""e08"",""type"":""object"",""label"":""柴門""},{""id"":""e09"",""type"":""plant"",""label"":""竹子""},{""id"":""e10"",""type"":""object"",""label"":""酒""},{""id"":""e11"",""type"":""plant"",""label"":""松樹""},{""id"":""e12"",""type"":""location"",""label"":""森林""},{""id"":""e13"",""type"":""location"",""label"":""河岸""},{""id"":""e14"",""type"":""object"",""label"":""風""}],""continuity"":{""recurring_entities"":[""e01"",""e02""]},""scenes"":[{""id"":""p003_s01"",""setting"":""古道"",""time"":""黃昏"",""mood"":""平靜"",""entities"":[""e01"",""e02"",""e03""],""actions"":[""前行""],""focus"":[""詩人"",""月亮"",""前行""]},{""id"":""p003_s02"",""setting"":""山中"",""time"":""黃昏"",""mood"":""平靜"",""entities"":[""e04"",""e02""],""actions"":[""看望"",""前行""],""focus"":[""看望"",""前行""]},{""id"":""p003_s03"",""setting"":""田野"",""time"":""未明示"",""mood"":""平靜"",""entities"":[""e01"",""e05"",""e06"",""e07"",""e08""],""actions"":[""前行""],""focus"":[""詩人"",""朋友"",""童子"",""柴門"",""前行""]},{""id"":""p003_s04"",""setting"":""古道"",""time"":""未明示"",""mood"":""平靜"",""entities"":[""e01"",""e09"",""e02""],""actions"":[],""focus"":[""詩人"",""竹子""]},{""id"":""p003_s05"",""setting"":""未明示"",""time"":""未明示"",""mood"":""愉快"",""entities"":[""e10""],""actions"":[""飲酒""],""focus"":[""酒"",""飲酒""]},{""id"":""p003_s06"",""setting"":""森林"",""time"":""夜晚"",""mood"":""平靜"",""entities"":[""e01"",""e11"",""e12"",""e13"",""e14""],""actions"":[],""focus"":[""詩人"",""松樹"",""風""]},{""id"":""p003_s07"",""setting"":""未明示"",""time"":""未明示"",""mood"":""愉快"",""entities"":[""e01""],""actions"":[],""focus"":[""詩人""]}]}",依各 Scene 視覺計畫,"p003_s01｜場景：古道｜時間：黃昏｜畫面核心：詩人、月亮、前行｜動作：前行｜情緒：平靜｜出現：詩人、古道、月亮
p003_s02｜場景：山中｜時間：黃昏｜畫面核心：看望、前行｜動作：看望、前行｜情緒：平靜｜出現：山中、古道
p003_s03｜場景：田野｜畫面核心：詩人、朋友、童子、柴門、前行｜動作：前行｜情緒：平靜｜出現：詩人、朋友、童子、田野、柴門
p003_s04｜場景：古道｜畫面核心：詩人、竹子｜情緒：平靜｜出現：詩人、竹子、古道
p003_s05｜場景：未明示｜畫面核心：酒、飲酒｜動作：飲酒｜情緒：愉快｜出現：酒
p003_s06｜場景：森林｜時間：夜晚｜畫面核心：詩人、松樹、風｜情緒：平靜｜出現：詩人、松樹、森林、河岸、風
p003_s07｜場景：未明示｜畫面核心：詩人｜情緒：愉快｜出現：詩人","人物｜詩人
場景｜古道
物件｜月亮
場景｜山中
人物｜朋友
人物｜童子
場景｜田野
物件｜柴門
植物｜竹子
物件｜酒
植物｜松樹
場景｜森林
場景｜河岸
物件｜風",重複元素：詩人、古道
4,李白,五言古詩,月下獨酌,"花間一壺酒，獨酌無相親。
舉杯邀明月，對影成三人。
月既不解飲，影徒隨我身。
暫伴月將影，行樂須及春。
我歌月徘徊，我舞影零亂。
醒時同交歡，醉後各分散。
永結無情遊，相期邈雲漢。","花叢旁放著一壺酒，我一個人喝，身邊沒有朋友。
我舉杯邀請明月，再加上自己的影子，就像有三個人作伴。
月亮不會喝酒，影子也只是跟著我的身體移動。
那就先讓月亮和影子陪我，在春天裡好好享受這一刻。
我唱歌時月影像在搖晃，我跳舞時影子也跟著晃動。
清醒時大家好像一起歡樂，喝醉後又各自分開。
真希望能一直和月亮、影子作伴，將來在遙遠天空再相聚。",4,8,visual_plan_v1,draft,"{""v"":""visual_plan_v1"",""entities"":[{""id"":""e01"",""type"":""character"",""label"":""詩人""},{""id"":""e02"",""type"":""character"",""label"":""朋友""},{""id"":""e03"",""type"":""plant"",""label"":""花樹""},{""id"":""e04"",""type"":""object"",""label"":""酒""},{""id"":""e05"",""type"":""object"",""label"":""月亮""},{""id"":""e06"",""type"":""object"",""label"":""雲""}],""continuity"":{""recurring_entities"":[""e01"",""e04"",""e05""]},""scenes"":[{""id"":""p004_s01"",""setting"":""未明示"",""time"":""未明示"",""mood"":""平靜"",""entities"":[""e01"",""e02"",""e03"",""e04""],""actions"":[""飲酒""],""focus"":[""詩人"",""朋友"",""花樹"",""酒"",""飲酒""]},{""id"":""p004_s02"",""setting"":""未明示"",""time"":""夜晚"",""mood"":""平靜"",""entities"":[""e01"",""e05""],""actions"":[],""focus"":[""詩人"",""月亮""]},{""id"":""p004_s03"",""setting"":""未明示"",""time"":""未明示"",""mood"":""平靜"",""entities"":[""e01"",""e05"",""e04""],""actions"":[""飲酒""],""focus"":[""詩人"",""月亮"",""酒"",""飲酒""]},{""id"":""p004_s04"",""setting"":""未明示"",""time"":""春天"",""mood"":""平靜"",""entities"":[""e01"",""e05""],""actions"":[],""focus"":[""詩人"",""月亮""]},{""id"":""p004_s05"",""setting"":""未明示"",""time"":""未明示"",""mood"":""平靜"",""entities"":[""e01"",""e05""],""actions"":[],""focus"":[""詩人"",""月亮""]},{""id"":""p004_s06"",""setting"":""未明示"",""time"":""未明示"",""mood"":""平靜"",""entities"":[],""actions"":[],""focus"":[]},{""id"":""p004_s07"",""setting"":""未明示"",""time"":""未明示"",""mood"":""平靜"",""entities"":[""e05"",""e06""],""actions"":[""看望""],""focus"":[""月亮"",""雲"",""看望""]}]}",依各 Scene 視覺計畫,"p004_s01｜場景：未明示｜畫面核心：詩人、朋友、花樹、酒、飲酒｜動作：飲酒｜情緒：平靜｜出現：詩人、朋友、花樹、酒
p004_s02｜場景：未明示｜時間：夜晚｜畫面核心：詩人、月亮｜情緒：平靜｜出現：詩人、月亮
p004_s03｜場景：未明示｜畫面核心：詩人、月亮、酒、飲酒｜動作：飲酒｜情緒：平靜｜出現：詩人、月亮、酒
p004_s04｜場景：未明示｜時間：春天｜畫面核心：詩人、月亮｜情緒：平靜｜出現：詩人、月亮
p004_s05｜場景：未明示｜畫面核心：詩人、月亮｜情緒：平靜｜出現：詩人、月亮
p004_s06｜場景：未明示｜畫面核心：｜情緒：平靜
p004_s07｜場景：未明示｜畫面核心：月亮、雲、看望｜動作：看望｜情緒：平靜｜出現：月亮、雲","人物｜詩人
人物｜朋友
植物｜花樹
物件｜酒
物件｜月亮
物件｜雲",重複元素：詩人、酒、月亮
5,李白,五言古詩,春思,"燕草如碧絲，秦桑低綠枝。
當君懷歸日，是妾斷腸時。
春風不相識，何事入羅幃？","燕地的春草才剛綠得像細絲，秦地的桑樹已垂下嫩綠枝條。
當你在遠方想著回家時，我也正因為想念你而難過。
春風啊，我和你又不熟，你怎麼吹進我的房間裡呢？",3,8,visual_plan_v1,draft,"{""v"":""visual_plan_v1"",""entities"":[{""id"":""e01"",""type"":""animal"",""label"":""鳥""},{""id"":""e02"",""type"":""plant"",""label"":""青草""},{""id"":""e03"",""type"":""plant"",""label"":""樹木""},{""id"":""e04"",""type"":""character"",""label"":""詩人""},{""id"":""e05"",""type"":""location"",""label"":""房間""},{""id"":""e06"",""type"":""object"",""label"":""風""}],""continuity"":{""recurring_entities"":[""e04""]},""scenes"":[{""id"":""p005_s01"",""setting"":""未明示"",""time"":""春天"",""mood"":""平靜"",""entities"":[""e01"",""e02"",""e03""],""actions"":[],""focus"":[""鳥"",""青草"",""樹木""]},{""id"":""p005_s02"",""setting"":""未明示"",""time"":""未明示"",""mood"":""思念"",""entities"":[""e04""],""actions"":[""思念""],""focus"":[""詩人"",""思念""]},{""id"":""p005_s03"",""setting"":""房間"",""time"":""春天"",""mood"":""平靜"",""entities"":[""e04"",""e05"",""e06""],""actions"":[],""focus"":[""詩人"",""風""]}]}",依各 Scene 視覺計畫,"p005_s01｜場景：未明示｜時間：春天｜畫面核心：鳥、青草、樹木｜情緒：平靜｜出現：鳥、青草、樹木
p005_s02｜場景：未明示｜畫面核心：詩人、思念｜動作：思念｜情緒：思念｜出現：詩人
p005_s03｜場景：房間｜時間：春天｜畫面核心：詩人、風｜情緒：平靜｜出現：詩人、房間、風","動物｜鳥
植物｜青草
植物｜樹木
人物｜詩人
場景｜房間
物件｜風",重複元素：詩人
6,杜甫,五言古詩,望嶽,"岱宗夫如何，齊魯青未了。
造化鍾神秀，陰陽割昏曉。
盪胸生曾雲，決眥入歸鳥。
會當凌絕頂，一覽衆山小。","泰山到底有多雄偉？它的青翠景色一路延伸在齊魯大地。
大自然把美麗神奇都聚在這裡，山的兩邊像把早晚分開。
層層雲氣讓人心胸開闊，我睜大眼睛看著歸巢的鳥兒。
有一天我一定要登上最高峰，從上面看四周群山都變小。",5,7,visual_plan_v1,draft,"{""v"":""visual_plan_v1"",""entities"":[{""id"":""e01"",""type"":""location"",""label"":""古道""},{""id"":""e02"",""type"":""character"",""label"":""詩人""},{""id"":""e03"",""type"":""animal"",""label"":""鳥""},{""id"":""e04"",""type"":""object"",""label"":""雲""}],""continuity"":{""recurring_entities"":[""e02""]},""scenes"":[{""id"":""p006_s01"",""setting"":""古道"",""time"":""未明示"",""mood"":""平靜"",""entities"":[""e01""],""actions"":[],""focus"":[]},{""id"":""p006_s02"",""setting"":""未明示"",""time"":""清晨"",""mood"":""平靜"",""entities"":[],""actions"":[],""focus"":[]},{""id"":""p006_s03"",""setting"":""未明示"",""time"":""未明示"",""mood"":""平靜"",""entities"":[""e02"",""e03"",""e04""],""actions"":[""看望"",""前行""],""focus"":[""詩人"",""鳥"",""雲"",""看望"",""前行""]},{""id"":""p006_s04"",""setting"":""未明示"",""time"":""未明示"",""mood"":""平靜"",""entities"":[""e02""],""actions"":[""看望"",""前行""],""focus"":[""詩人"",""看望"",""前行""]}]}",依各 Scene 視覺計畫,"p006_s01｜場景：古道｜畫面核心：｜情緒：平靜｜出現：古道
p006_s02｜場景：未明示｜時間：清晨｜畫面核心：｜情緒：平靜
p006_s03｜場景：未明示｜畫面核心：詩人、鳥、雲、看望、前行｜動作：看望、前行｜情緒：平靜｜出現：詩人、鳥、雲
p006_s04｜場景：未明示｜畫面核心：詩人、看望、前行｜動作：看望、前行｜情緒：平靜｜出現：詩人","場景｜古道
人物｜詩人
動物｜鳥
物件｜雲",重複元素：詩人
7,杜甫,五言古詩,贈衛八處士,"人生不相見，動如參與商。
今夕復何夕，共此燈燭光。
少壯能幾時，鬢髮各已蒼。
訪舊半爲鬼，驚呼熱中腸。
焉知二十載，重上君子堂。
昔別君未婚，兒女忽成行。
怡然敬父執，問我來何方。
問答乃未已，驅兒羅酒漿。
夜雨翦春韭，新炊間黃粱。
主稱會面難，一舉累十觴。
十觴亦不醉，感子故意長。
明日隔山岳，世事兩茫茫。","人生常常很難見面，就像天上的兩顆星總是錯開。
沒想到今晚我們又能相聚，一起坐在燈火旁。
年輕的日子能有多久呢？如今我們的頭髮都已變白。
問起以前的朋友，竟有一半已不在人世，讓人十分難過。
誰想到分別二十年後，我竟又來到你的家裡。
當年分別時你還沒成家，現在孩子都已長大成群。
孩子們親切地尊敬父親的老朋友，問我是從哪裡來的。
話還沒說完，你就叫孩子們準備酒菜招待我。
外面下著夜雨，桌上有新剪的春韭菜和剛煮好的飯。
主人說見一次面太不容易，一口氣勸我喝了好多杯。
喝了很多也不覺得醉，因為更感動的是你長久不變的友情。
明天我們又要隔著山岳分開，未來會怎樣誰也不知道。",3,9,visual_plan_v1,draft,"{""v"":""visual_plan_v1"",""entities"":[{""id"":""e01"",""type"":""character"",""label"":""詩人""},{""id"":""e02"",""type"":""object"",""label"":""燈火""},{""id"":""e03"",""type"":""character"",""label"":""朋友""},{""id"":""e04"",""type"":""character"",""label"":""童子""},{""id"":""e05"",""type"":""object"",""label"":""酒""},{""id"":""e06"",""type"":""object"",""label"":""雨""}],""continuity"":{""recurring_entities"":[""e01"",""e03"",""e04"",""e05""]},""scenes"":[{""id"":""p007_s01"",""setting"":""未明示"",""time"":""夜晚"",""mood"":""平靜"",""entities"":[],""actions"":[],""focus"":[]},{""id"":""p007_s02"",""setting"":""未明示"",""time"":""未明示"",""mood"":""平靜"",""entities"":[""e01"",""e02""],""actions"":[],""focus"":[""詩人"",""燈火""]},{""id"":""p007_s03"",""setting"":""未明示"",""time"":""未明示"",""mood"":""平靜"",""entities"":[""e01""],""actions"":[],""focus"":[""詩人""]},{""id"":""p007_s04"",""setting"":""未明示"",""time"":""未明示"",""mood"":""感傷"",""entities"":[""e03""],""actions"":[],""focus"":[""朋友""]},{""id"":""p007_s05"",""setting"":""未明示"",""time"":""未明示"",""mood"":""平靜"",""entities"":[""e01""],""actions"":[],""focus"":[""詩人""]},{""id"":""p007_s06"",""setting"":""未明示"",""time"":""未明示"",""mood"":""平靜"",""entities"":[""e04""],""actions"":[],""focus"":[""童子""]},{""id"":""p007_s07"",""setting"":""未明示"",""time"":""未明示"",""mood"":""平靜"",""entities"":[""e01"",""e03"",""e04""],""actions"":[],""focus"":[""詩人"",""朋友"",""童子""]},{""id"":""p007_s08"",""setting"":""未明示"",""time"":""未明示"",""mood"":""平靜"",""entities"":[""e01"",""e04"",""e05""],""actions"":[""飲酒""],""focus"":[""詩人"",""童子"",""酒"",""飲酒""]},{""id"":""p007_s09"",""setting"":""未明示"",""time"":""夜晚"",""mood"":""平靜"",""entities"":[""e06""],""actions"":[""烹煮""],""focus"":[""雨"",""烹煮""]},{""id"":""p007_s10"",""setting"":""未明示"",""time"":""未明示"",""mood"":""平靜"",""entities"":[""e01"",""e05""],""actions"":[],""focus"":[""詩人"",""酒""]},{""id"":""p007_s11"",""setting"":""未明示"",""time"":""未明示"",""mood"":""平靜"",""entities"":[""e05""],""actions"":[],""focus"":[""酒""]},{""id"":""p007_s12"",""setting"":""未明示"",""time"":""未明示"",""mood"":""平靜"",""entities"":[""e01""],""actions"":[],""focus"":[""詩人""]}]}",依各 Scene 視覺計畫,"p007_s01｜場景：未明示｜時間：夜晚｜畫面核心：｜情緒：平靜
p007_s02｜場景：未明示｜畫面核心：詩人、燈火｜情緒：平靜｜出現：詩人、燈火
p007_s03｜場景：未明示｜畫面核心：詩人｜情緒：平靜｜出現：詩人
p007_s04｜場景：未明示｜畫面核心：朋友｜情緒：感傷｜出現：朋友
p007_s05｜場景：未明示｜畫面核心：詩人｜情緒：平靜｜出現：詩人
p007_s06｜場景：未明示｜畫面核心：童子｜情緒：平靜｜出現：童子
p007_s07｜場景：未明示｜畫面核心：詩人、朋友、童子｜情緒：平靜｜出現：詩人、朋友、童子
p007_s08｜場景：未明示｜畫面核心：詩人、童子、酒、飲酒｜動作：飲酒｜情緒：平靜｜出現：詩人、童子、酒
p007_s09｜場景：未明示｜時間：夜晚｜畫面核心：雨、烹煮｜動作：烹煮｜情緒：平靜｜出現：雨
p007_s10｜場景：未明示｜畫面核心：詩人、酒｜情緒：平靜｜出現：詩人、酒
p007_s11｜場景：未明示｜畫面核心：酒｜情緒：平靜｜出現：酒
p007_s12｜場景：未明示｜畫面核心：詩人｜情緒：平靜｜出現：詩人","人物｜詩人
物件｜燈火
人物｜朋友
人物｜童子
物件｜酒
物件｜雨",重複元素：詩人、朋友、童子、酒
8,杜甫,五言古詩,佳人,"絕代有佳人，幽居在空谷。
自云良家子，零落依草木。
關中昔喪亂，兄弟遭殺戮。
官高何足論，不得收骨肉。
世情惡衰歇，萬事隨轉燭。
夫婿輕薄兒，新人美如玉。
合昏尚知時，鴛鴦不獨宿。
但見新人笑，那聞舊人哭。
在山泉水清，出山泉水濁。
侍婢賣珠迴，牽蘿補茅屋。
摘花不插髮，采柏動盈掬。
天寒翠袖薄，日暮倚修竹。","有一位非常美麗的女子，獨自住在幽靜的山谷裡。
她說自己原本出身好人家，如今卻只能依靠山林生活。
以前關中發生戰亂，她的兄弟都在戰亂中死去。
就算家人曾做大官又有什麼用，連親人的遺骨都無法收回。
世上的人常在你失意時離開，許多事情一下就改變了。
她的丈夫喜新厭舊，又愛上了像美玉一樣漂亮的新人。
連合歡花都知道按時開合，鴛鴦也總是成雙成對。
丈夫只看見新人笑，卻聽不見舊人傷心哭泣。
山裡的泉水清澈，流出山後卻容易變得混濁。
侍女賣掉珍珠回來，她拉著藤蔓修補簡陋的草屋。
她摘了花也不戴在頭上，反而抱回滿滿一把柏枝。
天氣很冷，她衣服單薄，黃昏時獨自靠著修竹站著。",3,9,visual_plan_v1,draft,"{""v"":""visual_plan_v1"",""entities"":[{""id"":""e01"",""type"":""character"",""label"":""女子""},{""id"":""e02"",""type"":""location"",""label"":""山谷""},{""id"":""e03"",""type"":""plant"",""label"":""青草""},{""id"":""e04"",""type"":""location"",""label"":""關塞""},{""id"":""e05"",""type"":""object"",""label"":""燈火""},{""id"":""e06"",""type"":""plant"",""label"":""花樹""},{""id"":""e07"",""type"":""location"",""label"":""房間""},{""id"":""e08"",""type"":""plant"",""label"":""竹子""}],""continuity"":{""recurring_entities"":[""e03"",""e06""]},""scenes"":[{""id"":""p008_s01"",""setting"":""山谷"",""time"":""未明示"",""mood"":""安靜"",""entities"":[""e01"",""e02""],""actions"":[],""focus"":[""女子""]},{""id"":""p008_s02"",""setting"":""未明示"",""time"":""未明示"",""mood"":""平靜"",""entities"":[""e03""],""actions"":[],""focus"":[""青草""]},{""id"":""p008_s03"",""setting"":""關塞"",""time"":""未明示"",""mood"":""平靜"",""entities"":[""e04""],""actions"":[""前行""],""focus"":[""前行""]},{""id"":""p008_s04"",""setting"":""未明示"",""time"":""未明示"",""mood"":""平靜"",""entities"":[],""actions"":[],""focus"":[]},{""id"":""p008_s05"",""setting"":""未明示"",""time"":""未明示"",""mood"":""平靜"",""entities"":[""e05""],""actions"":[],""focus"":[""燈火""]},{""id"":""p008_s06"",""setting"":""未明示"",""time"":""未明示"",""mood"":""平靜"",""entities"":[],""actions"":[],""focus"":[]},{""id"":""p008_s07"",""setting"":""未明示"",""time"":""未明示"",""mood"":""平靜"",""entities"":[""e06""],""actions"":[],""focus"":[""花樹""]},{""id"":""p008_s08"",""setting"":""未明示"",""time"":""未明示"",""mood"":""感傷"",""entities"":[],""actions"":[""看望"",""聆聽"",""哭泣""],""focus"":[""看望"",""聆聽"",""哭泣""]},{""id"":""p008_s09"",""setting"":""未明示"",""time"":""未明示"",""mood"":""平靜"",""entities"":[],""actions"":[],""focus"":[]},{""id"":""p008_s10"",""setting"":""房間"",""time"":""未明示"",""mood"":""平靜"",""entities"":[""e03"",""e07""],""actions"":[],""focus"":[""青草""]},{""id"":""p008_s11"",""setting"":""未明示"",""time"":""未明示"",""mood"":""平靜"",""entities"":[""e06""],""actions"":[],""focus"":[""花樹""]},{""id"":""p008_s12"",""setting"":""未明示"",""time"":""黃昏"",""mood"":""平靜"",""entities"":[""e08""],""actions"":[],""focus"":[""竹子""]}]}",依各 Scene 視覺計畫,"p008_s01｜場景：山谷｜畫面核心：女子｜情緒：安靜｜出現：女子、山谷
p008_s02｜場景：未明示｜畫面核心：青草｜情緒：平靜｜出現：青草
p008_s03｜場景：關塞｜畫面核心：前行｜動作：前行｜情緒：平靜｜出現：關塞
p008_s04｜場景：未明示｜畫面核心：｜情緒：平靜
p008_s05｜場景：未明示｜畫面核心：燈火｜情緒：平靜｜出現：燈火
p008_s06｜場景：未明示｜畫面核心：｜情緒：平靜
p008_s07｜場景：未明示｜畫面核心：花樹｜情緒：平靜｜出現：花樹
p008_s08｜場景：未明示｜畫面核心：看望、聆聽、哭泣｜動作：看望、聆聽、哭泣｜情緒：感傷
p008_s09｜場景：未明示｜畫面核心：｜情緒：平靜
p008_s10｜場景：房間｜畫面核心：青草｜情緒：平靜｜出現：青草、房間
p008_s11｜場景：未明示｜畫面核心：花樹｜情緒：平靜｜出現：花樹
p008_s12｜場景：未明示｜時間：黃昏｜畫面核心：竹子｜情緒：平靜｜出現：竹子","人物｜女子
場景｜山谷
植物｜青草
場景｜關塞
物件｜燈火
植物｜花樹
場景｜房間
植物｜竹子",重複元素：青草、花樹
9,杜甫,五言古詩,夢李白二首之一,"死別已吞聲，生別常惻惻。
江南瘴癘地，逐客無消息。
故人入我夢，明我長相憶。
恐非平生魂，路遠不可測。
魂來楓葉青，魂返關塞黑。
君今在羅網，何以有羽翼。
落月滿屋梁，猶疑照顏色。
水深波浪闊，無使蛟龍得。","死別讓人哭不出聲，活著卻分離更讓人天天牽掛。
你被放逐到遙遠又容易生病的江南，一直沒有消息。
老朋友出現在我的夢裡，讓我知道自己有多麼想念你。
我甚至擔心夢裡來的不是平安的你，因為路途實在太遠。
夢裡你好像從青楓那邊來，又回到昏暗遙遠的關塞。
你現在被困在危險處境裡，怎麼可能真的自由來去呢？
月亮快落下時照滿屋梁，我彷彿還看見你的臉。
路上水深浪大，希望你千萬不要遇到危險。",3,9,visual_plan_v1,draft,"{""v"":""visual_plan_v1"",""entities"":[{""id"":""e01"",""type"":""location"",""label"":""江邊""},{""id"":""e02"",""type"":""character"",""label"":""詩人""},{""id"":""e03"",""type"":""character"",""label"":""朋友""},{""id"":""e04"",""type"":""location"",""label"":""古道""},{""id"":""e05"",""type"":""location"",""label"":""關塞""},{""id"":""e06"",""type"":""location"",""label"":""房間""},{""id"":""e07"",""type"":""object"",""label"":""月亮""}],""continuity"":{""recurring_entities"":[""e02"",""e04""]},""scenes"":[{""id"":""p009_s01"",""setting"":""未明示"",""time"":""未明示"",""mood"":""平靜"",""entities"":[],""actions"":[""哭泣""],""focus"":[""哭泣""]},{""id"":""p009_s02"",""setting"":""江邊"",""time"":""未明示"",""mood"":""平靜"",""entities"":[""e01""],""actions"":[],""focus"":[]},{""id"":""p009_s03"",""setting"":""未明示"",""time"":""未明示"",""mood"":""思念"",""entities"":[""e02"",""e03""],""actions"":[""思念""],""focus"":[""詩人"",""朋友"",""思念""]},{""id"":""p009_s04"",""setting"":""古道"",""time"":""未明示"",""mood"":""平靜"",""entities"":[""e02"",""e04""],""actions"":[],""focus"":[""詩人""]},{""id"":""p009_s05"",""setting"":""關塞"",""time"":""未明示"",""mood"":""平靜"",""entities"":[""e05""],""actions"":[],""focus"":[]},{""id"":""p009_s06"",""setting"":""未明示"",""time"":""未明示"",""mood"":""平靜"",""entities"":[],""actions"":[""前行""],""focus"":[""前行""]},{""id"":""p009_s07"",""setting"":""房間"",""time"":""未明示"",""mood"":""平靜"",""entities"":[""e02"",""e06"",""e07""],""actions"":[""看望""],""focus"":[""詩人"",""月亮"",""看望""]},{""id"":""p009_s08"",""setting"":""古道"",""time"":""未明示"",""mood"":""平靜"",""entities"":[""e04""],""actions"":[""看望""],""focus"":[""看望""]}]}",依各 Scene 視覺計畫,"p009_s01｜場景：未明示｜畫面核心：哭泣｜動作：哭泣｜情緒：平靜
p009_s02｜場景：江邊｜畫面核心：｜情緒：平靜｜出現：江邊
p009_s03｜場景：未明示｜畫面核心：詩人、朋友、思念｜動作：思念｜情緒：思念｜出現：詩人、朋友
p009_s04｜場景：古道｜畫面核心：詩人｜情緒：平靜｜出現：詩人、古道
p009_s05｜場景：關塞｜畫面核心：｜情緒：平靜｜出現：關塞
p009_s06｜場景：未明示｜畫面核心：前行｜動作：前行｜情緒：平靜
p009_s07｜場景：房間｜畫面核心：詩人、月亮、看望｜動作：看望｜情緒：平靜｜出現：詩人、房間、月亮
p009_s08｜場景：古道｜畫面核心：看望｜動作：看望｜情緒：平靜｜出現：古道","場景｜江邊
人物｜詩人
人物｜朋友
場景｜古道
場景｜關塞
場景｜房間
物件｜月亮",重複元素：詩人、古道
10,杜甫,五言古詩,夢李白二首之二,"浮雲終日行，遊子久不至。
三夜頻夢君，情親見君意。
告歸常局促，苦道來不易。
江湖多風波，舟楫恐失墜。
出門搔白首，若負平生志。
冠蓋滿京華，斯人獨憔悴。
孰云網恢恢，將老身反累。
千秋萬歲名，寂寞身後事。","浮雲整天飄來飄去，而遠方的朋友一直沒有回來。
連續三個晚上都夢見你，我知道這是因為我們感情很深。
夢裡你每次要離開都很匆忙，還一直說來一趟不容易。
江河湖海風浪很多，坐船時總怕發生危險。
你出門時抓著白髮，好像為自己沒能完成志向而難過。
京城裡有很多有權勢的人，偏偏你卻過得這麼辛苦。
誰說老天總會公平呢？你年紀大了還被困在災難裡。
就算以後留下千古名聲，人活著時的寂寞又有誰能補償？",3,8,visual_plan_v1,draft,"{""v"":""visual_plan_v1"",""entities"":[{""id"":""e01"",""type"":""character"",""label"":""朋友""},{""id"":""e02"",""type"":""object"",""label"":""雲""},{""id"":""e03"",""type"":""character"",""label"":""詩人""},{""id"":""e04"",""type"":""location"",""label"":""江邊""},{""id"":""e05"",""type"":""location"",""label"":""河岸""},{""id"":""e06"",""type"":""location"",""label"":""湖邊""},{""id"":""e07"",""type"":""location"",""label"":""海邊""},{""id"":""e08"",""type"":""location"",""label"":""船上""},{""id"":""e09"",""type"":""object"",""label"":""風""},{""id"":""e10"",""type"":""object"",""label"":""小船""},{""id"":""e11"",""type"":""location"",""label"":""城中""}],""continuity"":{""recurring_entities"":[]},""scenes"":[{""id"":""p010_s01"",""setting"":""未明示"",""time"":""未明示"",""mood"":""平靜"",""entities"":[""e01"",""e02""],""actions"":[""前行""],""focus"":[""朋友"",""雲"",""前行""]},{""id"":""p010_s02"",""setting"":""未明示"",""time"":""夜晚"",""mood"":""平靜"",""entities"":[""e03""],""actions"":[],""focus"":[""詩人""]},{""id"":""p010_s03"",""setting"":""未明示"",""time"":""未明示"",""mood"":""平靜"",""entities"":[],""actions"":[],""focus"":[]},{""id"":""p010_s04"",""setting"":""江邊"",""time"":""未明示"",""mood"":""平靜"",""entities"":[""e04"",""e05"",""e06"",""e07"",""e08"",""e09"",""e10""],""actions"":[],""focus"":[""風"",""小船""]},{""id"":""p010_s05"",""setting"":""未明示"",""time"":""未明示"",""mood"":""感傷"",""entities"":[],""actions"":[],""focus"":[]},{""id"":""p010_s06"",""setting"":""城中"",""time"":""未明示"",""mood"":""平靜"",""entities"":[""e11""],""actions"":[],""focus"":[]},{""id"":""p010_s07"",""setting"":""未明示"",""time"":""未明示"",""mood"":""平靜"",""entities"":[],""actions"":[],""focus"":[]},{""id"":""p010_s08"",""setting"":""未明示"",""time"":""秋天"",""mood"":""孤寂"",""entities"":[],""actions"":[],""focus"":[]}]}",依各 Scene 視覺計畫,"p010_s01｜場景：未明示｜畫面核心：朋友、雲、前行｜動作：前行｜情緒：平靜｜出現：朋友、雲
p010_s02｜場景：未明示｜時間：夜晚｜畫面核心：詩人｜情緒：平靜｜出現：詩人
p010_s03｜場景：未明示｜畫面核心：｜情緒：平靜
p010_s04｜場景：江邊｜畫面核心：風、小船｜情緒：平靜｜出現：江邊、河岸、湖邊、海邊、船上、風、小船
p010_s05｜場景：未明示｜畫面核心：｜情緒：感傷
p010_s06｜場景：城中｜畫面核心：｜情緒：平靜｜出現：城中
p010_s07｜場景：未明示｜畫面核心：｜情緒：平靜
p010_s08｜場景：未明示｜時間：秋天｜畫面核心：｜情緒：孤寂","人物｜朋友
物件｜雲
人物｜詩人
場景｜江邊
場景｜河岸
場景｜湖邊
場景｜海邊
場景｜船上
物件｜風
物件｜小船
場景｜城中",
11,王維,五言古詩,送綦毋潛落第還鄉,"聖代無隱者，英靈盡來歸。
遂令東山客，不得顧采薇。
既至君門遠，孰云吾道非。
江淮度寒食，京洛縫春衣。
置酒臨長道，同心與我違。
行當浮桂櫂，未幾拂荊扉。
遠樹帶行客，孤村當落暉。
吾謀適不用，勿謂知音稀。","太平時代沒有真正想躲起來的人，有才華的人都希望為國家做事。
所以連原本想隱居山林的人，也離開山中來到朝廷。
你已經走了很遠來到京城，不能因一次失敗就認為自己的道路錯了。
你將在江淮度過寒食節，回到洛陽時大概已穿上春衣。
我在大路旁擺酒為你送行，雖然志趣相同，現在卻要分別。
你將乘著小船回去，不久就能回到自己的家門。
遠方的樹木陪著旅人前進，夕陽照著孤單的小村莊。
只是你的才華這次沒有被採用，不要以為世上沒有懂你的人。",3,8,visual_plan_v1,draft,"{""v"":""visual_plan_v1"",""entities"":[{""id"":""e01"",""type"":""location"",""label"":""山中""},{""id"":""e02"",""type"":""location"",""label"":""城中""},{""id"":""e03"",""type"":""location"",""label"":""古道""},{""id"":""e04"",""type"":""location"",""label"":""江邊""},{""id"":""e05"",""type"":""character"",""label"":""詩人""},{""id"":""e06"",""type"":""object"",""label"":""酒""},{""id"":""e07"",""type"":""location"",""label"":""船上""},{""id"":""e08"",""type"":""object"",""label"":""小船""},{""id"":""e09"",""type"":""object"",""label"":""柴門""},{""id"":""e10"",""type"":""character"",""label"":""旅人""},{""id"":""e11"",""type"":""plant"",""label"":""樹木""},{""id"":""e12"",""type"":""location"",""label"":""村莊""},{""id"":""e13"",""type"":""object"",""label"":""太陽""}],""continuity"":{""recurring_entities"":[""e02"",""e03""]},""scenes"":[{""id"":""p011_s01"",""setting"":""未明示"",""time"":""未明示"",""mood"":""平靜"",""entities"":[],""actions"":[""看望""],""focus"":[""看望""]},{""id"":""p011_s02"",""setting"":""山中"",""time"":""未明示"",""mood"":""平靜"",""entities"":[""e01""],""actions"":[],""focus"":[]},{""id"":""p011_s03"",""setting"":""城中"",""time"":""未明示"",""mood"":""平靜"",""entities"":[""e02"",""e03""],""actions"":[""前行""],""focus"":[""前行""]},{""id"":""p011_s04"",""setting"":""江邊"",""time"":""春天"",""mood"":""平靜"",""entities"":[""e04"",""e02""],""actions"":[],""focus"":[]},{""id"":""p011_s05"",""setting"":""古道"",""time"":""未明示"",""mood"":""平靜"",""entities"":[""e05"",""e03"",""e06""],""actions"":[""前行"",""送別"",""飲酒""],""focus"":[""詩人"",""酒"",""前行"",""送別"",""飲酒""]},{""id"":""p011_s06"",""setting"":""船上"",""time"":""未明示"",""mood"":""平靜"",""entities"":[""e07"",""e08"",""e09""],""actions"":[""前行""],""focus"":[""小船"",""柴門"",""前行""]},{""id"":""p011_s07"",""setting"":""村莊"",""time"":""黃昏"",""mood"":""孤寂"",""entities"":[""e10"",""e11"",""e12"",""e13""],""actions"":[],""focus"":[""旅人"",""樹木"",""太陽""]},{""id"":""p011_s08"",""setting"":""未明示"",""time"":""未明示"",""mood"":""平靜"",""entities"":[],""actions"":[""採摘""],""focus"":[""採摘""]}]}",依各 Scene 視覺計畫,"p011_s01｜場景：未明示｜畫面核心：看望｜動作：看望｜情緒：平靜
p011_s02｜場景：山中｜畫面核心：｜情緒：平靜｜出現：山中
p011_s03｜場景：城中｜畫面核心：前行｜動作：前行｜情緒：平靜｜出現：城中、古道
p011_s04｜場景：江邊｜時間：春天｜畫面核心：｜情緒：平靜｜出現：江邊、城中
p011_s05｜場景：古道｜畫面核心：詩人、酒、前行、送別、飲酒｜動作：前行、送別、飲酒｜情緒：平靜｜出現：詩人、古道、酒
p011_s06｜場景：船上｜畫面核心：小船、柴門、前行｜動作：前行｜情緒：平靜｜出現：船上、小船、柴門
p011_s07｜場景：村莊｜時間：黃昏｜畫面核心：旅人、樹木、太陽｜情緒：孤寂｜出現：旅人、樹木、村莊、太陽
p011_s08｜場景：未明示｜畫面核心：採摘｜動作：採摘｜情緒：平靜","場景｜山中
場景｜城中
場景｜古道
場景｜江邊
人物｜詩人
物件｜酒
場景｜船上
物件｜小船
物件｜柴門
人物｜旅人
植物｜樹木
場景｜村莊
物件｜太陽",重複元素：城中、古道
12,王維,五言古詩,送別,"下馬飲君酒，問君何所之。
君言不得意，歸臥南山陲。
但去莫復問，白雲無盡時。","我下馬請你喝酒，問你接下來要去哪裡。
你說最近事情不順心，想回到南山旁好好生活。
那就安心去吧，我不再多問；山中的白雲永遠自在無邊。",4,8,visual_plan_v1,draft,"{""v"":""visual_plan_v1"",""entities"":[{""id"":""e01"",""type"":""character"",""label"":""詩人""},{""id"":""e02"",""type"":""animal"",""label"":""馬""},{""id"":""e03"",""type"":""object"",""label"":""酒""},{""id"":""e04"",""type"":""location"",""label"":""山中""},{""id"":""e05"",""type"":""object"",""label"":""雲""}],""continuity"":{""recurring_entities"":[""e01""]},""scenes"":[{""id"":""p012_s01"",""setting"":""未明示"",""time"":""未明示"",""mood"":""平靜"",""entities"":[""e01"",""e02"",""e03""],""actions"":[""前行"",""飲酒""],""focus"":[""詩人"",""馬"",""酒"",""前行"",""飲酒""]},{""id"":""p012_s02"",""setting"":""未明示"",""time"":""未明示"",""mood"":""平靜"",""entities"":[],""actions"":[],""focus"":[]},{""id"":""p012_s03"",""setting"":""山中"",""time"":""未明示"",""mood"":""悠閒"",""entities"":[""e01"",""e04"",""e05""],""actions"":[""前行""],""focus"":[""詩人"",""雲"",""前行""]}]}",依各 Scene 視覺計畫,"p012_s01｜場景：未明示｜畫面核心：詩人、馬、酒、前行、飲酒｜動作：前行、飲酒｜情緒：平靜｜出現：詩人、馬、酒
p012_s02｜場景：未明示｜畫面核心：｜情緒：平靜
p012_s03｜場景：山中｜畫面核心：詩人、雲、前行｜動作：前行｜情緒：悠閒｜出現：詩人、山中、雲","人物｜詩人
動物｜馬
物件｜酒
場景｜山中
物件｜雲",重複元素：詩人
13,王維,五言古詩,青谿,"言入黃花川，每逐青谿水。
隨山將萬轉，趣途無百里。
聲喧亂石中，色靜深松裏。
漾漾泛菱荇，澄澄映葭葦。
我心素已閒，清川澹如此。
請留盤石上，垂釣將已矣。","我想進入黃花川，常常沿著青溪一路前行。
溪水跟著山勢彎了好多次，可是走的路其實不到百里。
水流穿過亂石時聲音很響，流進深松林裡又變得安靜。
水面輕輕漂著菱葉水草，清澈得能映出蘆葦。
我的心本來就喜歡安靜，眼前清清的溪水也正是這樣。
真想就留在溪邊的大石頭上，從此自在地釣魚生活。",3,8,visual_plan_v1,draft,"{""v"":""visual_plan_v1"",""entities"":[{""id"":""e01"",""type"":""character"",""label"":""詩人""},{""id"":""e02"",""type"":""plant"",""label"":""花樹""},{""id"":""e03"",""type"":""location"",""label"":""溪流""},{""id"":""e04"",""type"":""location"",""label"":""古道""},{""id"":""e05"",""type"":""plant"",""label"":""松樹""},{""id"":""e06"",""type"":""location"",""label"":""森林""},{""id"":""e07"",""type"":""object"",""label"":""石陣""},{""id"":""e08"",""type"":""plant"",""label"":""青草""},{""id"":""e09"",""type"":""animal"",""label"":""魚""}],""continuity"":{""recurring_entities"":[""e01"",""e03"",""e04"",""e07""]},""scenes"":[{""id"":""p013_s01"",""setting"":""溪流"",""time"":""未明示"",""mood"":""平靜"",""entities"":[""e01"",""e02"",""e03"",""e04""],""actions"":[""前行""],""focus"":[""詩人"",""花樹"",""前行""]},{""id"":""p013_s02"",""setting"":""溪流"",""time"":""未明示"",""mood"":""平靜"",""entities"":[""e03"",""e04""],""actions"":[""前行""],""focus"":[""前行""]},{""id"":""p013_s03"",""setting"":""森林"",""time"":""未明示"",""mood"":""安靜"",""entities"":[""e05"",""e06"",""e07""],""actions"":[],""focus"":[""松樹"",""石陣""]},{""id"":""p013_s04"",""setting"":""未明示"",""time"":""未明示"",""mood"":""平靜"",""entities"":[""e08""],""actions"":[],""focus"":[""青草""]},{""id"":""p013_s05"",""setting"":""溪流"",""time"":""未明示"",""mood"":""愉快"",""entities"":[""e01"",""e03""],""actions"":[],""focus"":[""詩人""]},{""id"":""p013_s06"",""setting"":""溪流"",""time"":""未明示"",""mood"":""悠閒"",""entities"":[""e09"",""e03"",""e07""],""actions"":[],""focus"":[""魚"",""石陣""]}]}",依各 Scene 視覺計畫,"p013_s01｜場景：溪流｜畫面核心：詩人、花樹、前行｜動作：前行｜情緒：平靜｜出現：詩人、花樹、溪流、古道
p013_s02｜場景：溪流｜畫面核心：前行｜動作：前行｜情緒：平靜｜出現：溪流、古道
p013_s03｜場景：森林｜畫面核心：松樹、石陣｜情緒：安靜｜出現：松樹、森林、石陣
p013_s04｜場景：未明示｜畫面核心：青草｜情緒：平靜｜出現：青草
p013_s05｜場景：溪流｜畫面核心：詩人｜情緒：愉快｜出現：詩人、溪流
p013_s06｜場景：溪流｜畫面核心：魚、石陣｜情緒：悠閒｜出現：魚、溪流、石陣","人物｜詩人
植物｜花樹
場景｜溪流
場景｜古道
植物｜松樹
場景｜森林
物件｜石陣
植物｜青草
動物｜魚",重複元素：詩人、溪流、古道、石陣
14,王維,五言古詩,渭川田家,"斜陽照墟落，窮巷牛羊歸。
野老念牧童，倚杖候荊扉。
雉雊麥苗秀，蠶眠桑葉稀。
田夫荷鋤至，相見語依依。
即此羨閑逸，悵然吟式微。","夕陽照著小村子，巷子盡頭的牛羊都回家了。
老人惦記著放牧的孩子，拄著拐杖在柴門口等候。
野雞在長高的麥田裡叫，桑葉被蠶吃得越來越少。
農夫扛著鋤頭回來，遇見鄰居就親切地聊上幾句。
看到這麼悠閒的農家生活，我很羨慕，也感嘆自己不能留下。",3,8,visual_plan_v1,draft,"{""v"":""visual_plan_v1"",""entities"":[{""id"":""e01"",""type"":""animal"",""label"":""牛""},{""id"":""e02"",""type"":""location"",""label"":""村莊""},{""id"":""e03"",""type"":""object"",""label"":""太陽""},{""id"":""e04"",""type"":""character"",""label"":""童子""},{""id"":""e05"",""type"":""character"",""label"":""老人""},{""id"":""e06"",""type"":""object"",""label"":""柴門""},{""id"":""e07"",""type"":""location"",""label"":""田野""},{""id"":""e08"",""type"":""character"",""label"":""農夫""},{""id"":""e09"",""type"":""plant"",""label"":""荷花""},{""id"":""e10"",""type"":""character"",""label"":""詩人""}],""continuity"":{""recurring_entities"":[""e07""]},""scenes"":[{""id"":""p014_s01"",""setting"":""村莊"",""time"":""黃昏"",""mood"":""平靜"",""entities"":[""e01"",""e02"",""e03""],""actions"":[],""focus"":[""牛"",""太陽""]},{""id"":""p014_s02"",""setting"":""未明示"",""time"":""未明示"",""mood"":""平靜"",""entities"":[""e04"",""e05"",""e06""],""actions"":[""等待""],""focus"":[""童子"",""老人"",""柴門"",""等待""]},{""id"":""p014_s03"",""setting"":""田野"",""time"":""未明示"",""mood"":""平靜"",""entities"":[""e07""],""actions"":[],""focus"":[]},{""id"":""p014_s04"",""setting"":""田野"",""time"":""未明示"",""mood"":""平靜"",""entities"":[""e08"",""e09"",""e07""],""actions"":[],""focus"":[""農夫"",""荷花""]},{""id"":""p014_s05"",""setting"":""未明示"",""time"":""未明示"",""mood"":""悠閒"",""entities"":[""e10""],""actions"":[""看望""],""focus"":[""詩人"",""看望""]}]}",依各 Scene 視覺計畫,"p014_s01｜場景：村莊｜時間：黃昏｜畫面核心：牛、太陽｜情緒：平靜｜出現：牛、村莊、太陽
p014_s02｜場景：未明示｜畫面核心：童子、老人、柴門、等待｜動作：等待｜情緒：平靜｜出現：童子、老人、柴門
p014_s03｜場景：田野｜畫面核心：｜情緒：平靜｜出現：田野
p014_s04｜場景：田野｜畫面核心：農夫、荷花｜情緒：平靜｜出現：農夫、荷花、田野
p014_s05｜場景：未明示｜畫面核心：詩人、看望｜動作：看望｜情緒：悠閒｜出現：詩人","動物｜牛
場景｜村莊
物件｜太陽
人物｜童子
人物｜老人
物件｜柴門
場景｜田野
人物｜農夫
植物｜荷花
人物｜詩人",重複元素：田野
15,王維,五言古詩,西施詠,"豔色天下重，西施寧久微。
朝乃越溪女，暮作吳宮妃。
賤日豈殊眾，貴來方悟稀。
邀人傅香粉，不自著羅衣。
君寵益嬌態，君憐無是非。
當時浣紗伴，莫得同車歸。
持謝鄰家子，效顰安可希！","美麗的容貌人人看重，像西施這樣的美人怎會一直沒人發現？
早上她還只是溪邊洗衣的女孩，晚上就成了吳王宮中的妃子。
身分低微時大家覺得她普通，富貴後才突然發現她很特別。
有人替她抹香粉，連漂亮衣服都有人幫她穿。
君王越寵愛她，她越顯得嬌貴，做什麼似乎都有人包容。
以前一起洗衣的朋友，再也不能和她同車來往。
所以不要只學別人的樣子，硬要模仿並不一定能得到同樣結果。",3,9,visual_plan_v1,draft,"{""v"":""visual_plan_v1"",""entities"":[{""id"":""e01"",""type"":""character"",""label"":""女子""},{""id"":""e02"",""type"":""location"",""label"":""溪流""},{""id"":""e03"",""type"":""location"",""label"":""宮中""},{""id"":""e04"",""type"":""character"",""label"":""朋友""}],""continuity"":{""recurring_entities"":[""e04""]},""scenes"":[{""id"":""p015_s01"",""setting"":""未明示"",""time"":""未明示"",""mood"":""平靜"",""entities"":[""e01""],""actions"":[""看望""],""focus"":[""女子"",""看望""]},{""id"":""p015_s02"",""setting"":""溪流"",""time"":""黃昏"",""mood"":""平靜"",""entities"":[""e02"",""e03""],""actions"":[],""focus"":[]},{""id"":""p015_s03"",""setting"":""未明示"",""time"":""未明示"",""mood"":""平靜"",""entities"":[],""actions"":[],""focus"":[]},{""id"":""p015_s04"",""setting"":""未明示"",""time"":""未明示"",""mood"":""平靜"",""entities"":[],""actions"":[],""focus"":[]},{""id"":""p015_s05"",""setting"":""未明示"",""time"":""未明示"",""mood"":""平靜"",""entities"":[""e04""],""actions"":[],""focus"":[""朋友""]},{""id"":""p015_s06"",""setting"":""未明示"",""time"":""未明示"",""mood"":""平靜"",""entities"":[""e04""],""actions"":[],""focus"":[""朋友""]},{""id"":""p015_s07"",""setting"":""未明示"",""time"":""未明示"",""mood"":""平靜"",""entities"":[],""actions"":[],""focus"":[]}]}",依各 Scene 視覺計畫,"p015_s01｜場景：未明示｜畫面核心：女子、看望｜動作：看望｜情緒：平靜｜出現：女子
p015_s02｜場景：溪流｜時間：黃昏｜畫面核心：｜情緒：平靜｜出現：溪流、宮中
p015_s03｜場景：未明示｜畫面核心：｜情緒：平靜
p015_s04｜場景：未明示｜畫面核心：｜情緒：平靜
p015_s05｜場景：未明示｜畫面核心：朋友｜情緒：平靜｜出現：朋友
p015_s06｜場景：未明示｜畫面核心：朋友｜情緒：平靜｜出現：朋友
p015_s07｜場景：未明示｜畫面核心：｜情緒：平靜","人物｜女子
場景｜溪流
場景｜宮中
人物｜朋友",重複元素：朋友
16,孟浩然,五言古詩,秋登蘭山寄張五,"北山白雲裏，隱者自怡悅。
相望試登高，心飛逐鳥滅。
愁因薄暮起，興是清秋發。
時見歸村人，沙行渡頭歇。
天邊樹若薺，江畔舟如月。
何當載酒來，共醉重陽節。","北山被白雲圍繞，我這個隱居的人看了心情很愉快。
為了遠望朋友所在的方向，我登上高處，心思像飛鳥一樣飛遠。
傍晚來臨時有些愁意，但清爽的秋天也讓人興致很好。
不時看見村民回家，有人在沙灘上走，也有人在渡口休息。
遠方的樹小得像野菜，江邊的船彎彎地像月亮。
真希望你帶著酒來，我們一起在重陽節痛快相聚。",3,8,visual_plan_v1,draft,"{""v"":""visual_plan_v1"",""entities"":[{""id"":""e01"",""type"":""character"",""label"":""詩人""},{""id"":""e02"",""type"":""object"",""label"":""雲""},{""id"":""e03"",""type"":""character"",""label"":""朋友""},{""id"":""e04"",""type"":""animal"",""label"":""鳥""},{""id"":""e05"",""type"":""location"",""label"":""村莊""},{""id"":""e06"",""type"":""plant"",""label"":""樹木""},{""id"":""e07"",""type"":""location"",""label"":""江邊""},{""id"":""e08"",""type"":""location"",""label"":""船上""},{""id"":""e09"",""type"":""object"",""label"":""月亮""},{""id"":""e10"",""type"":""object"",""label"":""小船""},{""id"":""e11"",""type"":""object"",""label"":""酒""}],""continuity"":{""recurring_entities"":[""e01""]},""scenes"":[{""id"":""p016_s01"",""setting"":""未明示"",""time"":""未明示"",""mood"":""平靜"",""entities"":[""e01"",""e02""],""actions"":[""看望""],""focus"":[""詩人"",""雲"",""看望""]},{""id"":""p016_s02"",""setting"":""未明示"",""time"":""未明示"",""mood"":""平靜"",""entities"":[""e01"",""e03"",""e04""],""actions"":[""看望"",""前行""],""focus"":[""詩人"",""朋友"",""鳥"",""看望"",""前行""]},{""id"":""p016_s03"",""setting"":""未明示"",""time"":""黃昏"",""mood"":""平靜"",""entities"":[],""actions"":[],""focus"":[]},{""id"":""p016_s04"",""setting"":""村莊"",""time"":""未明示"",""mood"":""平靜"",""entities"":[""e05""],""actions"":[""看望"",""前行""],""focus"":[""看望"",""前行""]},{""id"":""p016_s05"",""setting"":""江邊"",""time"":""未明示"",""mood"":""平靜"",""entities"":[""e06"",""e07"",""e08"",""e09"",""e10""],""actions"":[],""focus"":[""樹木"",""月亮"",""小船""]},{""id"":""p016_s06"",""setting"":""未明示"",""time"":""未明示"",""mood"":""平靜"",""entities"":[""e01"",""e11""],""actions"":[""看望"",""飲酒""],""focus"":[""詩人"",""酒"",""看望"",""飲酒""]}]}",依各 Scene 視覺計畫,"p016_s01｜場景：未明示｜畫面核心：詩人、雲、看望｜動作：看望｜情緒：平靜｜出現：詩人、雲
p016_s02｜場景：未明示｜畫面核心：詩人、朋友、鳥、看望、前行｜動作：看望、前行｜情緒：平靜｜出現：詩人、朋友、鳥
p016_s03｜場景：未明示｜時間：黃昏｜畫面核心：｜情緒：平靜
p016_s04｜場景：村莊｜畫面核心：看望、前行｜動作：看望、前行｜情緒：平靜｜出現：村莊
p016_s05｜場景：江邊｜畫面核心：樹木、月亮、小船｜情緒：平靜｜出現：樹木、江邊、船上、月亮、小船
p016_s06｜場景：未明示｜畫面核心：詩人、酒、看望、飲酒｜動作：看望、飲酒｜情緒：平靜｜出現：詩人、酒","人物｜詩人
物件｜雲
人物｜朋友
動物｜鳥
場景｜村莊
植物｜樹木
場景｜江邊
場景｜船上
物件｜月亮
物件｜小船
物件｜酒",重複元素：詩人
17,孟浩然,五言古詩,夏日南亭懷辛大,"山光忽西落，池月漸東上。
散髮乘夕涼，開軒臥閑敞。
荷風送香氣，竹露滴清響。
欲取鳴琴彈，恨無知音賞。
感此懷故人，中宵勞夢想。","夕陽忽然從山邊落下，池中的月亮慢慢從東方升起。
我披散頭髮享受夜晚的涼意，打開窗戶舒服地躺著休息。
風吹荷花送來香氣，竹葉上的露水滴下清脆的聲音。
我想拿起琴來彈，卻可惜身邊沒有懂得欣賞的人。
想到這裡更加想念老朋友，到了半夜還一直夢想著相聚。",3,8,visual_plan_v1,draft,"{""v"":""visual_plan_v1"",""entities"":[{""id"":""e01"",""type"":""object"",""label"":""月亮""},{""id"":""e02"",""type"":""object"",""label"":""太陽""},{""id"":""e03"",""type"":""character"",""label"":""詩人""},{""id"":""e04"",""type"":""location"",""label"":""房間""},{""id"":""e05"",""type"":""object"",""label"":""窗戶""},{""id"":""e06"",""type"":""plant"",""label"":""竹子""},{""id"":""e07"",""type"":""plant"",""label"":""花樹""},{""id"":""e08"",""type"":""plant"",""label"":""荷花""},{""id"":""e09"",""type"":""object"",""label"":""風""},{""id"":""e10"",""type"":""object"",""label"":""露水""},{""id"":""e11"",""type"":""object"",""label"":""古琴""},{""id"":""e12"",""type"":""character"",""label"":""朋友""}],""continuity"":{""recurring_entities"":[""e03""]},""scenes"":[{""id"":""p017_s01"",""setting"":""未明示"",""time"":""黃昏"",""mood"":""平靜"",""entities"":[""e01"",""e02""],""actions"":[],""focus"":[""月亮"",""太陽""]},{""id"":""p017_s02"",""setting"":""房間"",""time"":""夜晚"",""mood"":""愉快"",""entities"":[""e03"",""e04"",""e05""],""actions"":[],""focus"":[""詩人"",""窗戶""]},{""id"":""p017_s03"",""setting"":""未明示"",""time"":""未明示"",""mood"":""平靜"",""entities"":[""e06"",""e07"",""e08"",""e09"",""e10""],""actions"":[],""focus"":[""竹子"",""花樹"",""荷花"",""風"",""露水""]},{""id"":""p017_s04"",""setting"":""未明示"",""time"":""未明示"",""mood"":""感傷"",""entities"":[""e03"",""e11""],""actions"":[],""focus"":[""詩人"",""古琴""]},{""id"":""p017_s05"",""setting"":""未明示"",""time"":""夜晚"",""mood"":""思念"",""entities"":[""e12""],""actions"":[""思念""],""focus"":[""朋友"",""思念""]}]}",依各 Scene 視覺計畫,"p017_s01｜場景：未明示｜時間：黃昏｜畫面核心：月亮、太陽｜情緒：平靜｜出現：月亮、太陽
p017_s02｜場景：房間｜時間：夜晚｜畫面核心：詩人、窗戶｜情緒：愉快｜出現：詩人、房間、窗戶
p017_s03｜場景：未明示｜畫面核心：竹子、花樹、荷花、風、露水｜情緒：平靜｜出現：竹子、花樹、荷花、風、露水
p017_s04｜場景：未明示｜畫面核心：詩人、古琴｜情緒：感傷｜出現：詩人、古琴
p017_s05｜場景：未明示｜時間：夜晚｜畫面核心：朋友、思念｜動作：思念｜情緒：思念｜出現：朋友","物件｜月亮
物件｜太陽
人物｜詩人
場景｜房間
物件｜窗戶
植物｜竹子
植物｜花樹
植物｜荷花
物件｜風
物件｜露水
物件｜古琴
人物｜朋友",重複元素：詩人
18,孟浩然,五言古詩,宿業師山房待丁大不至,"夕陽度西嶺，群壑倏已暝。
松月生夜涼，風泉滿清聽。
樵人歸欲盡，煙鳥棲初定。
之子期宿來，孤琴候蘿徑。","夕陽越過西邊山嶺，山谷很快就變暗了。
月光從松林間升起帶來涼意，風聲和泉水聲聽起來很清亮。
砍柴的人幾乎都回家了，林間的鳥也開始安靜棲息。
我等著約好來住宿的朋友，只能抱著琴守候在長滿藤蘿的小路旁。",3,8,visual_plan_v1,draft,"{""v"":""visual_plan_v1"",""entities"":[{""id"":""e01"",""type"":""location"",""label"":""山谷""},{""id"":""e02"",""type"":""object"",""label"":""太陽""},{""id"":""e03"",""type"":""plant"",""label"":""松樹""},{""id"":""e04"",""type"":""location"",""label"":""森林""},{""id"":""e05"",""type"":""object"",""label"":""月亮""},{""id"":""e06"",""type"":""object"",""label"":""風""},{""id"":""e07"",""type"":""animal"",""label"":""鳥""},{""id"":""e08"",""type"":""character"",""label"":""詩人""},{""id"":""e09"",""type"":""character"",""label"":""朋友""},{""id"":""e10"",""type"":""location"",""label"":""古道""},{""id"":""e11"",""type"":""object"",""label"":""古琴""}],""continuity"":{""recurring_entities"":[]},""scenes"":[{""id"":""p018_s01"",""setting"":""山谷"",""time"":""黃昏"",""mood"":""平靜"",""entities"":[""e01"",""e02""],""actions"":[],""focus"":[""太陽""]},{""id"":""p018_s02"",""setting"":""森林"",""time"":""夜晚"",""mood"":""平靜"",""entities"":[""e03"",""e04"",""e05"",""e06""],""actions"":[""聆聽""],""focus"":[""松樹"",""月亮"",""風"",""聆聽""]},{""id"":""p018_s03"",""setting"":""未明示"",""time"":""未明示"",""mood"":""安靜"",""entities"":[""e07""],""actions"":[],""focus"":[""鳥""]},{""id"":""p018_s04"",""setting"":""古道"",""time"":""未明示"",""mood"":""平靜"",""entities"":[""e08"",""e09"",""e10"",""e11""],""actions"":[""等待""],""focus"":[""詩人"",""朋友"",""古琴"",""等待""]}]}",依各 Scene 視覺計畫,"p018_s01｜場景：山谷｜時間：黃昏｜畫面核心：太陽｜情緒：平靜｜出現：山谷、太陽
p018_s02｜場景：森林｜時間：夜晚｜畫面核心：松樹、月亮、風、聆聽｜動作：聆聽｜情緒：平靜｜出現：松樹、森林、月亮、風
p018_s03｜場景：未明示｜畫面核心：鳥｜情緒：安靜｜出現：鳥
p018_s04｜場景：古道｜畫面核心：詩人、朋友、古琴、等待｜動作：等待｜情緒：平靜｜出現：詩人、朋友、古道、古琴","場景｜山谷
物件｜太陽
植物｜松樹
場景｜森林
物件｜月亮
物件｜風
動物｜鳥
人物｜詩人
人物｜朋友
場景｜古道
物件｜古琴",
19,王昌齡,五言古詩,同從弟南齋翫月憶山陰崔少府,"高臥南齋時，開帷月初吐。
清輝澹水木，演漾在窗戶。
苒苒幾盈虛，澄澄變今古。
美人清江畔，是夜越吟苦。
千里其如何，微風吹蘭杜。","我在南齋安靜休息時，拉開窗簾正看見月亮升起。
清亮的月光淡淡照著水面和樹木，也映到窗戶裡。
月亮一次次圓了又缺，清澈的月光從古到今都沒有改變。
我想起清江邊的那位朋友，他今晚也許正吟詩思念遠方。
雖然相隔千里，只希望微風能把我的思念帶過去。",3,8,visual_plan_v1,draft,"{""v"":""visual_plan_v1"",""entities"":[{""id"":""e01"",""type"":""character"",""label"":""詩人""},{""id"":""e02"",""type"":""location"",""label"":""房間""},{""id"":""e03"",""type"":""object"",""label"":""月亮""},{""id"":""e04"",""type"":""object"",""label"":""窗戶""},{""id"":""e05"",""type"":""plant"",""label"":""樹木""},{""id"":""e06"",""type"":""character"",""label"":""朋友""},{""id"":""e07"",""type"":""location"",""label"":""江邊""},{""id"":""e08"",""type"":""object"",""label"":""風""}],""continuity"":{""recurring_entities"":[""e01"",""e02"",""e03"",""e04""]},""scenes"":[{""id"":""p019_s01"",""setting"":""房間"",""time"":""未明示"",""mood"":""安靜"",""entities"":[""e01"",""e02"",""e03"",""e04""],""actions"":[""看望""],""focus"":[""詩人"",""月亮"",""窗戶"",""看望""]},{""id"":""p019_s02"",""setting"":""房間"",""time"":""夜晚"",""mood"":""平靜"",""entities"":[""e05"",""e02"",""e03"",""e04""],""actions"":[],""focus"":[""樹木"",""月亮"",""窗戶""]},{""id"":""p019_s03"",""setting"":""未明示"",""time"":""夜晚"",""mood"":""平靜"",""entities"":[""e03""],""actions"":[],""focus"":[""月亮""]},{""id"":""p019_s04"",""setting"":""江邊"",""time"":""夜晚"",""mood"":""思念"",""entities"":[""e01"",""e06"",""e07""],""actions"":[],""focus"":[""詩人"",""朋友""]},{""id"":""p019_s05"",""setting"":""未明示"",""time"":""未明示"",""mood"":""思念"",""entities"":[""e01"",""e08""],""actions"":[""看望"",""前行""],""focus"":[""詩人"",""風"",""看望"",""前行""]}]}",依各 Scene 視覺計畫,"p019_s01｜場景：房間｜畫面核心：詩人、月亮、窗戶、看望｜動作：看望｜情緒：安靜｜出現：詩人、房間、月亮、窗戶
p019_s02｜場景：房間｜時間：夜晚｜畫面核心：樹木、月亮、窗戶｜情緒：平靜｜出現：樹木、房間、月亮、窗戶
p019_s03｜場景：未明示｜時間：夜晚｜畫面核心：月亮｜情緒：平靜｜出現：月亮
p019_s04｜場景：江邊｜時間：夜晚｜畫面核心：詩人、朋友｜情緒：思念｜出現：詩人、朋友、江邊
p019_s05｜場景：未明示｜畫面核心：詩人、風、看望、前行｜動作：看望、前行｜情緒：思念｜出現：詩人、風","人物｜詩人
場景｜房間
物件｜月亮
物件｜窗戶
植物｜樹木
人物｜朋友
場景｜江邊
物件｜風",重複元素：詩人、房間、月亮、窗戶
20,丘為,五言古詩,尋西山隱者不遇,"絕頂一茅茨，直上三十里。
扣關無僮僕，窺室唯案几。
若非巾柴車，應是釣秋水。
差池不相見，黽勉空仰止。
草色新雨中，松聲晚牕裏。
及茲契幽絕，自足蕩心耳。
雖無賓主意，頗得清淨理。
興盡方下山，何必待之子。","山頂只有一間小茅屋，我走了三十里山路才到。
敲門沒有童僕回應，從窗裡看也只見桌椅空著。
主人如果不是坐著柴車出門，大概就是到秋水邊釣魚了。
可惜我們沒有碰上，我只好努力仰望並想像他的風采。
新雨後草色特別青，傍晚窗外傳來陣陣松濤聲。
來到這麼幽靜的地方，我的心和耳朵都覺得清爽舒暢。
雖然沒有見到主人聊天，卻也從安靜山林中體會到平靜。
興致盡了我才下山，其實也不一定非得等到主人回來。",1,9,visual_plan_v1,draft,"{""v"":""visual_plan_v1"",""entities"":[{""id"":""e01"",""type"":""character"",""label"":""詩人""},{""id"":""e02"",""type"":""location"",""label"":""山中""},{""id"":""e03"",""type"":""location"",""label"":""房間""},{""id"":""e04"",""type"":""location"",""label"":""古道""},{""id"":""e05"",""type"":""location"",""label"":""關塞""},{""id"":""e06"",""type"":""object"",""label"":""窗戶""},{""id"":""e07"",""type"":""animal"",""label"":""魚""},{""id"":""e08"",""type"":""object"",""label"":""風""},{""id"":""e09"",""type"":""plant"",""label"":""青草""},{""id"":""e10"",""type"":""plant"",""label"":""松樹""},{""id"":""e11"",""type"":""object"",""label"":""雨""},{""id"":""e12"",""type"":""location"",""label"":""森林""}],""continuity"":{""recurring_entities"":[""e01"",""e03"",""e06""]},""scenes"":[{""id"":""p020_s01"",""setting"":""山中"",""time"":""未明示"",""mood"":""平靜"",""entities"":[""e01"",""e02"",""e03"",""e04""],""actions"":[""前行""],""focus"":[""詩人"",""前行""]},{""id"":""p020_s02"",""setting"":""房間"",""time"":""未明示"",""mood"":""平靜"",""entities"":[""e03"",""e05"",""e06""],""actions"":[""看望""],""focus"":[""窗戶"",""看望""]},{""id"":""p020_s03"",""setting"":""未明示"",""time"":""秋天"",""mood"":""平靜"",""entities"":[""e07""],""actions"":[],""focus"":[""魚""]},{""id"":""p020_s04"",""setting"":""未明示"",""time"":""未明示"",""mood"":""感傷"",""entities"":[""e01"",""e08""],""actions"":[""看望""],""focus"":[""詩人"",""風"",""看望""]},{""id"":""p020_s05"",""setting"":""房間"",""time"":""未明示"",""mood"":""平靜"",""entities"":[""e09"",""e10"",""e03"",""e11"",""e06""],""actions"":[],""focus"":[""青草"",""松樹"",""雨"",""窗戶""]},{""id"":""p020_s06"",""setting"":""未明示"",""time"":""未明示"",""mood"":""安靜"",""entities"":[""e01""],""actions"":[],""focus"":[""詩人""]},{""id"":""p020_s07"",""setting"":""森林"",""time"":""未明示"",""mood"":""安靜"",""entities"":[""e12""],""actions"":[],""focus"":[]},{""id"":""p020_s08"",""setting"":""未明示"",""time"":""未明示"",""mood"":""平靜"",""entities"":[""e01""],""actions"":[],""focus"":[""詩人""]}]}",依各 Scene 視覺計畫,"p020_s01｜場景：山中｜畫面核心：詩人、前行｜動作：前行｜情緒：平靜｜出現：詩人、山中、房間、古道
p020_s02｜場景：房間｜畫面核心：窗戶、看望｜動作：看望｜情緒：平靜｜出現：房間、關塞、窗戶
p020_s03｜場景：未明示｜時間：秋天｜畫面核心：魚｜情緒：平靜｜出現：魚
p020_s04｜場景：未明示｜畫面核心：詩人、風、看望｜動作：看望｜情緒：感傷｜出現：詩人、風
p020_s05｜場景：房間｜畫面核心：青草、松樹、雨、窗戶｜情緒：平靜｜出現：青草、松樹、房間、雨、窗戶
p020_s06｜場景：未明示｜畫面核心：詩人｜情緒：安靜｜出現：詩人
p020_s07｜場景：森林｜畫面核心：｜情緒：安靜｜出現：森林
p020_s08｜場景：未明示｜畫面核心：詩人｜情緒：平靜｜出現：詩人","人物｜詩人
場景｜山中
場景｜房間
場景｜古道
場景｜關塞
物件｜窗戶
動物｜魚
物件｜風
植物｜青草
植物｜松樹
物件｜雨
場景｜森林",重複元素：詩人、房間、窗戶
21,綦毋潛,五言古詩,春泛若耶溪,"幽意無斷絕，此去隨所偶。
晚風吹行舟，花路入溪口。
際夜轉西壑，隔山望南斗。
潭煙飛溶溶，林月低向後。
生事且彌漫，願爲持竿叟。","我想尋找幽靜的樂趣，就讓小船隨著水勢自在前進。
晚風吹著小船，兩岸花木一路陪我進入溪口。
天色漸晚，小船轉進西邊山谷，隔著山還能看見南斗星。
潭上的霧氣輕輕飄動，林間月亮看起來越來越低。
世事讓人覺得迷茫，我真希望成為一個自在釣魚的老人。",1,9,visual_plan_v1,draft,"{""v"":""visual_plan_v1"",""entities"":[{""id"":""e01"",""type"":""character"",""label"":""詩人""},{""id"":""e02"",""type"":""location"",""label"":""船上""},{""id"":""e03"",""type"":""object"",""label"":""小船""},{""id"":""e04"",""type"":""plant"",""label"":""花樹""},{""id"":""e05"",""type"":""location"",""label"":""溪流""},{""id"":""e06"",""type"":""location"",""label"":""古道""},{""id"":""e07"",""type"":""object"",""label"":""風""},{""id"":""e08"",""type"":""location"",""label"":""山谷""},{""id"":""e09"",""type"":""object"",""label"":""月亮""},{""id"":""e10"",""type"":""character"",""label"":""老人""},{""id"":""e11"",""type"":""animal"",""label"":""魚""}],""continuity"":{""recurring_entities"":[""e01"",""e02"",""e03""]},""scenes"":[{""id"":""p021_s01"",""setting"":""船上"",""time"":""未明示"",""mood"":""安靜"",""entities"":[""e01"",""e02"",""e03""],""actions"":[],""focus"":[""詩人"",""小船""]},{""id"":""p021_s02"",""setting"":""溪流"",""time"":""未明示"",""mood"":""平靜"",""entities"":[""e01"",""e04"",""e05"",""e02"",""e06"",""e07"",""e03""],""actions"":[],""focus"":[""詩人"",""花樹"",""風"",""小船""]},{""id"":""p021_s03"",""setting"":""船上"",""time"":""夜晚"",""mood"":""平靜"",""entities"":[""e02"",""e08"",""e03""],""actions"":[""看望""],""focus"":[""小船"",""看望""]},{""id"":""p021_s04"",""setting"":""未明示"",""time"":""未明示"",""mood"":""平靜"",""entities"":[""e09""],""actions"":[""看望""],""focus"":[""月亮"",""看望""]},{""id"":""p021_s05"",""setting"":""未明示"",""time"":""未明示"",""mood"":""悠閒"",""entities"":[""e01"",""e10"",""e11""],""actions"":[""看望""],""focus"":[""詩人"",""老人"",""魚"",""看望""]}]}",依各 Scene 視覺計畫,"p021_s01｜場景：船上｜畫面核心：詩人、小船｜情緒：安靜｜出現：詩人、船上、小船
p021_s02｜場景：溪流｜畫面核心：詩人、花樹、風、小船｜情緒：平靜｜出現：詩人、花樹、溪流、船上、古道、風、小船
p021_s03｜場景：船上｜時間：夜晚｜畫面核心：小船、看望｜動作：看望｜情緒：平靜｜出現：船上、山谷、小船
p021_s04｜場景：未明示｜畫面核心：月亮、看望｜動作：看望｜情緒：平靜｜出現：月亮
p021_s05｜場景：未明示｜畫面核心：詩人、老人、魚、看望｜動作：看望｜情緒：悠閒｜出現：詩人、老人、魚","人物｜詩人
場景｜船上
物件｜小船
植物｜花樹
場景｜溪流
場景｜古道
物件｜風
場景｜山谷
物件｜月亮
人物｜老人
動物｜魚",重複元素：詩人、船上、小船
22,常建,五言古詩,宿王昌齡隱居,"清溪深不測，隱處唯孤雲。
松際露微月，清光猶爲君。
茅亭宿花影，藥院滋苔紋。
余亦謝時去，西山鸞鶴羣。","清溪幽深得看不到底，朋友隱居的地方只有孤雲相伴。
松樹間露出一點月亮，清清月光好像特別為你照亮。
茅亭旁停著花影，種藥草的院子裡長滿濕潤的青苔。
我也想告別忙亂的世俗，到西山和自由的鳥兒一起生活。",1,9,visual_plan_v1,draft,"{""v"":""visual_plan_v1"",""entities"":[{""id"":""e01"",""type"":""character"",""label"":""朋友""},{""id"":""e02"",""type"":""location"",""label"":""溪流""},{""id"":""e03"",""type"":""object"",""label"":""雲""},{""id"":""e04"",""type"":""plant"",""label"":""松樹""},{""id"":""e05"",""type"":""plant"",""label"":""樹木""},{""id"":""e06"",""type"":""object"",""label"":""月亮""},{""id"":""e07"",""type"":""object"",""label"":""露水""},{""id"":""e08"",""type"":""plant"",""label"":""青草""},{""id"":""e09"",""type"":""plant"",""label"":""花樹""},{""id"":""e10"",""type"":""location"",""label"":""庭院""},{""id"":""e11"",""type"":""character"",""label"":""詩人""},{""id"":""e12"",""type"":""animal"",""label"":""鳥""},{""id"":""e13"",""type"":""animal"",""label"":""鶴""}],""continuity"":{""recurring_entities"":[]},""scenes"":[{""id"":""p022_s01"",""setting"":""溪流"",""time"":""未明示"",""mood"":""平靜"",""entities"":[""e01"",""e02"",""e03""],""actions"":[""看望""],""focus"":[""朋友"",""雲"",""看望""]},{""id"":""p022_s02"",""setting"":""未明示"",""time"":""夜晚"",""mood"":""平靜"",""entities"":[""e04"",""e05"",""e06"",""e07""],""actions"":[],""focus"":[""松樹"",""樹木"",""月亮"",""露水""]},{""id"":""p022_s03"",""setting"":""庭院"",""time"":""未明示"",""mood"":""平靜"",""entities"":[""e08"",""e09"",""e10""],""actions"":[],""focus"":[""青草"",""花樹""]},{""id"":""p022_s04"",""setting"":""未明示"",""time"":""未明示"",""mood"":""平靜"",""entities"":[""e11"",""e12"",""e13""],""actions"":[],""focus"":[""詩人"",""鳥"",""鶴""]}]}",依各 Scene 視覺計畫,"p022_s01｜場景：溪流｜畫面核心：朋友、雲、看望｜動作：看望｜情緒：平靜｜出現：朋友、溪流、雲
p022_s02｜場景：未明示｜時間：夜晚｜畫面核心：松樹、樹木、月亮、露水｜情緒：平靜｜出現：松樹、樹木、月亮、露水
p022_s03｜場景：庭院｜畫面核心：青草、花樹｜情緒：平靜｜出現：青草、花樹、庭院
p022_s04｜場景：未明示｜畫面核心：詩人、鳥、鶴｜情緒：平靜｜出現：詩人、鳥、鶴","人物｜朋友
場景｜溪流
物件｜雲
植物｜松樹
植物｜樹木
物件｜月亮
物件｜露水
植物｜青草
植物｜花樹
場景｜庭院
人物｜詩人
動物｜鳥
動物｜鶴",
23,岑參,五言古詩,與高適薛據登慈恩寺浮圖,"塔勢如湧出，孤高聳天宮。
登臨出世界，磴道盤虛空。
突兀壓神州，崢嶸如鬼工。
四角礙白日，七層摩蒼穹。
下窺指高鳥，俯聽聞驚風。
連山若波濤，奔湊如朝東。
青槐夾馳道，宮館何玲瓏。
秋色從西來，蒼然滿關中。
五陵北原上，萬古青濛濛。
淨理了可悟，勝因夙所宗。
誓將挂冠去，覺道資無窮。","高塔像從地面突然湧出，孤單又高高聳向天空。
登塔之後像離開了平常世界，石階盤旋在半空中。
雄偉的塔彷彿壓住整片大地，樣子奇特得像神工打造。
塔的四角高得像擋住太陽，七層塔頂幾乎碰到天空。
從上往下看，連高飛的鳥都像在腳下，還能聽見強風吹過。
遠方連綿山嶺像一層層波浪，一起朝東方延伸。
青槐排列在大道兩旁，遠處宮殿精巧美麗。
秋天的景色從西方而來，整個關中大地都帶著蒼茫秋意。
北方原野和古老陵墓一帶，千百年來都籠罩著青濛濛景色。
站在高處，我好像更能明白清靜深遠的道理。
真想辭去官職，專心追求讓心靈自在的生活。",3,9,visual_plan_v1,draft,"{""v"":""visual_plan_v1"",""entities"":[{""id"":""e01"",""type"":""location"",""label"":""宮中""},{""id"":""e02"",""type"":""object"",""label"":""石陣""},{""id"":""e03"",""type"":""object"",""label"":""太陽""},{""id"":""e04"",""type"":""animal"",""label"":""鳥""},{""id"":""e05"",""type"":""object"",""label"":""風""},{""id"":""e06"",""type"":""location"",""label"":""關塞""},{""id"":""e07"",""type"":""location"",""label"":""田野""},{""id"":""e08"",""type"":""character"",""label"":""詩人""}],""continuity"":{""recurring_entities"":[""e01""]},""scenes"":[{""id"":""p023_s01"",""setting"":""宮中"",""time"":""未明示"",""mood"":""孤寂"",""entities"":[""e01""],""actions"":[],""focus"":[]},{""id"":""p023_s02"",""setting"":""未明示"",""time"":""未明示"",""mood"":""平靜"",""entities"":[""e02""],""actions"":[""前行""],""focus"":[""石陣"",""前行""]},{""id"":""p023_s03"",""setting"":""未明示"",""time"":""未明示"",""mood"":""平靜"",""entities"":[],""actions"":[],""focus"":[]},{""id"":""p023_s04"",""setting"":""未明示"",""time"":""未明示"",""mood"":""平靜"",""entities"":[""e03""],""actions"":[],""focus"":[""太陽""]},{""id"":""p023_s05"",""setting"":""未明示"",""time"":""未明示"",""mood"":""平靜"",""entities"":[""e04"",""e05""],""actions"":[""看望"",""聆聽""],""focus"":[""鳥"",""風"",""看望"",""聆聽""]},{""id"":""p023_s06"",""setting"":""未明示"",""time"":""未明示"",""mood"":""平靜"",""entities"":[],""actions"":[],""focus"":[]},{""id"":""p023_s07"",""setting"":""宮中"",""time"":""未明示"",""mood"":""平靜"",""entities"":[""e01""],""actions"":[],""focus"":[]},{""id"":""p023_s08"",""setting"":""關塞"",""time"":""秋天"",""mood"":""平靜"",""entities"":[""e06""],""actions"":[],""focus"":[]},{""id"":""p023_s09"",""setting"":""田野"",""time"":""未明示"",""mood"":""平靜"",""entities"":[""e07""],""actions"":[],""focus"":[]},{""id"":""p023_s10"",""setting"":""未明示"",""time"":""未明示"",""mood"":""平靜"",""entities"":[""e08""],""actions"":[],""focus"":[""詩人""]},{""id"":""p023_s11"",""setting"":""未明示"",""time"":""未明示"",""mood"":""悠閒"",""entities"":[],""actions"":[""前行""],""focus"":[""前行""]}]}",依各 Scene 視覺計畫,"p023_s01｜場景：宮中｜畫面核心：｜情緒：孤寂｜出現：宮中
p023_s02｜場景：未明示｜畫面核心：石陣、前行｜動作：前行｜情緒：平靜｜出現：石陣
p023_s03｜場景：未明示｜畫面核心：｜情緒：平靜
p023_s04｜場景：未明示｜畫面核心：太陽｜情緒：平靜｜出現：太陽
p023_s05｜場景：未明示｜畫面核心：鳥、風、看望、聆聽｜動作：看望、聆聽｜情緒：平靜｜出現：鳥、風
p023_s06｜場景：未明示｜畫面核心：｜情緒：平靜
p023_s07｜場景：宮中｜畫面核心：｜情緒：平靜｜出現：宮中
p023_s08｜場景：關塞｜時間：秋天｜畫面核心：｜情緒：平靜｜出現：關塞
p023_s09｜場景：田野｜畫面核心：｜情緒：平靜｜出現：田野
p023_s10｜場景：未明示｜畫面核心：詩人｜情緒：平靜｜出現：詩人
p023_s11｜場景：未明示｜畫面核心：前行｜動作：前行｜情緒：悠閒","場景｜宮中
物件｜石陣
物件｜太陽
動物｜鳥
物件｜風
場景｜關塞
場景｜田野
人物｜詩人",重複元素：宮中
24,元結,五言古詩,賊退示官吏,"癸卯歲，西原賊入道州，焚燒殺掠，幾盡而去。
明年，賊又攻永破邵，不犯此州邊鄙而退，豈力能制敵歟？
蓋蒙其傷憐而已！諸使何為忍苦徵歛！故作詩一篇以示官吏。

昔歲逢太平，山林二十年。
泉源在庭戶，洞壑當門前。
井稅有常期，日晏猶得眠。
忽然遭世變，數歲親戎旃。
今來典斯郡，山夷又紛然。
城小賊不屠，人貧傷可憐。
是以陷隣境，此州獨見全。
使臣將王命，豈不如賊焉。
令彼徵斂者，迫之如火煎。
誰能絕人命，以作時世賢。
思欲委符節，引竿自刺船。
將家就魚麥，歸老江湖邊。","癸卯那年，賊軍進入道州，燒房、殺人、搶東西，幾乎把地方破壞殆盡後才離開。
第二年賊軍又攻打別處，卻沒有侵犯這裡；不是我們特別強，而是連賊軍都覺得百姓太可憐。
既然連賊軍都不忍再傷害百姓，官員怎麼還忍心重重收稅？所以我寫下這首詩提醒官吏。

以前天下太平時，我在山林裡安靜生活了二十年。
家門前就有泉水和山谷，生活簡單又自在。
該繳的稅都有固定時間，日子安穩到可以安心睡晚一點。
沒想到世道忽然改變，我好幾年都親身遇見戰亂。
如今我來管理這個地方，山區又再次亂了起來。
這座城很小，賊軍沒有屠殺，因為百姓窮得讓人心疼。
鄰近地方遭到攻擊，只有這個州幸運保全下來。
奉皇命來辦事的官員，難道反而比賊軍更狠嗎？
如果還逼百姓繳很多東西，就像把他們放在火上煎一樣痛苦。
誰能為了做一個被稱讚的官，就把百姓逼到活不下去呢？
我甚至想交回官印，拿根釣竿自己划船離開。
帶著家人到有魚有糧的地方，在江湖邊安度晚年。",1,9,visual_plan_v1,draft,"{""v"":""visual_plan_v1"",""entities"":[{""id"":""e01"",""type"":""location"",""label"":""房間""},{""id"":""e02"",""type"":""character"",""label"":""詩人""},{""id"":""e03"",""type"":""location"",""label"":""庭院""},{""id"":""e04"",""type"":""location"",""label"":""山谷""},{""id"":""e05"",""type"":""location"",""label"":""城中""},{""id"":""e06"",""type"":""location"",""label"":""船上""},{""id"":""e07"",""type"":""object"",""label"":""小船""},{""id"":""e08"",""type"":""animal"",""label"":""魚""},{""id"":""e09"",""type"":""location"",""label"":""江邊""},{""id"":""e10"",""type"":""location"",""label"":""湖邊""}],""continuity"":{""recurring_entities"":[""e02""]},""scenes"":[{""id"":""p024_s01"",""setting"":""房間"",""time"":""未明示"",""mood"":""平靜"",""entities"":[""e01""],""actions"":[],""focus"":[]},{""id"":""p024_s02"",""setting"":""未明示"",""time"":""未明示"",""mood"":""平靜"",""entities"":[""e02""],""actions"":[],""focus"":[""詩人""]},{""id"":""p024_s03"",""setting"":""未明示"",""time"":""未明示"",""mood"":""平靜"",""entities"":[""e02""],""actions"":[],""focus"":[""詩人""]},{""id"":""p024_s04"",""setting"":""未明示"",""time"":""未明示"",""mood"":""平靜"",""entities"":[],""actions"":[],""focus"":[]},{""id"":""p024_s05"",""setting"":""未明示"",""time"":""未明示"",""mood"":""安靜"",""entities"":[""e02""],""actions"":[],""focus"":[""詩人""]},{""id"":""p024_s06"",""setting"":""庭院"",""time"":""未明示"",""mood"":""悠閒"",""entities"":[""e03"",""e04""],""actions"":[],""focus"":[]},{""id"":""p024_s07"",""setting"":""未明示"",""time"":""未明示"",""mood"":""平靜"",""entities"":[],""actions"":[""休息""],""focus"":[""休息""]},{""id"":""p024_s08"",""setting"":""未明示"",""time"":""未明示"",""mood"":""平靜"",""entities"":[""e02""],""actions"":[],""focus"":[""詩人""]},{""id"":""p024_s09"",""setting"":""未明示"",""time"":""未明示"",""mood"":""平靜"",""entities"":[""e02""],""actions"":[],""focus"":[""詩人""]},{""id"":""p024_s10"",""setting"":""城中"",""time"":""未明示"",""mood"":""平靜"",""entities"":[""e05""],""actions"":[],""focus"":[]},{""id"":""p024_s11"",""setting"":""未明示"",""time"":""未明示"",""mood"":""平靜"",""entities"":[],""actions"":[],""focus"":[]},{""id"":""p024_s12"",""setting"":""未明示"",""time"":""未明示"",""mood"":""平靜"",""entities"":[],""actions"":[],""focus"":[]},{""id"":""p024_s13"",""setting"":""未明示"",""time"":""未明示"",""mood"":""平靜"",""entities"":[],""actions"":[],""focus"":[]},{""id"":""p024_s14"",""setting"":""未明示"",""time"":""未明示"",""mood"":""平靜"",""entities"":[],""actions"":[""前行""],""focus"":[""前行""]},{""id"":""p024_s15"",""setting"":""船上"",""time"":""未明示"",""mood"":""平靜"",""entities"":[""e02"",""e06"",""e07""],""actions"":[],""focus"":[""詩人"",""小船""]},{""id"":""p024_s16"",""setting"":""江邊"",""time"":""未明示"",""mood"":""平靜"",""entities"":[""e08"",""e09"",""e10""],""actions"":[],""focus"":[""魚""]}]}",依各 Scene 視覺計畫,"p024_s01｜場景：房間｜畫面核心：｜情緒：平靜｜出現：房間
p024_s02｜場景：未明示｜畫面核心：詩人｜情緒：平靜｜出現：詩人
p024_s03｜場景：未明示｜畫面核心：詩人｜情緒：平靜｜出現：詩人
p024_s04｜場景：未明示｜畫面核心：｜情緒：平靜
p024_s05｜場景：未明示｜畫面核心：詩人｜情緒：安靜｜出現：詩人
p024_s06｜場景：庭院｜畫面核心：｜情緒：悠閒｜出現：庭院、山谷
p024_s07｜場景：未明示｜畫面核心：休息｜動作：休息｜情緒：平靜
p024_s08｜場景：未明示｜畫面核心：詩人｜情緒：平靜｜出現：詩人
p024_s09｜場景：未明示｜畫面核心：詩人｜情緒：平靜｜出現：詩人
p024_s10｜場景：城中｜畫面核心：｜情緒：平靜｜出現：城中
p024_s11｜場景：未明示｜畫面核心：｜情緒：平靜
p024_s12｜場景：未明示｜畫面核心：｜情緒：平靜
p024_s13｜場景：未明示｜畫面核心：｜情緒：平靜
p024_s14｜場景：未明示｜畫面核心：前行｜動作：前行｜情緒：平靜
p024_s15｜場景：船上｜畫面核心：詩人、小船｜情緒：平靜｜出現：詩人、船上、小船
p024_s16｜場景：江邊｜畫面核心：魚｜情緒：平靜｜出現：魚、江邊、湖邊","場景｜房間
人物｜詩人
場景｜庭院
場景｜山谷
場景｜城中
場景｜船上
物件｜小船
動物｜魚
場景｜江邊
場景｜湖邊",重複元素：詩人
25,韋應物,五言古詩,郡齋雨中與諸文士燕集,"兵衛森畫戟，燕寢凝清香。
海上風雨至，逍遙池閣涼。
煩疴近消散，嘉賓復滿堂。
自慙居處崇，未覩斯民康。
理會是非遣，性達形迹忘。
鮮肥屬時禁，蔬果幸見嘗。
俯飲一杯酒，仰聆金玉章。
神歡體自輕，意欲凌風翔。
吳中盛文史，羣彥今汪洋。
方知大藩地，豈曰財賦疆。","官署門前武器排列得很整齊，休息的房間裡飄著淡淡香氣。
海上風雨來到，池邊樓閣一下變得清涼舒服。
悶熱和不舒服都快消散了，好朋友們也再次坐滿屋子。
我只慚愧自己住得很好，卻還沒有看到百姓都過得安穩。
大家談得自在，把許多爭論暫時放下，也不在意拘束的禮節。
因為規定不能吃太奢華的食物，幸好還有新鮮蔬果可以品嘗。
我低頭喝一杯酒，抬頭聽朋友們朗誦像美玉般精彩的文章。
心裡一高興，整個人都覺得輕快，好像能乘風飛起。
江南一帶向來文學興盛，今天來到這裡的才子也很多。
我這才知道大地方真正珍貴的，不只是有錢，而是有這麼多人才。",3,9,visual_plan_v1,draft,"{""v"":""visual_plan_v1"",""entities"":[{""id"":""e01"",""type"":""animal"",""label"":""鳥""},{""id"":""e02"",""type"":""location"",""label"":""房間""},{""id"":""e03"",""type"":""location"",""label"":""海邊""},{""id"":""e04"",""type"":""location"",""label"":""樓台""},{""id"":""e05"",""type"":""object"",""label"":""雨""},{""id"":""e06"",""type"":""object"",""label"":""風""},{""id"":""e07"",""type"":""character"",""label"":""朋友""},{""id"":""e08"",""type"":""character"",""label"":""詩人""},{""id"":""e09"",""type"":""object"",""label"":""酒""},{""id"":""e10"",""type"":""location"",""label"":""江邊""}],""continuity"":{""recurring_entities"":[""e02"",""e06"",""e07"",""e08""]},""scenes"":[{""id"":""p025_s01"",""setting"":""房間"",""time"":""未明示"",""mood"":""平靜"",""entities"":[""e01"",""e02""],""actions"":[],""focus"":[""鳥""]},{""id"":""p025_s02"",""setting"":""海邊"",""time"":""未明示"",""mood"":""愉快"",""entities"":[""e03"",""e04"",""e05"",""e06""],""actions"":[],""focus"":[""雨"",""風""]},{""id"":""p025_s03"",""setting"":""房間"",""time"":""未明示"",""mood"":""愉快"",""entities"":[""e07"",""e02""],""actions"":[],""focus"":[""朋友""]},{""id"":""p025_s04"",""setting"":""未明示"",""time"":""未明示"",""mood"":""平靜"",""entities"":[""e08""],""actions"":[""看望""],""focus"":[""詩人"",""看望""]},{""id"":""p025_s05"",""setting"":""未明示"",""time"":""未明示"",""mood"":""悠閒"",""entities"":[],""actions"":[],""focus"":[]},{""id"":""p025_s06"",""setting"":""未明示"",""time"":""未明示"",""mood"":""平靜"",""entities"":[],""actions"":[],""focus"":[]},{""id"":""p025_s07"",""setting"":""未明示"",""time"":""未明示"",""mood"":""平靜"",""entities"":[""e08"",""e07"",""e09""],""actions"":[""聆聽"",""飲酒""],""focus"":[""詩人"",""朋友"",""酒"",""聆聽"",""飲酒""]},{""id"":""p025_s08"",""setting"":""未明示"",""time"":""未明示"",""mood"":""平靜"",""entities"":[""e06""],""actions"":[],""focus"":[""風""]},{""id"":""p025_s09"",""setting"":""江邊"",""time"":""未明示"",""mood"":""平靜"",""entities"":[""e10""],""actions"":[],""focus"":[]},{""id"":""p025_s10"",""setting"":""未明示"",""time"":""未明示"",""mood"":""平靜"",""entities"":[""e08""],""actions"":[],""focus"":[""詩人""]}]}",依各 Scene 視覺計畫,"p025_s01｜場景：房間｜畫面核心：鳥｜情緒：平靜｜出現：鳥、房間
p025_s02｜場景：海邊｜畫面核心：雨、風｜情緒：愉快｜出現：海邊、樓台、雨、風
p025_s03｜場景：房間｜畫面核心：朋友｜情緒：愉快｜出現：朋友、房間
p025_s04｜場景：未明示｜畫面核心：詩人、看望｜動作：看望｜情緒：平靜｜出現：詩人
p025_s05｜場景：未明示｜畫面核心：｜情緒：悠閒
p025_s06｜場景：未明示｜畫面核心：｜情緒：平靜
p025_s07｜場景：未明示｜畫面核心：詩人、朋友、酒、聆聽、飲酒｜動作：聆聽、飲酒｜情緒：平靜｜出現：詩人、朋友、酒
p025_s08｜場景：未明示｜畫面核心：風｜情緒：平靜｜出現：風
p025_s09｜場景：江邊｜畫面核心：｜情緒：平靜｜出現：江邊
p025_s10｜場景：未明示｜畫面核心：詩人｜情緒：平靜｜出現：詩人","動物｜鳥
場景｜房間
場景｜海邊
場景｜樓台
物件｜雨
物件｜風
人物｜朋友
人物｜詩人
物件｜酒
場景｜江邊",重複元素：房間、風、朋友、詩人
26,韋應物,五言古詩,初發揚子寄元大校書,"悽悽去親愛，泛泛入煙霧。
歸棹洛陽人，殘鐘廣陵樹。
今朝此爲別，何處還相遇。
世事波上舟，沿洄安得住。","我要離開親愛的朋友，心裡難過，船慢慢駛進煙霧裡。
有船載人往洛陽去，遠處廣陵城傳來晚鐘。
今天我們就在這裡分別了，不知道下一次會在哪裡見面。
世事像水面上的小船一樣漂來漂去，很難一直停在原地。",3,8,visual_plan_v1,draft,"{""v"":""visual_plan_v1"",""entities"":[{""id"":""e01"",""type"":""character"",""label"":""詩人""},{""id"":""e02"",""type"":""character"",""label"":""朋友""},{""id"":""e03"",""type"":""location"",""label"":""船上""},{""id"":""e04"",""type"":""object"",""label"":""小船""},{""id"":""e05"",""type"":""plant"",""label"":""樹木""},{""id"":""e06"",""type"":""location"",""label"":""城中""},{""id"":""e07"",""type"":""object"",""label"":""鐘""}],""continuity"":{""recurring_entities"":[""e01"",""e03"",""e04""]},""scenes"":[{""id"":""p026_s01"",""setting"":""船上"",""time"":""未明示"",""mood"":""感傷"",""entities"":[""e01"",""e02"",""e03"",""e04""],""actions"":[],""focus"":[""詩人"",""朋友"",""小船""]},{""id"":""p026_s02"",""setting"":""船上"",""time"":""未明示"",""mood"":""平靜"",""entities"":[""e05"",""e03"",""e06"",""e04"",""e07""],""actions"":[""前行""],""focus"":[""樹木"",""小船"",""鐘"",""前行""]},{""id"":""p026_s03"",""setting"":""未明示"",""time"":""未明示"",""mood"":""平靜"",""entities"":[""e01""],""actions"":[],""focus"":[""詩人""]},{""id"":""p026_s04"",""setting"":""船上"",""time"":""未明示"",""mood"":""平靜"",""entities"":[""e03"",""e04""],""actions"":[""前行""],""focus"":[""小船"",""前行""]}]}",依各 Scene 視覺計畫,"p026_s01｜場景：船上｜畫面核心：詩人、朋友、小船｜情緒：感傷｜出現：詩人、朋友、船上、小船
p026_s02｜場景：船上｜畫面核心：樹木、小船、鐘、前行｜動作：前行｜情緒：平靜｜出現：樹木、船上、城中、小船、鐘
p026_s03｜場景：未明示｜畫面核心：詩人｜情緒：平靜｜出現：詩人
p026_s04｜場景：船上｜畫面核心：小船、前行｜動作：前行｜情緒：平靜｜出現：船上、小船","人物｜詩人
人物｜朋友
場景｜船上
物件｜小船
植物｜樹木
場景｜城中
物件｜鐘",重複元素：詩人、船上、小船
27,韋應物,五言古詩,寄全椒山中道士,"今朝郡齋冷，忽念山中客。
澗底束荆薪，歸來煮白石。
欲持一瓢酒，遠慰風雨夕。
落葉滿空山，何處尋行跡。","今天官署裡很冷，我忽然想起住在山中的朋友。
想像你在山谷裡撿柴回家，過著十分簡單的生活。
我真想帶一瓢酒去找你，在風雨的夜晚陪你聊聊天。
可是空山落葉滿地，我又要到哪裡才能找到你的行蹤呢？",3,8,visual_plan_v1,draft,"{""v"":""visual_plan_v1"",""entities"":[{""id"":""e01"",""type"":""character"",""label"":""詩人""},{""id"":""e02"",""type"":""character"",""label"":""朋友""},{""id"":""e03"",""type"":""location"",""label"":""山中""},{""id"":""e04"",""type"":""location"",""label"":""山谷""},{""id"":""e05"",""type"":""object"",""label"":""石陣""},{""id"":""e06"",""type"":""object"",""label"":""雨""},{""id"":""e07"",""type"":""object"",""label"":""風""},{""id"":""e08"",""type"":""object"",""label"":""酒""}],""continuity"":{""recurring_entities"":[""e01""]},""scenes"":[{""id"":""p027_s01"",""setting"":""山中"",""time"":""未明示"",""mood"":""平靜"",""entities"":[""e01"",""e02"",""e03""],""actions"":[],""focus"":[""詩人"",""朋友""]},{""id"":""p027_s02"",""setting"":""山谷"",""time"":""未明示"",""mood"":""平靜"",""entities"":[""e04"",""e05""],""actions"":[],""focus"":[""石陣""]},{""id"":""p027_s03"",""setting"":""未明示"",""time"":""夜晚"",""mood"":""平靜"",""entities"":[""e01"",""e06"",""e07"",""e08""],""actions"":[""前行"",""飲酒""],""focus"":[""詩人"",""雨"",""風"",""酒"",""前行""]},{""id"":""p027_s04"",""setting"":""未明示"",""time"":""未明示"",""mood"":""平靜"",""entities"":[""e01""],""actions"":[""前行""],""focus"":[""詩人"",""前行""]}]}",依各 Scene 視覺計畫,"p027_s01｜場景：山中｜畫面核心：詩人、朋友｜情緒：平靜｜出現：詩人、朋友、山中
p027_s02｜場景：山谷｜畫面核心：石陣｜情緒：平靜｜出現：山谷、石陣
p027_s03｜場景：未明示｜時間：夜晚｜畫面核心：詩人、雨、風、酒、前行｜動作：前行、飲酒｜情緒：平靜｜出現：詩人、雨、風、酒
p027_s04｜場景：未明示｜畫面核心：詩人、前行｜動作：前行｜情緒：平靜｜出現：詩人","人物｜詩人
人物｜朋友
場景｜山中
場景｜山谷
物件｜石陣
物件｜雨
物件｜風
物件｜酒",重複元素：詩人
28,韋應物,五言古詩,長安遇馮著,"客從東方來，衣上灞陵雨。
問客何爲來，采山因買斧。
冥冥花正開，颺颺燕新乳。
昨別今已春，鬢絲生幾縷。","朋友從東方來，衣服上還帶著灞陵一帶的雨水。
我問你為什麼來，你笑說進山採東西，所以順便買把斧頭。
春天昏濛的景色裡花正在盛開，小燕子也剛孵出幼鳥。
上次分別彷彿才剛發生，如今又是一年春天，不知我們添了多少白髮。",3,8,visual_plan_v1,draft,"{""v"":""visual_plan_v1"",""entities"":[{""id"":""e01"",""type"":""character"",""label"":""朋友""},{""id"":""e02"",""type"":""object"",""label"":""雨""},{""id"":""e03"",""type"":""character"",""label"":""詩人""},{""id"":""e04"",""type"":""animal"",""label"":""鳥""},{""id"":""e05"",""type"":""plant"",""label"":""花樹""}],""continuity"":{""recurring_entities"":[""e03""]},""scenes"":[{""id"":""p028_s01"",""setting"":""未明示"",""time"":""未明示"",""mood"":""平靜"",""entities"":[""e01"",""e02""],""actions"":[],""focus"":[""朋友"",""雨""]},{""id"":""p028_s02"",""setting"":""未明示"",""time"":""未明示"",""mood"":""平靜"",""entities"":[""e03""],""actions"":[""採摘""],""focus"":[""詩人"",""採摘""]},{""id"":""p028_s03"",""setting"":""未明示"",""time"":""春天"",""mood"":""平靜"",""entities"":[""e04"",""e05""],""actions"":[],""focus"":[""鳥"",""花樹""]},{""id"":""p028_s04"",""setting"":""未明示"",""time"":""春天"",""mood"":""平靜"",""entities"":[""e03""],""actions"":[],""focus"":[""詩人""]}]}",依各 Scene 視覺計畫,"p028_s01｜場景：未明示｜畫面核心：朋友、雨｜情緒：平靜｜出現：朋友、雨
p028_s02｜場景：未明示｜畫面核心：詩人、採摘｜動作：採摘｜情緒：平靜｜出現：詩人
p028_s03｜場景：未明示｜時間：春天｜畫面核心：鳥、花樹｜情緒：平靜｜出現：鳥、花樹
p028_s04｜場景：未明示｜時間：春天｜畫面核心：詩人｜情緒：平靜｜出現：詩人","人物｜朋友
物件｜雨
人物｜詩人
動物｜鳥
植物｜花樹",重複元素：詩人
29,韋應物,五言古詩,夕次盱眙縣,"落帆逗淮鎮，停舫臨孤驛。
浩浩風起波，冥冥日沈夕。
人歸山郭暗，雁下蘆洲白。
獨夜憶秦關，聽鐘未眠客。","我收下船帆，在淮河邊的小鎮停船，靠近孤單的驛站。
大風把河面吹起寬廣波浪，昏暗中太陽慢慢落下。
人們回到山城後四周漸暗，大雁飛落在白白的蘆洲上。
今晚我一個人想念遙遠的家鄉，聽著鐘聲久久睡不著。",3,8,visual_plan_v1,draft,"{""v"":""visual_plan_v1"",""entities"":[{""id"":""e01"",""type"":""character"",""label"":""詩人""},{""id"":""e02"",""type"":""location"",""label"":""河岸""},{""id"":""e03"",""type"":""location"",""label"":""船上""},{""id"":""e04"",""type"":""object"",""label"":""小船""},{""id"":""e05"",""type"":""object"",""label"":""風""},{""id"":""e06"",""type"":""animal"",""label"":""鳥""},{""id"":""e07"",""type"":""location"",""label"":""城中""},{""id"":""e08"",""type"":""location"",""label"":""關塞""},{""id"":""e09"",""type"":""object"",""label"":""鐘""}],""continuity"":{""recurring_entities"":[""e01"",""e02""]},""scenes"":[{""id"":""p029_s01"",""setting"":""河岸"",""time"":""未明示"",""mood"":""孤寂"",""entities"":[""e01"",""e02"",""e03"",""e04""],""actions"":[],""focus"":[""詩人"",""小船""]},{""id"":""p029_s02"",""setting"":""河岸"",""time"":""未明示"",""mood"":""平靜"",""entities"":[""e02"",""e05""],""actions"":[],""focus"":[""風""]},{""id"":""p029_s03"",""setting"":""城中"",""time"":""未明示"",""mood"":""平靜"",""entities"":[""e06"",""e07""],""actions"":[],""focus"":[""鳥""]},{""id"":""p029_s04"",""setting"":""關塞"",""time"":""夜晚"",""mood"":""思念"",""entities"":[""e01"",""e08"",""e09""],""actions"":[""聆聽"",""思念"",""休息""],""focus"":[""詩人"",""鐘"",""聆聽"",""思念"",""休息""]}]}",依各 Scene 視覺計畫,"p029_s01｜場景：河岸｜畫面核心：詩人、小船｜情緒：孤寂｜出現：詩人、河岸、船上、小船
p029_s02｜場景：河岸｜畫面核心：風｜情緒：平靜｜出現：河岸、風
p029_s03｜場景：城中｜畫面核心：鳥｜情緒：平靜｜出現：鳥、城中
p029_s04｜場景：關塞｜時間：夜晚｜畫面核心：詩人、鐘、聆聽、思念、休息｜動作：聆聽、思念、休息｜情緒：思念｜出現：詩人、關塞、鐘","人物｜詩人
場景｜河岸
場景｜船上
物件｜小船
物件｜風
動物｜鳥
場景｜城中
場景｜關塞
物件｜鐘",重複元素：詩人、河岸
30,韋應物,五言古詩,東郊,"吏舍跼終年，出郊曠清曙。
楊柳散和風，青山澹吾慮。
依叢適自憩，緣澗還復去。
微雨靄芳原，春鳩鳴何處？
樂幽心屢止，遵事跡猶遽。
終罷斯結廬，慕陶真可庶。","我整年待在官署裡很拘束，早晨來到郊外才覺得天空特別開闊。
楊柳在和風吹拂下輕搖，青山也讓我的煩惱慢慢平靜。
我靠著樹叢休息一會，又沿著小溪繼續往前走。
細雨籠罩著春天原野，不知道斑鳩正在什麼地方鳴叫。
我好幾次想留在幽靜地方，卻還是因工作匆匆離開。
希望有一天能真正辭去官職，在這裡蓋屋過陶淵明般自在的生活。",3,8,visual_plan_v1,draft,"{""v"":""visual_plan_v1"",""entities"":[{""id"":""e01"",""type"":""character"",""label"":""詩人""},{""id"":""e02"",""type"":""plant"",""label"":""柳樹""},{""id"":""e03"",""type"":""location"",""label"":""山中""},{""id"":""e04"",""type"":""object"",""label"":""風""},{""id"":""e05"",""type"":""plant"",""label"":""樹木""},{""id"":""e06"",""type"":""location"",""label"":""溪流""},{""id"":""e07"",""type"":""location"",""label"":""田野""},{""id"":""e08"",""type"":""object"",""label"":""雨""},{""id"":""e09"",""type"":""location"",""label"":""房間""}],""continuity"":{""recurring_entities"":[""e01""]},""scenes"":[{""id"":""p030_s01"",""setting"":""未明示"",""time"":""清晨"",""mood"":""平靜"",""entities"":[""e01""],""actions"":[],""focus"":[""詩人""]},{""id"":""p030_s02"",""setting"":""山中"",""time"":""未明示"",""mood"":""平靜"",""entities"":[""e01"",""e02"",""e03"",""e04""],""actions"":[],""focus"":[""詩人"",""柳樹"",""風""]},{""id"":""p030_s03"",""setting"":""溪流"",""time"":""未明示"",""mood"":""平靜"",""entities"":[""e01"",""e05"",""e06""],""actions"":[""前行""],""focus"":[""詩人"",""樹木"",""前行""]},{""id"":""p030_s04"",""setting"":""田野"",""time"":""春天"",""mood"":""平靜"",""entities"":[""e07"",""e08""],""actions"":[],""focus"":[""雨""]},{""id"":""p030_s05"",""setting"":""未明示"",""time"":""未明示"",""mood"":""安靜"",""entities"":[""e01""],""actions"":[],""focus"":[""詩人""]},{""id"":""p030_s06"",""setting"":""房間"",""time"":""未明示"",""mood"":""悠閒"",""entities"":[""e09""],""actions"":[""看望"",""前行""],""focus"":[""看望"",""前行""]}]}",依各 Scene 視覺計畫,"p030_s01｜場景：未明示｜時間：清晨｜畫面核心：詩人｜情緒：平靜｜出現：詩人
p030_s02｜場景：山中｜畫面核心：詩人、柳樹、風｜情緒：平靜｜出現：詩人、柳樹、山中、風
p030_s03｜場景：溪流｜畫面核心：詩人、樹木、前行｜動作：前行｜情緒：平靜｜出現：詩人、樹木、溪流
p030_s04｜場景：田野｜時間：春天｜畫面核心：雨｜情緒：平靜｜出現：田野、雨
p030_s05｜場景：未明示｜畫面核心：詩人｜情緒：安靜｜出現：詩人
p030_s06｜場景：房間｜畫面核心：看望、前行｜動作：看望、前行｜情緒：悠閒｜出現：房間","人物｜詩人
植物｜柳樹
場景｜山中
物件｜風
植物｜樹木
場景｜溪流
場景｜田野
物件｜雨
場景｜房間",重複元素：詩人
31,韋應物,五言古詩,送楊氏女,"永日方慼慼，出門復悠悠。
女子今有行，大江泝輕舟。
爾輩苦無恃，撫念益慈柔。
幼爲長所育，兩別泣不休。
對此結中腸，義往難復留。
自小闕內訓，事姑貽我憂。
賴茲託令門，仁恤庶無尤。
貧儉誠所尚，資從豈待周。
孝恭遵婦道，容止順其猷。
別離在今晨，見爾當何秋。
居閑始自遣，臨感忽難收。
歸來視幼女，零淚緣纓流。","整天想到女兒要出嫁，我心裡一直很難過，走出門更覺得空蕩。
女兒今天要離家了，將坐著小船沿大江遠去。
你們從小失去母親，我照顧你們時自然更加疼愛。
小女兒一直由姊姊帶大，現在要分開，兩人哭個不停。
想到你要離開，我心裡很捨不得，但你該走的人生路也不能阻止。
你從小少了母親教導，我擔心你到夫家後不懂一些規矩。
幸好你嫁進的是善良人家，相信他們會體諒照顧你。
我們家雖不富有，但節儉本來就是值得珍惜的品德，不必準備得太奢華。
到了新的家庭，要懂得尊敬長輩、待人有禮，舉止也要穩重。
今天早晨分別後，不知道要到哪一個秋天才能再見你。
平常我還能自己排解心情，真的到了離別時，眼淚卻怎麼也忍不住。
回家看見還留在身邊的小女兒，我的眼淚又不停流下來。",3,9,visual_plan_v1,draft,"{""v"":""visual_plan_v1"",""entities"":[{""id"":""e01"",""type"":""character"",""label"":""詩人""},{""id"":""e02"",""type"":""location"",""label"":""江邊""},{""id"":""e03"",""type"":""location"",""label"":""船上""},{""id"":""e04"",""type"":""object"",""label"":""小船""},{""id"":""e05"",""type"":""location"",""label"":""古道""},{""id"":""e06"",""type"":""location"",""label"":""庭院""}],""continuity"":{""recurring_entities"":[""e01""]},""scenes"":[{""id"":""p031_s01"",""setting"":""未明示"",""time"":""未明示"",""mood"":""感傷"",""entities"":[""e01""],""actions"":[""前行""],""focus"":[""詩人"",""前行""]},{""id"":""p031_s02"",""setting"":""江邊"",""time"":""未明示"",""mood"":""平靜"",""entities"":[""e02"",""e03"",""e04""],""actions"":[""前行""],""focus"":[""小船"",""前行""]},{""id"":""p031_s03"",""setting"":""未明示"",""time"":""未明示"",""mood"":""平靜"",""entities"":[""e01""],""actions"":[""前行""],""focus"":[""詩人"",""前行""]},{""id"":""p031_s04"",""setting"":""未明示"",""time"":""未明示"",""mood"":""平靜"",""entities"":[],""actions"":[""哭泣""],""focus"":[""哭泣""]},{""id"":""p031_s05"",""setting"":""古道"",""time"":""未明示"",""mood"":""平靜"",""entities"":[""e01"",""e05""],""actions"":[""前行""],""focus"":[""詩人"",""前行""]},{""id"":""p031_s06"",""setting"":""未明示"",""time"":""未明示"",""mood"":""平靜"",""entities"":[""e01""],""actions"":[],""focus"":[""詩人""]},{""id"":""p031_s07"",""setting"":""未明示"",""time"":""未明示"",""mood"":""平靜"",""entities"":[],""actions"":[],""focus"":[]},{""id"":""p031_s08"",""setting"":""未明示"",""time"":""未明示"",""mood"":""平靜"",""entities"":[""e01""],""actions"":[],""focus"":[""詩人""]},{""id"":""p031_s09"",""setting"":""庭院"",""time"":""未明示"",""mood"":""平靜"",""entities"":[""e06""],""actions"":[],""focus"":[]},{""id"":""p031_s10"",""setting"":""未明示"",""time"":""清晨"",""mood"":""平靜"",""entities"":[],""actions"":[],""focus"":[]},{""id"":""p031_s11"",""setting"":""未明示"",""time"":""未明示"",""mood"":""感傷"",""entities"":[""e01""],""actions"":[""哭泣""],""focus"":[""詩人"",""哭泣""]},{""id"":""p031_s12"",""setting"":""未明示"",""time"":""未明示"",""mood"":""感傷"",""entities"":[""e01""],""actions"":[""看望"",""哭泣""],""focus"":[""詩人"",""看望"",""哭泣""]}]}",依各 Scene 視覺計畫,"p031_s01｜場景：未明示｜畫面核心：詩人、前行｜動作：前行｜情緒：感傷｜出現：詩人
p031_s02｜場景：江邊｜畫面核心：小船、前行｜動作：前行｜情緒：平靜｜出現：江邊、船上、小船
p031_s03｜場景：未明示｜畫面核心：詩人、前行｜動作：前行｜情緒：平靜｜出現：詩人
p031_s04｜場景：未明示｜畫面核心：哭泣｜動作：哭泣｜情緒：平靜
p031_s05｜場景：古道｜畫面核心：詩人、前行｜動作：前行｜情緒：平靜｜出現：詩人、古道
p031_s06｜場景：未明示｜畫面核心：詩人｜情緒：平靜｜出現：詩人
p031_s07｜場景：未明示｜畫面核心：｜情緒：平靜
p031_s08｜場景：未明示｜畫面核心：詩人｜情緒：平靜｜出現：詩人
p031_s09｜場景：庭院｜畫面核心：｜情緒：平靜｜出現：庭院
p031_s10｜場景：未明示｜時間：清晨｜畫面核心：｜情緒：平靜
p031_s11｜場景：未明示｜畫面核心：詩人、哭泣｜動作：哭泣｜情緒：感傷｜出現：詩人
p031_s12｜場景：未明示｜畫面核心：詩人、看望、哭泣｜動作：看望、哭泣｜情緒：感傷｜出現：詩人","人物｜詩人
場景｜江邊
場景｜船上
物件｜小船
場景｜古道
場景｜庭院",重複元素：詩人
32,柳宗元,五言古詩,晨詣超師院讀禪經,"汲井嗽寒齒，清心拂塵服。
閒持貝葉書，步出東齋讀。
真源了無取，妄跡世所逐。
遺言冀可冥，繕性何由熟？
道人庭宇靜，苔色連深竹。
日出霧露餘，青松如膏沐。
澹然離言說，悟悅心自足。","我打井水漱口，讓牙齒清醒冰涼，也整理衣服讓心安靜下來。
我悠閒拿著佛經，走出東邊房間慢慢閱讀。
真正的道理其實不是靠外在得到，世人卻常追著虛假的東西跑。
我希望能理解古人的教導，可是要真正修好自己的心並不容易。
修行人的院子很安靜，青苔一路長到深深的竹林。
太陽升起後霧露漸散，青松像洗過一樣油亮清新。
這份安靜已經不需要言語說明，心裡自然感到明白和喜悅。",3,8,visual_plan_v1,draft,"{""v"":""visual_plan_v1"",""entities"":[{""id"":""e01"",""type"":""character"",""label"":""詩人""},{""id"":""e02"",""type"":""location"",""label"":""房間""},{""id"":""e03"",""type"":""plant"",""label"":""竹子""},{""id"":""e04"",""type"":""location"",""label"":""森林""},{""id"":""e05"",""type"":""location"",""label"":""庭院""},{""id"":""e06"",""type"":""location"",""label"":""古道""},{""id"":""e07"",""type"":""plant"",""label"":""松樹""},{""id"":""e08"",""type"":""object"",""label"":""露水""}],""continuity"":{""recurring_entities"":[""e01""]},""scenes"":[{""id"":""p032_s01"",""setting"":""未明示"",""time"":""未明示"",""mood"":""安靜"",""entities"":[""e01""],""actions"":[],""focus"":[""詩人""]},{""id"":""p032_s02"",""setting"":""房間"",""time"":""未明示"",""mood"":""悠閒"",""entities"":[""e01"",""e02""],""actions"":[""前行""],""focus"":[""詩人"",""前行""]},{""id"":""p032_s03"",""setting"":""未明示"",""time"":""未明示"",""mood"":""平靜"",""entities"":[],""actions"":[],""focus"":[]},{""id"":""p032_s04"",""setting"":""未明示"",""time"":""未明示"",""mood"":""平靜"",""entities"":[""e01""],""actions"":[""看望""],""focus"":[""詩人"",""看望""]},{""id"":""p032_s05"",""setting"":""森林"",""time"":""未明示"",""mood"":""安靜"",""entities"":[""e03"",""e04"",""e05"",""e06""],""actions"":[""前行""],""focus"":[""竹子"",""前行""]},{""id"":""p032_s06"",""setting"":""未明示"",""time"":""未明示"",""mood"":""平靜"",""entities"":[""e07"",""e08""],""actions"":[],""focus"":[""松樹"",""露水""]},{""id"":""p032_s07"",""setting"":""未明示"",""time"":""未明示"",""mood"":""安靜"",""entities"":[],""actions"":[],""focus"":[]}]}",依各 Scene 視覺計畫,"p032_s01｜場景：未明示｜畫面核心：詩人｜情緒：安靜｜出現：詩人
p032_s02｜場景：房間｜畫面核心：詩人、前行｜動作：前行｜情緒：悠閒｜出現：詩人、房間
p032_s03｜場景：未明示｜畫面核心：｜情緒：平靜
p032_s04｜場景：未明示｜畫面核心：詩人、看望｜動作：看望｜情緒：平靜｜出現：詩人
p032_s05｜場景：森林｜畫面核心：竹子、前行｜動作：前行｜情緒：安靜｜出現：竹子、森林、庭院、古道
p032_s06｜場景：未明示｜畫面核心：松樹、露水｜情緒：平靜｜出現：松樹、露水
p032_s07｜場景：未明示｜畫面核心：｜情緒：安靜","人物｜詩人
場景｜房間
植物｜竹子
場景｜森林
場景｜庭院
場景｜古道
植物｜松樹
物件｜露水",重複元素：詩人
33,柳宗元,五言古詩,溪居,"久為簪組束，幸此南夷謫。
閒依農圃鄰，偶似山林客。
曉耕翻露草，夜榜響溪石。
來往不逢人，長歌楚天碧。","以前長久被官場規矩綁住，如今被貶到南方，反而有了自由。
我悠閒住在農田菜園旁，偶爾真像一位山林中的隱士。
早上耕田翻動帶露的青草，晚上划船時船槳碰著溪石發出聲音。
路上很少遇到人，我就在藍天下放聲唱歌，享受清靜生活。",3,8,visual_plan_v1,draft,"{""v"":""visual_plan_v1"",""entities"":[{""id"":""e01"",""type"":""character"",""label"":""詩人""},{""id"":""e02"",""type"":""location"",""label"":""森林""},{""id"":""e03"",""type"":""location"",""label"":""田野""},{""id"":""e04"",""type"":""plant"",""label"":""青草""},{""id"":""e05"",""type"":""location"",""label"":""溪流""},{""id"":""e06"",""type"":""location"",""label"":""船上""},{""id"":""e07"",""type"":""object"",""label"":""露水""},{""id"":""e08"",""type"":""object"",""label"":""小船""},{""id"":""e09"",""type"":""object"",""label"":""石陣""},{""id"":""e10"",""type"":""location"",""label"":""古道""}],""continuity"":{""recurring_entities"":[""e01"",""e03""]},""scenes"":[{""id"":""p033_s01"",""setting"":""未明示"",""time"":""未明示"",""mood"":""平靜"",""entities"":[],""actions"":[],""focus"":[]},{""id"":""p033_s02"",""setting"":""森林"",""time"":""未明示"",""mood"":""悠閒"",""entities"":[""e01"",""e02"",""e03""],""actions"":[],""focus"":[""詩人""]},{""id"":""p033_s03"",""setting"":""溪流"",""time"":""清晨"",""mood"":""平靜"",""entities"":[""e04"",""e05"",""e06"",""e03"",""e07"",""e08"",""e09""],""actions"":[],""focus"":[""青草"",""露水"",""小船"",""石陣""]},{""id"":""p033_s04"",""setting"":""古道"",""time"":""未明示"",""mood"":""平靜"",""entities"":[""e01"",""e10""],""actions"":[],""focus"":[""詩人""]}]}",依各 Scene 視覺計畫,"p033_s01｜場景：未明示｜畫面核心：｜情緒：平靜
p033_s02｜場景：森林｜畫面核心：詩人｜情緒：悠閒｜出現：詩人、森林、田野
p033_s03｜場景：溪流｜時間：清晨｜畫面核心：青草、露水、小船、石陣｜情緒：平靜｜出現：青草、溪流、船上、田野、露水、小船、石陣
p033_s04｜場景：古道｜畫面核心：詩人｜情緒：平靜｜出現：詩人、古道","人物｜詩人
場景｜森林
場景｜田野
植物｜青草
場景｜溪流
場景｜船上
物件｜露水
物件｜小船
物件｜石陣
場景｜古道",重複元素：詩人、田野
34,王昌齡,五言樂府,塞上曲,"蟬鳴空桑林，八月蕭關道。
出塞入塞寒，處處黃蘆草。
從來幽幷客，皆共塵沙老。
莫學遊俠兒，矜夸紫騮好。","空曠桑林裡蟬聲響起，八月的蕭關道路已帶著秋意。
不論出塞還是回塞都很寒冷，到處只見枯黃蘆草。
自古住在北方邊地的勇士，很多都在風沙裡慢慢老去。
不要只學那些愛炫耀的少年，以為騎著漂亮好馬就是英雄。",3,8,visual_plan_v1,draft,"{""v"":""visual_plan_v1"",""entities"":[{""id"":""e01"",""type"":""location"",""label"":""古道""},{""id"":""e02"",""type"":""location"",""label"":""關塞""},{""id"":""e03"",""type"":""object"",""label"":""月亮""},{""id"":""e04"",""type"":""plant"",""label"":""青草""},{""id"":""e05"",""type"":""object"",""label"":""風""},{""id"":""e06"",""type"":""animal"",""label"":""馬""}],""continuity"":{""recurring_entities"":[""e02""]},""scenes"":[{""id"":""p034_s01"",""setting"":""古道"",""time"":""秋天"",""mood"":""平靜"",""entities"":[""e01"",""e02"",""e03""],""actions"":[],""focus"":[""月亮""]},{""id"":""p034_s02"",""setting"":""關塞"",""time"":""未明示"",""mood"":""平靜"",""entities"":[""e04"",""e02""],""actions"":[],""focus"":[""青草""]},{""id"":""p034_s03"",""setting"":""未明示"",""time"":""未明示"",""mood"":""平靜"",""entities"":[""e05""],""actions"":[""前行""],""focus"":[""風"",""前行""]},{""id"":""p034_s04"",""setting"":""未明示"",""time"":""未明示"",""mood"":""平靜"",""entities"":[""e06""],""actions"":[],""focus"":[""馬""]}]}",依各 Scene 視覺計畫,"p034_s01｜場景：古道｜時間：秋天｜畫面核心：月亮｜情緒：平靜｜出現：古道、關塞、月亮
p034_s02｜場景：關塞｜畫面核心：青草｜情緒：平靜｜出現：青草、關塞
p034_s03｜場景：未明示｜畫面核心：風、前行｜動作：前行｜情緒：平靜｜出現：風
p034_s04｜場景：未明示｜畫面核心：馬｜情緒：平靜｜出現：馬","場景｜古道
場景｜關塞
物件｜月亮
植物｜青草
物件｜風
動物｜馬",重複元素：關塞
35,王昌齡,五言樂府,塞下曲,"飲馬渡秋水，水寒風似刀。
平沙日未沒，黯黯見臨洮。
昔日長城戰，咸言意氣高。
黃塵足今古，白骨亂蓬蒿。","牽馬渡過秋天的河水，水冷得厲害，風吹在身上像刀一樣。
平坦沙漠上太陽還沒落下，遠遠已能看見昏暗的臨洮。
從前長城附近發生戰爭，人們總說戰士們多麼勇敢有氣勢。
可是古今戰場都只有黃沙，還留下許多白骨散在野草間。",3,9,visual_plan_v1,draft,"{""v"":""visual_plan_v1"",""entities"":[{""id"":""e01"",""type"":""animal"",""label"":""馬""},{""id"":""e02"",""type"":""location"",""label"":""河岸""},{""id"":""e03"",""type"":""object"",""label"":""風""},{""id"":""e04"",""type"":""object"",""label"":""刀""},{""id"":""e05"",""type"":""location"",""label"":""關塞""},{""id"":""e06"",""type"":""location"",""label"":""城中""},{""id"":""e07"",""type"":""plant"",""label"":""青草""}],""continuity"":{""recurring_entities"":[]},""scenes"":[{""id"":""p035_s01"",""setting"":""河岸"",""time"":""秋天"",""mood"":""平靜"",""entities"":[""e01"",""e02"",""e03"",""e04""],""actions"":[],""focus"":[""馬"",""風"",""刀""]},{""id"":""p035_s02"",""setting"":""關塞"",""time"":""未明示"",""mood"":""平靜"",""entities"":[""e05""],""actions"":[""看望""],""focus"":[""看望""]},{""id"":""p035_s03"",""setting"":""城中"",""time"":""未明示"",""mood"":""平靜"",""entities"":[""e06""],""actions"":[],""focus"":[]},{""id"":""p035_s04"",""setting"":""未明示"",""time"":""未明示"",""mood"":""平靜"",""entities"":[""e07""],""actions"":[],""focus"":[""青草""]}]}",依各 Scene 視覺計畫,"p035_s01｜場景：河岸｜時間：秋天｜畫面核心：馬、風、刀｜情緒：平靜｜出現：馬、河岸、風、刀
p035_s02｜場景：關塞｜畫面核心：看望｜動作：看望｜情緒：平靜｜出現：關塞
p035_s03｜場景：城中｜畫面核心：｜情緒：平靜｜出現：城中
p035_s04｜場景：未明示｜畫面核心：青草｜情緒：平靜｜出現：青草","動物｜馬
場景｜河岸
物件｜風
物件｜刀
場景｜關塞
場景｜城中
植物｜青草",
36,李白,五言樂府,關山月,"明月出天山，蒼茫雲海間。
長風幾萬里，吹度玉門關。
漢下白登道，胡窺青海灣。
由來征戰地，不見有人還。
戍客望邊色，思歸多苦顏。
高樓當此夜，歎息未應閑。","明月從天山升起，掛在遼闊的雲海之間。
長風吹過幾萬里，一路吹過遙遠的玉門關。
從古代開始，軍隊就在這些邊地來往，敵軍也在遠處觀望。
這裡一直是戰爭發生的地方，許多人出去後再也沒能回來。
守邊的士兵望著邊塞景色，想到家鄉時臉上都是難過神情。
同一個夜晚，家中的人也在高樓上不停嘆氣，思念遠方的人。",4,9,visual_plan_v1,draft,"{""v"":""visual_plan_v1"",""entities"":[{""id"":""e01"",""type"":""location"",""label"":""海邊""},{""id"":""e02"",""type"":""object"",""label"":""月亮""},{""id"":""e03"",""type"":""object"",""label"":""雲""},{""id"":""e04"",""type"":""location"",""label"":""古道""},{""id"":""e05"",""type"":""location"",""label"":""關塞""},{""id"":""e06"",""type"":""object"",""label"":""風""},{""id"":""e07"",""type"":""location"",""label"":""樓台""}],""continuity"":{""recurring_entities"":[""e01"",""e05""]},""scenes"":[{""id"":""p036_s01"",""setting"":""海邊"",""time"":""夜晚"",""mood"":""平靜"",""entities"":[""e01"",""e02"",""e03""],""actions"":[],""focus"":[""月亮"",""雲""]},{""id"":""p036_s02"",""setting"":""古道"",""time"":""未明示"",""mood"":""平靜"",""entities"":[""e04"",""e05"",""e06""],""actions"":[],""focus"":[""風""]},{""id"":""p036_s03"",""setting"":""海邊"",""time"":""未明示"",""mood"":""平靜"",""entities"":[""e01""],""actions"":[""看望""],""focus"":[""看望""]},{""id"":""p036_s04"",""setting"":""未明示"",""time"":""未明示"",""mood"":""平靜"",""entities"":[],""actions"":[""前行""],""focus"":[""前行""]},{""id"":""p036_s05"",""setting"":""關塞"",""time"":""未明示"",""mood"":""感傷"",""entities"":[""e05""],""actions"":[""看望""],""focus"":[""看望""]},{""id"":""p036_s06"",""setting"":""樓台"",""time"":""夜晚"",""mood"":""思念"",""entities"":[""e07""],""actions"":[],""focus"":[]}]}",依各 Scene 視覺計畫,"p036_s01｜場景：海邊｜時間：夜晚｜畫面核心：月亮、雲｜情緒：平靜｜出現：海邊、月亮、雲
p036_s02｜場景：古道｜畫面核心：風｜情緒：平靜｜出現：古道、關塞、風
p036_s03｜場景：海邊｜畫面核心：看望｜動作：看望｜情緒：平靜｜出現：海邊
p036_s04｜場景：未明示｜畫面核心：前行｜動作：前行｜情緒：平靜
p036_s05｜場景：關塞｜畫面核心：看望｜動作：看望｜情緒：感傷｜出現：關塞
p036_s06｜場景：樓台｜時間：夜晚｜畫面核心：｜情緒：思念｜出現：樓台","場景｜海邊
物件｜月亮
物件｜雲
場景｜古道
場景｜關塞
物件｜風
場景｜樓台",重複元素：海邊、關塞
37,李白,五言樂府,子夜吳歌,"長安一片月，萬戶擣衣聲。
秋風吹不盡，總是玉關情。
何日平胡虜，良人罷遠征。","長安城上掛著一輪月亮，千家萬戶都傳來搗洗衣服的聲音。
秋風一直吹個不停，人們心裡想的都是遠在玉門關的親人。
到底什麼時候戰爭才能結束，讓遠征的丈夫們都平安回家呢？",3,8,visual_plan_v1,draft,"{""v"":""visual_plan_v1"",""entities"":[{""id"":""e01"",""type"":""location"",""label"":""城中""},{""id"":""e02"",""type"":""object"",""label"":""月亮""},{""id"":""e03"",""type"":""location"",""label"":""關塞""},{""id"":""e04"",""type"":""object"",""label"":""風""}],""continuity"":{""recurring_entities"":[]},""scenes"":[{""id"":""p037_s01"",""setting"":""城中"",""time"":""未明示"",""mood"":""平靜"",""entities"":[""e01"",""e02""],""actions"":[],""focus"":[""月亮""]},{""id"":""p037_s02"",""setting"":""關塞"",""time"":""秋天"",""mood"":""平靜"",""entities"":[""e03"",""e04""],""actions"":[],""focus"":[""風""]},{""id"":""p037_s03"",""setting"":""未明示"",""time"":""未明示"",""mood"":""平靜"",""entities"":[],""actions"":[""等待""],""focus"":[""等待""]}]}",依各 Scene 視覺計畫,"p037_s01｜場景：城中｜畫面核心：月亮｜情緒：平靜｜出現：城中、月亮
p037_s02｜場景：關塞｜時間：秋天｜畫面核心：風｜情緒：平靜｜出現：關塞、風
p037_s03｜場景：未明示｜畫面核心：等待｜動作：等待｜情緒：平靜","場景｜城中
物件｜月亮
場景｜關塞
物件｜風",
38,李白,五言樂府,長干行,"妾髮初覆額，折花門前劇。
郎騎竹馬來，遶牀弄青梅。
同居長干里，兩小無嫌猜。
十四爲君婦，羞顏未甞開。
低頭向暗壁，千喚不一回。
十五始展眉，願同塵與灰。
常存抱柱信，豈上望夫臺。
十六君遠行，瞿塘灩澦堆。
五月不可觸，猿聲天上哀。
門前遲行跡，一一生綠苔。
苔深不能掃，落葉秋風早。
八月胡蝶來，雙飛西園草。
感此傷妾心，坐愁紅顏老。
早晚下三巴，預將書報家。
相迎不道遠，直至長風沙。","小時候我的頭髮才剛蓋住額頭，常在門前折花玩耍。
你騎著竹竿當作小馬跑來，繞著井欄和我一起玩青梅。
我們都住在長干里，從小一起長大，彼此沒有猜疑。
十四歲我嫁給你，害羞得總是不敢抬頭看你。
我常低著頭面向牆壁，你叫我好多次我也不敢回頭。
十五歲以後我才慢慢不害羞，真心希望能和你永遠在一起。
我一直相信你會守信，也不願把自己想成只能苦苦等待的人。
十六歲時你出遠門，要經過水勢很危險的瞿塘峽。
五月那裡水急得不能靠近，山中的猿叫聲聽來也很悲傷。
你離開後，門前留下的腳印久久沒人踩過，竟長出了青苔。
青苔深得掃不掉，轉眼秋風又吹來，落葉早早落下。
八月蝴蝶成雙飛來，在西園的草地上翩翩起舞。
看到蝴蝶成雙，我更想念你，也擔心自己在等待中慢慢老去。
你什麼時候從三巴回來，請先寫信告訴家裡。
不管要走多遠去接你，我都願意一直迎到長風沙。",4,9,visual_plan_v1,draft,"{""v"":""visual_plan_v1"",""entities"":[{""id"":""e01"",""type"":""character"",""label"":""詩人""},{""id"":""e02"",""type"":""plant"",""label"":""花樹""},{""id"":""e03"",""type"":""animal"",""label"":""馬""},{""id"":""e04"",""type"":""plant"",""label"":""竹子""},{""id"":""e05"",""type"":""plant"",""label"":""梅花""},{""id"":""e06"",""type"":""object"",""label"":""床""},{""id"":""e07"",""type"":""location"",""label"":""樓台""},{""id"":""e08"",""type"":""animal"",""label"":""猿""},{""id"":""e09"",""type"":""location"",""label"":""山中""},{""id"":""e10"",""type"":""object"",""label"":""月亮""},{""id"":""e11"",""type"":""object"",""label"":""風""},{""id"":""e12"",""type"":""plant"",""label"":""青草""}],""continuity"":{""recurring_entities"":[""e01"",""e10"",""e11""]},""scenes"":[{""id"":""p038_s01"",""setting"":""未明示"",""time"":""未明示"",""mood"":""平靜"",""entities"":[""e01"",""e02""],""actions"":[""等待""],""focus"":[""詩人"",""花樹"",""等待""]},{""id"":""p038_s02"",""setting"":""未明示"",""time"":""未明示"",""mood"":""平靜"",""entities"":[""e01"",""e03"",""e04"",""e05"",""e06""],""actions"":[],""focus"":[""詩人"",""馬"",""竹子"",""梅花"",""床""]},{""id"":""p038_s03"",""setting"":""未明示"",""time"":""未明示"",""mood"":""平靜"",""entities"":[""e01""],""actions"":[],""focus"":[""詩人""]},{""id"":""p038_s04"",""setting"":""未明示"",""time"":""未明示"",""mood"":""平靜"",""entities"":[""e01""],""actions"":[""看望""],""focus"":[""詩人"",""看望""]},{""id"":""p038_s05"",""setting"":""未明示"",""time"":""未明示"",""mood"":""平靜"",""entities"":[""e01""],""actions"":[],""focus"":[""詩人""]},{""id"":""p038_s06"",""setting"":""未明示"",""time"":""未明示"",""mood"":""平靜"",""entities"":[""e01""],""actions"":[""看望""],""focus"":[""詩人"",""看望""]},{""id"":""p038_s07"",""setting"":""樓台"",""time"":""未明示"",""mood"":""平靜"",""entities"":[""e01"",""e07""],""actions"":[""等待""],""focus"":[""詩人"",""等待""]},{""id"":""p038_s08"",""setting"":""未明示"",""time"":""未明示"",""mood"":""平靜"",""entities"":[],""actions"":[],""focus"":[]},{""id"":""p038_s09"",""setting"":""山中"",""time"":""未明示"",""mood"":""平靜"",""entities"":[""e08"",""e09"",""e10""],""actions"":[""聆聽""],""focus"":[""猿"",""月亮"",""聆聽""]},{""id"":""p038_s10"",""setting"":""未明示"",""time"":""未明示"",""mood"":""平靜"",""entities"":[],""actions"":[],""focus"":[]},{""id"":""p038_s11"",""setting"":""未明示"",""time"":""秋天"",""mood"":""平靜"",""entities"":[""e11""],""actions"":[],""focus"":[""風""]},{""id"":""p038_s12"",""setting"":""未明示"",""time"":""未明示"",""mood"":""平靜"",""entities"":[""e12"",""e10""],""actions"":[],""focus"":[""青草"",""月亮""]},{""id"":""p038_s13"",""setting"":""未明示"",""time"":""未明示"",""mood"":""思念"",""entities"":[""e01""],""actions"":[""看望"",""思念"",""前行"",""等待""],""focus"":[""詩人"",""看望"",""思念"",""前行"",""等待""]},{""id"":""p038_s14"",""setting"":""未明示"",""time"":""未明示"",""mood"":""平靜"",""entities"":[],""actions"":[""等待""],""focus"":[""等待""]},{""id"":""p038_s15"",""setting"":""未明示"",""time"":""未明示"",""mood"":""平靜"",""entities"":[""e01"",""e11""],""actions"":[""前行""],""focus"":[""詩人"",""風"",""前行""]}]}",依各 Scene 視覺計畫,"p038_s01｜場景：未明示｜畫面核心：詩人、花樹、等待｜動作：等待｜情緒：平靜｜出現：詩人、花樹
p038_s02｜場景：未明示｜畫面核心：詩人、馬、竹子、梅花、床｜情緒：平靜｜出現：詩人、馬、竹子、梅花、床
p038_s03｜場景：未明示｜畫面核心：詩人｜情緒：平靜｜出現：詩人
p038_s04｜場景：未明示｜畫面核心：詩人、看望｜動作：看望｜情緒：平靜｜出現：詩人
p038_s05｜場景：未明示｜畫面核心：詩人｜情緒：平靜｜出現：詩人
p038_s06｜場景：未明示｜畫面核心：詩人、看望｜動作：看望｜情緒：平靜｜出現：詩人
p038_s07｜場景：樓台｜畫面核心：詩人、等待｜動作：等待｜情緒：平靜｜出現：詩人、樓台
p038_s08｜場景：未明示｜畫面核心：｜情緒：平靜
p038_s09｜場景：山中｜畫面核心：猿、月亮、聆聽｜動作：聆聽｜情緒：平靜｜出現：猿、山中、月亮
p038_s10｜場景：未明示｜畫面核心：｜情緒：平靜
p038_s11｜場景：未明示｜時間：秋天｜畫面核心：風｜情緒：平靜｜出現：風
p038_s12｜場景：未明示｜畫面核心：青草、月亮｜情緒：平靜｜出現：青草、月亮
p038_s13｜場景：未明示｜畫面核心：詩人、看望、思念、前行、等待｜動作：看望、思念、前行、等待｜情緒：思念｜出現：詩人
p038_s14｜場景：未明示｜畫面核心：等待｜動作：等待｜情緒：平靜
p038_s15｜場景：未明示｜畫面核心：詩人、風、前行｜動作：前行｜情緒：平靜｜出現：詩人、風","人物｜詩人
植物｜花樹
動物｜馬
植物｜竹子
植物｜梅花
物件｜床
場景｜樓台
動物｜猿
場景｜山中
物件｜月亮
物件｜風
植物｜青草",重複元素：詩人、月亮、風
39,孟郊,五言樂府,烈女操,"梧桐相待老，鴛鴦會雙死。
貞婦貴殉夫，捨生亦如此。
波瀾誓不起，妾心古井水。","梧桐樹好像願意陪伴到老，鴛鴦也總是成雙相依。
古人認為忠貞的妻子會把和丈夫的感情看得非常重要。
她的心像古井裡平靜的水一樣，堅定得不會再起波浪。",2,9,visual_plan_v1,draft,"{""v"":""visual_plan_v1"",""entities"":[{""id"":""e01"",""type"":""plant"",""label"":""樹木""}],""continuity"":{""recurring_entities"":[]},""scenes"":[{""id"":""p039_s01"",""setting"":""未明示"",""time"":""未明示"",""mood"":""平靜"",""entities"":[""e01""],""actions"":[],""focus"":[""樹木""]},{""id"":""p039_s02"",""setting"":""未明示"",""time"":""未明示"",""mood"":""平靜"",""entities"":[],""actions"":[""看望""],""focus"":[""看望""]},{""id"":""p039_s03"",""setting"":""未明示"",""time"":""未明示"",""mood"":""平靜"",""entities"":[],""actions"":[],""focus"":[]}]}",依各 Scene 視覺計畫,"p039_s01｜場景：未明示｜畫面核心：樹木｜情緒：平靜｜出現：樹木
p039_s02｜場景：未明示｜畫面核心：看望｜動作：看望｜情緒：平靜
p039_s03｜場景：未明示｜畫面核心：｜情緒：平靜",植物｜樹木,
40,孟郊,五言樂府,遊子吟,"慈母手中線，遊子身上衣。
臨行密密縫，意恐遲遲歸。
誰言寸草心，報得三春暉。","母親手裡拿著針線，正為將出門的孩子縫衣服。
臨走前她一針一線縫得很密，只怕孩子很久才回家。
小草一點點的心意，怎麼報答得了春天陽光般偉大的母愛呢？",5,7,visual_plan_v1,draft,"{""v"":""visual_plan_v1"",""entities"":[{""id"":""e01"",""type"":""character"",""label"":""童子""},{""id"":""e02"",""type"":""plant"",""label"":""青草""}],""continuity"":{""recurring_entities"":[""e01""]},""scenes"":[{""id"":""p040_s01"",""setting"":""未明示"",""time"":""未明示"",""mood"":""平靜"",""entities"":[""e01""],""actions"":[],""focus"":[""童子""]},{""id"":""p040_s02"",""setting"":""未明示"",""time"":""未明示"",""mood"":""平靜"",""entities"":[""e01""],""actions"":[""前行""],""focus"":[""童子"",""前行""]},{""id"":""p040_s03"",""setting"":""未明示"",""time"":""春天"",""mood"":""平靜"",""entities"":[""e02""],""actions"":[],""focus"":[""青草""]}]}",依各 Scene 視覺計畫,"p040_s01｜場景：未明示｜畫面核心：童子｜情緒：平靜｜出現：童子
p040_s02｜場景：未明示｜畫面核心：童子、前行｜動作：前行｜情緒：平靜｜出現：童子
p040_s03｜場景：未明示｜時間：春天｜畫面核心：青草｜情緒：平靜｜出現：青草","人物｜童子
植物｜青草",重複元素：童子
41,陳子昂,古體詩,登幽州臺歌,"前不見古人，後不見來者。
念天地之悠悠，獨愴然而涕下。","向前看，見不到古代那些值得敬仰的人；向後看，也不知道未來誰會懂我。
想到天地這麼廣大又長久，只有自己孤單站著，忍不住難過流淚。",4,8,visual_plan_v1,draft,"{""v"":""visual_plan_v1"",""entities"":[{""id"":""e01"",""type"":""character"",""label"":""詩人""}],""continuity"":{""recurring_entities"":[]},""scenes"":[{""id"":""p041_s01"",""setting"":""未明示"",""time"":""未明示"",""mood"":""平靜"",""entities"":[""e01""],""actions"":[""看望""],""focus"":[""詩人"",""看望""]},{""id"":""p041_s02"",""setting"":""未明示"",""time"":""未明示"",""mood"":""感傷"",""entities"":[],""actions"":[""哭泣""],""focus"":[""哭泣""]}]}",依各 Scene 視覺計畫,"p041_s01｜場景：未明示｜畫面核心：詩人、看望｜動作：看望｜情緒：平靜｜出現：詩人
p041_s02｜場景：未明示｜畫面核心：哭泣｜動作：哭泣｜情緒：感傷",人物｜詩人,
42,李頎,古體詩,古意,"男兒事長征，少小幽燕客。
賭勝馬蹄下，由來輕七尺。
殺人莫敢前，鬚如蝟毛磔。
黃雲隴底白雪飛，未得報恩不能歸。
遼東小婦年十五，慣彈琵琶解歌舞。
今爲羗笛出塞聲，使我三軍淚如雨。","男子漢常常遠赴邊疆作戰，他從小就是幽燕一帶豪勇的少年。
他愛在馬背上比勝負，從來不太把自己的性命放在心上。
打起仗來勇猛得沒人敢靠近，鬍鬚都像刺蝟毛一樣豎起。
邊塞黃雲下飛著白雪，在報答國家以前，他覺得自己不能回家。
遼東有個十五歲的年輕女子，熟悉琵琶，也會唱歌跳舞。
如今她吹奏出塞的悲涼曲聲，讓整支軍隊的人都忍不住掉淚。",1,9,visual_plan_v1,draft,"{""v"":""visual_plan_v1"",""entities"":[{""id"":""e01"",""type"":""animal"",""label"":""鳥""},{""id"":""e02"",""type"":""animal"",""label"":""馬""},{""id"":""e03"",""type"":""location"",""label"":""關塞""},{""id"":""e04"",""type"":""object"",""label"":""雲""},{""id"":""e05"",""type"":""object"",""label"":""雪""},{""id"":""e06"",""type"":""character"",""label"":""女子""},{""id"":""e07"",""type"":""object"",""label"":""雨""}],""continuity"":{""recurring_entities"":[""e03""]},""scenes"":[{""id"":""p042_s01"",""setting"":""未明示"",""time"":""未明示"",""mood"":""平靜"",""entities"":[""e01""],""actions"":[],""focus"":[""鳥""]},{""id"":""p042_s02"",""setting"":""未明示"",""time"":""未明示"",""mood"":""平靜"",""entities"":[""e02""],""actions"":[],""focus"":[""馬""]},{""id"":""p042_s03"",""setting"":""未明示"",""time"":""未明示"",""mood"":""平靜"",""entities"":[],""actions"":[],""focus"":[]},{""id"":""p042_s04"",""setting"":""關塞"",""time"":""冬天"",""mood"":""平靜"",""entities"":[""e03"",""e04"",""e05""],""actions"":[],""focus"":[""雲"",""雪""]},{""id"":""p042_s05"",""setting"":""未明示"",""time"":""未明示"",""mood"":""平靜"",""entities"":[""e06""],""actions"":[],""focus"":[""女子""]},{""id"":""p042_s06"",""setting"":""關塞"",""time"":""未明示"",""mood"":""感傷"",""entities"":[""e03"",""e07""],""actions"":[""哭泣""],""focus"":[""雨"",""哭泣""]}]}",依各 Scene 視覺計畫,"p042_s01｜場景：未明示｜畫面核心：鳥｜情緒：平靜｜出現：鳥
p042_s02｜場景：未明示｜畫面核心：馬｜情緒：平靜｜出現：馬
p042_s03｜場景：未明示｜畫面核心：｜情緒：平靜
p042_s04｜場景：關塞｜時間：冬天｜畫面核心：雲、雪｜情緒：平靜｜出現：關塞、雲、雪
p042_s05｜場景：未明示｜畫面核心：女子｜情緒：平靜｜出現：女子
p042_s06｜場景：關塞｜畫面核心：雨、哭泣｜動作：哭泣｜情緒：感傷｜出現：關塞、雨","動物｜鳥
動物｜馬
場景｜關塞
物件｜雲
物件｜雪
人物｜女子
物件｜雨",重複元素：關塞
43,李頎,七言古詩,送陳章甫,"四月南風大麥黃，棗花未落桐陰長。
青山朝別暮還見，嘶馬出門思舊鄉。
陳侯立身何坦蕩，虬鬚虎眉仍大顙。
腹中貯書一萬卷，不肯低頭在草莽。
東門酤酒飲我曹，心輕萬事皆鴻毛。
醉臥不知白日暮，有時空望孤雲高。
長河浪頭連天黑，津口停舟渡不得。
鄭國遊人未及家，洛陽行子空歎息。
聞道故林相識多，罷官昨日今如何。","四月南風吹起，大麥已經變黃，棗花還沒落，梧桐樹蔭正濃。
一路青山早晚都看得見，馬兒嘶叫著出門，更讓人想起故鄉。
陳章甫做人坦白豪爽，鬍鬚捲曲、眉毛粗濃，額頭也很寬。
他讀過非常多書，卻不肯為了出名而向別人低頭。
我們在東門買酒一起喝，把世上許多煩惱看得像羽毛一樣輕。
喝醉後躺著也不知道天色已晚，有時只是抬頭望著高高的孤雲。
大河浪頭連著昏暗天空，渡口因風浪太大，船停著不能過去。
遠行的人還沒回到家，另一邊的旅人也只能空自嘆息。
聽說你家鄉還有很多老朋友，如今你辭官回去，不知道心情如何。",1,9,visual_plan_v1,draft,"{""v"":""visual_plan_v1"",""entities"":[{""id"":""e01"",""type"":""plant"",""label"":""花樹""},{""id"":""e02"",""type"":""plant"",""label"":""樹木""},{""id"":""e03"",""type"":""object"",""label"":""月亮""},{""id"":""e04"",""type"":""object"",""label"":""風""},{""id"":""e05"",""type"":""animal"",""label"":""馬""},{""id"":""e06"",""type"":""location"",""label"":""山中""},{""id"":""e07"",""type"":""location"",""label"":""古道""},{""id"":""e08"",""type"":""plant"",""label"":""青草""},{""id"":""e09"",""type"":""character"",""label"":""詩人""},{""id"":""e10"",""type"":""object"",""label"":""酒""},{""id"":""e11"",""type"":""object"",""label"":""太陽""},{""id"":""e12"",""type"":""object"",""label"":""雲""},{""id"":""e13"",""type"":""location"",""label"":""河岸""},{""id"":""e14"",""type"":""location"",""label"":""船上""},{""id"":""e15"",""type"":""object"",""label"":""小船""},{""id"":""e16"",""type"":""character"",""label"":""旅人""},{""id"":""e17"",""type"":""character"",""label"":""朋友""}],""continuity"":{""recurring_entities"":[""e04""]},""scenes"":[{""id"":""p043_s01"",""setting"":""未明示"",""time"":""未明示"",""mood"":""平靜"",""entities"":[""e01"",""e02"",""e03"",""e04""],""actions"":[],""focus"":[""花樹"",""樹木"",""月亮"",""風""]},{""id"":""p043_s02"",""setting"":""山中"",""time"":""黃昏"",""mood"":""平靜"",""entities"":[""e05"",""e06"",""e07""],""actions"":[""看望""],""focus"":[""馬"",""看望""]},{""id"":""p043_s03"",""setting"":""未明示"",""time"":""未明示"",""mood"":""平靜"",""entities"":[],""actions"":[],""focus"":[]},{""id"":""p043_s04"",""setting"":""未明示"",""time"":""未明示"",""mood"":""平靜"",""entities"":[""e08""],""actions"":[],""focus"":[""青草""]},{""id"":""p043_s05"",""setting"":""未明示"",""time"":""未明示"",""mood"":""平靜"",""entities"":[""e09"",""e10""],""actions"":[""看望"",""飲酒""],""focus"":[""詩人"",""酒"",""看望"",""飲酒""]},{""id"":""p043_s06"",""setting"":""未明示"",""time"":""黃昏"",""mood"":""平靜"",""entities"":[""e11"",""e12""],""actions"":[""看望""],""focus"":[""太陽"",""雲"",""看望""]},{""id"":""p043_s07"",""setting"":""河岸"",""time"":""未明示"",""mood"":""平靜"",""entities"":[""e13"",""e14"",""e04"",""e15""],""actions"":[""前行""],""focus"":[""風"",""小船"",""前行""]},{""id"":""p043_s08"",""setting"":""未明示"",""time"":""未明示"",""mood"":""平靜"",""entities"":[""e16""],""actions"":[""前行""],""focus"":[""旅人"",""前行""]},{""id"":""p043_s09"",""setting"":""未明示"",""time"":""未明示"",""mood"":""平靜"",""entities"":[""e17""],""actions"":[""聆聽"",""前行""],""focus"":[""朋友"",""聆聽"",""前行""]}]}",依各 Scene 視覺計畫,"p043_s01｜場景：未明示｜畫面核心：花樹、樹木、月亮、風｜情緒：平靜｜出現：花樹、樹木、月亮、風
p043_s02｜場景：山中｜時間：黃昏｜畫面核心：馬、看望｜動作：看望｜情緒：平靜｜出現：馬、山中、古道
p043_s03｜場景：未明示｜畫面核心：｜情緒：平靜
p043_s04｜場景：未明示｜畫面核心：青草｜情緒：平靜｜出現：青草
p043_s05｜場景：未明示｜畫面核心：詩人、酒、看望、飲酒｜動作：看望、飲酒｜情緒：平靜｜出現：詩人、酒
p043_s06｜場景：未明示｜時間：黃昏｜畫面核心：太陽、雲、看望｜動作：看望｜情緒：平靜｜出現：太陽、雲
p043_s07｜場景：河岸｜畫面核心：風、小船、前行｜動作：前行｜情緒：平靜｜出現：河岸、船上、風、小船
p043_s08｜場景：未明示｜畫面核心：旅人、前行｜動作：前行｜情緒：平靜｜出現：旅人
p043_s09｜場景：未明示｜畫面核心：朋友、聆聽、前行｜動作：聆聽、前行｜情緒：平靜｜出現：朋友","植物｜花樹
植物｜樹木
物件｜月亮
物件｜風
動物｜馬
場景｜山中
場景｜古道
植物｜青草
人物｜詩人
物件｜酒
物件｜太陽
物件｜雲
場景｜河岸
場景｜船上
物件｜小船
人物｜旅人
人物｜朋友",重複元素：風
44,李頎,七言古詩,琴歌,"主人有酒歡今夕，請奏鳴琴廣陵客。
月照城頭烏半飛，霜淒萬樹風入衣。
銅鑪華燭燭增輝，初彈淥水後楚妃。
一聲已動物皆靜，四座無言星欲稀。
清淮奉使千餘里，敢告雲山從此始。","主人今晚有酒，大家很開心，也請來自廣陵的客人彈琴。
月光照著城頭，烏鴉半飛半棲，寒霜和冷風吹進衣服裡。
銅爐和華麗蠟燭照得明亮，琴聲先彈《綠水》，再彈《楚妃》。
琴聲一響，四周好像都安靜下來，大家不說話，直到天上星星漸稀。
我還要到很遠的淮河一帶辦事，今晚之後就準備走向山水旅程了。",1,9,visual_plan_v1,draft,"{""v"":""visual_plan_v1"",""entities"":[{""id"":""e01"",""type"":""character"",""label"":""旅人""},{""id"":""e02"",""type"":""object"",""label"":""酒""},{""id"":""e03"",""type"":""object"",""label"":""古琴""},{""id"":""e04"",""type"":""animal"",""label"":""鳥""},{""id"":""e05"",""type"":""plant"",""label"":""樹木""},{""id"":""e06"",""type"":""location"",""label"":""城中""},{""id"":""e07"",""type"":""object"",""label"":""月亮""},{""id"":""e08"",""type"":""object"",""label"":""風""},{""id"":""e09"",""type"":""object"",""label"":""霜""},{""id"":""e10"",""type"":""object"",""label"":""燈火""},{""id"":""e11"",""type"":""character"",""label"":""詩人""},{""id"":""e12"",""type"":""location"",""label"":""河岸""},{""id"":""e13"",""type"":""object"",""label"":""雲""}],""continuity"":{""recurring_entities"":[""e03""]},""scenes"":[{""id"":""p044_s01"",""setting"":""未明示"",""time"":""未明示"",""mood"":""愉快"",""entities"":[""e01"",""e02"",""e03""],""actions"":[""飲酒"",""彈奏""],""focus"":[""旅人"",""酒"",""古琴"",""飲酒"",""彈奏""]},{""id"":""p044_s02"",""setting"":""城中"",""time"":""夜晚"",""mood"":""平靜"",""entities"":[""e04"",""e05"",""e06"",""e07"",""e08"",""e09""],""actions"":[],""focus"":[""鳥"",""樹木"",""月亮"",""風"",""霜""]},{""id"":""p044_s03"",""setting"":""未明示"",""time"":""未明示"",""mood"":""平靜"",""entities"":[""e10"",""e03""],""actions"":[],""focus"":[""燈火"",""古琴""]},{""id"":""p044_s04"",""setting"":""未明示"",""time"":""夜晚"",""mood"":""安靜"",""entities"":[""e03""],""actions"":[],""focus"":[""古琴""]},{""id"":""p044_s05"",""setting"":""河岸"",""time"":""未明示"",""mood"":""平靜"",""entities"":[""e11"",""e12"",""e13""],""actions"":[""前行""],""focus"":[""詩人"",""雲"",""前行""]}]}",依各 Scene 視覺計畫,"p044_s01｜場景：未明示｜畫面核心：旅人、酒、古琴、飲酒、彈奏｜動作：飲酒、彈奏｜情緒：愉快｜出現：旅人、酒、古琴
p044_s02｜場景：城中｜時間：夜晚｜畫面核心：鳥、樹木、月亮、風、霜｜情緒：平靜｜出現：鳥、樹木、城中、月亮、風、霜
p044_s03｜場景：未明示｜畫面核心：燈火、古琴｜情緒：平靜｜出現：燈火、古琴
p044_s04｜場景：未明示｜時間：夜晚｜畫面核心：古琴｜情緒：安靜｜出現：古琴
p044_s05｜場景：河岸｜畫面核心：詩人、雲、前行｜動作：前行｜情緒：平靜｜出現：詩人、河岸、雲","人物｜旅人
物件｜酒
物件｜古琴
動物｜鳥
植物｜樹木
場景｜城中
物件｜月亮
物件｜風
物件｜霜
物件｜燈火
人物｜詩人
場景｜河岸
物件｜雲",重複元素：古琴
45,李頎,七言古詩,聽董大彈胡笳兼寄語弄房給事,"蔡女昔造胡笳聲，一彈一十有八拍。
胡人落淚沾邊草，漢使斷腸對歸客。
古戍蒼蒼烽火寒，大荒沈沈飛雪白。
先拂商弦後角羽，四郊秋葉驚摵摵。
董夫子，通神明，深山竊聽來妖精。
言遲更速皆應手，將往復旋如有情。
空山百鳥散還合，萬里浮雲陰且晴。
嘶酸雛鴈失羣夜，斷絕胡兒戀母聲。
川爲淨其波，鳥亦罷其鳴。
烏孫部落家鄉遠，邏娑沙塵哀怨生。
幽音變調忽飄灑，長風吹林雨墮瓦。
迸泉颯颯飛木末，野鹿呦呦走堂下。
長安城連東掖垣，鳳凰池對青瑣門。
高才脫略名與利，日夕望君抱琴至。","從前蔡文姬創作胡笳曲，一共有十八段旋律。
那悲涼的音樂讓胡人落淚，也讓漢朝使者聽了十分心酸。
古老邊城冷清，烽火像帶著寒意，荒野上大雪紛飛。
董大先彈低沉的弦，再轉成高亮聲音，秋葉彷彿都被驚得沙沙作響。
董先生的琴藝像通了神，連深山裡的精怪都像會偷偷來聽。
琴聲一會慢、一會快，都隨手而出，來來回回像有自己的感情。
空山中的鳥兒一會飛散一會聚回，天空浮雲也像隨琴聲忽暗忽晴。
有時像失群的小雁在夜裡悲叫，又像孩子想念母親時哭到沒有聲音。
河水好像因琴聲安靜下來，鳥兒也停止鳴叫。
旋律又讓人想到遙遠的故鄉和沙塵滿天的異地，充滿哀愁。
幽幽琴聲忽然轉調飄灑，好像長風吹過樹林、雨點落在屋瓦上。
又像泉水急奔樹梢，也像野鹿在堂下呦呦鳴叫。
長安城一路連著宮牆，宮中的重要官署就在華麗門邊。
有才華的人不太計較名利，大家天天盼著你抱琴再來。",1,9,visual_plan_v1,draft,"{""v"":""visual_plan_v1"",""entities"":[{""id"":""e01"",""type"":""plant"",""label"":""青草""},{""id"":""e02"",""type"":""location"",""label"":""城中""},{""id"":""e03"",""type"":""object"",""label"":""雪""},{""id"":""e04"",""type"":""object"",""label"":""古琴""},{""id"":""e05"",""type"":""animal"",""label"":""鳥""},{""id"":""e06"",""type"":""location"",""label"":""山中""},{""id"":""e07"",""type"":""object"",""label"":""雲""},{""id"":""e08"",""type"":""character"",""label"":""童子""},{""id"":""e09"",""type"":""location"",""label"":""溪流""},{""id"":""e10"",""type"":""location"",""label"":""河岸""},{""id"":""e11"",""type"":""plant"",""label"":""樹木""},{""id"":""e12"",""type"":""location"",""label"":""房間""},{""id"":""e13"",""type"":""object"",""label"":""雨""},{""id"":""e14"",""type"":""object"",""label"":""風""},{""id"":""e15"",""type"":""animal"",""label"":""鹿""},{""id"":""e16"",""type"":""location"",""label"":""宮中""},{""id"":""e17"",""type"":""location"",""label"":""古道""}],""continuity"":{""recurring_entities"":[""e02"",""e04"",""e05"",""e11""]},""scenes"":[{""id"":""p045_s01"",""setting"":""未明示"",""time"":""未明示"",""mood"":""平靜"",""entities"":[],""actions"":[],""focus"":[]},{""id"":""p045_s02"",""setting"":""未明示"",""time"":""未明示"",""mood"":""感傷"",""entities"":[""e01""],""actions"":[""聆聽"",""哭泣""],""focus"":[""青草"",""聆聽"",""哭泣""]},{""id"":""p045_s03"",""setting"":""城中"",""time"":""冬天"",""mood"":""平靜"",""entities"":[""e02"",""e03""],""actions"":[],""focus"":[""雪""]},{""id"":""p045_s04"",""setting"":""未明示"",""time"":""秋天"",""mood"":""平靜"",""entities"":[],""actions"":[],""focus"":[]},{""id"":""p045_s05"",""setting"":""未明示"",""time"":""未明示"",""mood"":""平靜"",""entities"":[""e04""],""actions"":[""聆聽""],""focus"":[""古琴"",""聆聽""]},{""id"":""p045_s06"",""setting"":""未明示"",""time"":""未明示"",""mood"":""平靜"",""entities"":[""e04""],""actions"":[],""focus"":[""古琴""]},{""id"":""p045_s07"",""setting"":""山中"",""time"":""未明示"",""mood"":""平靜"",""entities"":[""e05"",""e06"",""e07"",""e04""],""actions"":[],""focus"":[""鳥"",""雲"",""古琴""]},{""id"":""p045_s08"",""setting"":""未明示"",""time"":""夜晚"",""mood"":""思念"",""entities"":[""e08"",""e05""],""actions"":[""思念"",""哭泣""],""focus"":[""童子"",""鳥"",""思念"",""哭泣""]},{""id"":""p045_s09"",""setting"":""溪流"",""time"":""未明示"",""mood"":""安靜"",""entities"":[""e05"",""e09"",""e10"",""e04""],""actions"":[],""focus"":[""鳥"",""古琴""]},{""id"":""p045_s10"",""setting"":""未明示"",""time"":""未明示"",""mood"":""平靜"",""entities"":[],""actions"":[],""focus"":[]},{""id"":""p045_s11"",""setting"":""房間"",""time"":""未明示"",""mood"":""平靜"",""entities"":[""e11"",""e12"",""e13"",""e14"",""e04""],""actions"":[],""focus"":[""樹木"",""雨"",""風"",""古琴""]},{""id"":""p045_s12"",""setting"":""未明示"",""time"":""未明示"",""mood"":""平靜"",""entities"":[""e15"",""e11""],""actions"":[],""focus"":[""鹿"",""樹木""]},{""id"":""p045_s13"",""setting"":""城中"",""time"":""未明示"",""mood"":""平靜"",""entities"":[""e02"",""e16"",""e17""],""actions"":[],""focus"":[]},{""id"":""p045_s14"",""setting"":""未明示"",""time"":""未明示"",""mood"":""平靜"",""entities"":[""e04""],""actions"":[],""focus"":[""古琴""]}]}",依各 Scene 視覺計畫,"p045_s01｜場景：未明示｜畫面核心：｜情緒：平靜
p045_s02｜場景：未明示｜畫面核心：青草、聆聽、哭泣｜動作：聆聽、哭泣｜情緒：感傷｜出現：青草
p045_s03｜場景：城中｜時間：冬天｜畫面核心：雪｜情緒：平靜｜出現：城中、雪
p045_s04｜場景：未明示｜時間：秋天｜畫面核心：｜情緒：平靜
p045_s05｜場景：未明示｜畫面核心：古琴、聆聽｜動作：聆聽｜情緒：平靜｜出現：古琴
p045_s06｜場景：未明示｜畫面核心：古琴｜情緒：平靜｜出現：古琴
p045_s07｜場景：山中｜畫面核心：鳥、雲、古琴｜情緒：平靜｜出現：鳥、山中、雲、古琴
p045_s08｜場景：未明示｜時間：夜晚｜畫面核心：童子、鳥、思念、哭泣｜動作：思念、哭泣｜情緒：思念｜出現：童子、鳥
p045_s09｜場景：溪流｜畫面核心：鳥、古琴｜情緒：安靜｜出現：鳥、溪流、河岸、古琴
p045_s10｜場景：未明示｜畫面核心：｜情緒：平靜
p045_s11｜場景：房間｜畫面核心：樹木、雨、風、古琴｜情緒：平靜｜出現：樹木、房間、雨、風、古琴
p045_s12｜場景：未明示｜畫面核心：鹿、樹木｜情緒：平靜｜出現：鹿、樹木
p045_s13｜場景：城中｜畫面核心：｜情緒：平靜｜出現：城中、宮中、古道
p045_s14｜場景：未明示｜畫面核心：古琴｜情緒：平靜｜出現：古琴","植物｜青草
場景｜城中
物件｜雪
物件｜古琴
動物｜鳥
場景｜山中
物件｜雲
人物｜童子
場景｜溪流
場景｜河岸
植物｜樹木
場景｜房間
物件｜雨
物件｜風
動物｜鹿
場景｜宮中
場景｜古道",重複元素：城中、古琴、鳥、樹木
46,李頎,七言古詩,聽安萬善吹觱篥歌,"南山截竹爲觱篥，此樂本自龜茲出。
流傳漢地曲轉奇，涼州胡人爲我吹。
傍鄰聞者多歎息，遠客思鄉皆淚垂。
世人解聽不解賞，長飆風中自來往。
枯桑老柏寒颼飀，九雛鳴鳳亂啾啾。
龍吟虎嘯一時發，萬籟百泉相與秋。
忽然更作漁陽摻，黃雲蕭條白日暗。
變調如聞楊柳春，上林繁花照眼新。
歲夜高堂列明燭，美酒一杯聲一曲。","南山的竹子被做成觱篥，這種樂器原本從西域龜茲傳來。
傳到中原後曲調越來越特別，今天由涼州的胡人為我吹奏。
附近的人聽了都嘆息，遠方旅客更因想家而流下眼淚。
很多人聽得見音樂，卻不一定真正懂它的好，聲音只管在長風裡自在來去。
有時像寒風吹過枯桑老柏，有時又像許多小鳳凰一起鳴叫。
又像龍吟虎嘯同時響起，千百種聲音和泉水都帶著秋意。
忽然曲子變得激烈，黃雲低沉，白天也像暗了下來。
再一轉調，又像聽見春天楊柳，眼前彷彿開滿新鮮花朵。
年終夜晚大廳點滿明燭，我們一邊喝酒，一邊聽一曲又一曲。",1,9,visual_plan_v1,draft,"{""v"":""visual_plan_v1"",""entities"":[{""id"":""e01"",""type"":""plant"",""label"":""竹子""},{""id"":""e02"",""type"":""character"",""label"":""詩人""},{""id"":""e03"",""type"":""character"",""label"":""旅人""},{""id"":""e04"",""type"":""object"",""label"":""風""},{""id"":""e05"",""type"":""object"",""label"":""太陽""},{""id"":""e06"",""type"":""object"",""label"":""雲""},{""id"":""e07"",""type"":""plant"",""label"":""花樹""},{""id"":""e08"",""type"":""plant"",""label"":""柳樹""},{""id"":""e09"",""type"":""object"",""label"":""酒""},{""id"":""e10"",""type"":""object"",""label"":""燈火""}],""continuity"":{""recurring_entities"":[""e02"",""e04""]},""scenes"":[{""id"":""p046_s01"",""setting"":""未明示"",""time"":""未明示"",""mood"":""平靜"",""entities"":[""e01""],""actions"":[],""focus"":[""竹子""]},{""id"":""p046_s02"",""setting"":""未明示"",""time"":""未明示"",""mood"":""平靜"",""entities"":[""e02""],""actions"":[],""focus"":[""詩人""]},{""id"":""p046_s03"",""setting"":""未明示"",""time"":""未明示"",""mood"":""感傷"",""entities"":[""e03""],""actions"":[""聆聽"",""哭泣""],""focus"":[""旅人"",""聆聽"",""哭泣""]},{""id"":""p046_s04"",""setting"":""未明示"",""time"":""未明示"",""mood"":""悠閒"",""entities"":[""e04""],""actions"":[""聆聽"",""前行""],""focus"":[""風"",""聆聽"",""前行""]},{""id"":""p046_s05"",""setting"":""未明示"",""time"":""未明示"",""mood"":""平靜"",""entities"":[""e04""],""actions"":[],""focus"":[""風""]},{""id"":""p046_s06"",""setting"":""未明示"",""time"":""秋天"",""mood"":""平靜"",""entities"":[],""actions"":[],""focus"":[]},{""id"":""p046_s07"",""setting"":""未明示"",""time"":""未明示"",""mood"":""平靜"",""entities"":[""e05"",""e06""],""actions"":[],""focus"":[""太陽"",""雲""]},{""id"":""p046_s08"",""setting"":""未明示"",""time"":""春天"",""mood"":""平靜"",""entities"":[""e07"",""e08""],""actions"":[""聆聽""],""focus"":[""花樹"",""柳樹"",""聆聽""]},{""id"":""p046_s09"",""setting"":""未明示"",""time"":""夜晚"",""mood"":""平靜"",""entities"":[""e02"",""e09"",""e10""],""actions"":[""聆聽"",""飲酒""],""focus"":[""詩人"",""酒"",""燈火"",""聆聽"",""飲酒""]}]}",依各 Scene 視覺計畫,"p046_s01｜場景：未明示｜畫面核心：竹子｜情緒：平靜｜出現：竹子
p046_s02｜場景：未明示｜畫面核心：詩人｜情緒：平靜｜出現：詩人
p046_s03｜場景：未明示｜畫面核心：旅人、聆聽、哭泣｜動作：聆聽、哭泣｜情緒：感傷｜出現：旅人
p046_s04｜場景：未明示｜畫面核心：風、聆聽、前行｜動作：聆聽、前行｜情緒：悠閒｜出現：風
p046_s05｜場景：未明示｜畫面核心：風｜情緒：平靜｜出現：風
p046_s06｜場景：未明示｜時間：秋天｜畫面核心：｜情緒：平靜
p046_s07｜場景：未明示｜畫面核心：太陽、雲｜情緒：平靜｜出現：太陽、雲
p046_s08｜場景：未明示｜時間：春天｜畫面核心：花樹、柳樹、聆聽｜動作：聆聽｜情緒：平靜｜出現：花樹、柳樹
p046_s09｜場景：未明示｜時間：夜晚｜畫面核心：詩人、酒、燈火、聆聽、飲酒｜動作：聆聽、飲酒｜情緒：平靜｜出現：詩人、酒、燈火","植物｜竹子
人物｜詩人
人物｜旅人
物件｜風
物件｜太陽
物件｜雲
植物｜花樹
植物｜柳樹
物件｜酒
物件｜燈火",重複元素：詩人、風
47,孟浩然,七言古詩,夜歸鹿門歌,"山寺鳴鐘晝已昏，漁梁渡頭爭渡喧。
人隨沙岸向江村，余亦乘舟歸鹿門。
鹿門月照開煙樹，忽到龐公棲隱處。
巖扉松徑長寂寥，惟有幽人自來去。","山寺鐘聲響起時天已黃昏，渡口的人正吵鬧著搶著過河。
大家沿沙岸回江村，我也坐船回到鹿門山。
月光照著鹿門，煙霧中的樹慢慢清楚，我忽然來到古人隱居的地方。
山門和松林小路一直很安靜，只有喜愛清幽的人自己來來去去。",3,9,visual_plan_v1,draft,"{""v"":""visual_plan_v1"",""entities"":[{""id"":""e01"",""type"":""location"",""label"":""河岸""},{""id"":""e02"",""type"":""location"",""label"":""寺院""},{""id"":""e03"",""type"":""object"",""label"":""鐘""},{""id"":""e04"",""type"":""character"",""label"":""詩人""},{""id"":""e05"",""type"":""animal"",""label"":""鹿""},{""id"":""e06"",""type"":""location"",""label"":""江邊""},{""id"":""e07"",""type"":""location"",""label"":""船上""},{""id"":""e08"",""type"":""location"",""label"":""村莊""},{""id"":""e09"",""type"":""object"",""label"":""小船""},{""id"":""e10"",""type"":""plant"",""label"":""樹木""},{""id"":""e11"",""type"":""object"",""label"":""月亮""},{""id"":""e12"",""type"":""plant"",""label"":""松樹""},{""id"":""e13"",""type"":""location"",""label"":""森林""},{""id"":""e14"",""type"":""location"",""label"":""古道""}],""continuity"":{""recurring_entities"":[""e04"",""e05""]},""scenes"":[{""id"":""p047_s01"",""setting"":""河岸"",""time"":""未明示"",""mood"":""平靜"",""entities"":[""e01"",""e02"",""e03""],""actions"":[],""focus"":[""鐘""]},{""id"":""p047_s02"",""setting"":""江邊"",""time"":""未明示"",""mood"":""平靜"",""entities"":[""e04"",""e05"",""e06"",""e07"",""e08"",""e09""],""actions"":[],""focus"":[""詩人"",""鹿"",""小船""]},{""id"":""p047_s03"",""setting"":""未明示"",""time"":""夜晚"",""mood"":""平靜"",""entities"":[""e04"",""e05"",""e10"",""e11""],""actions"":[],""focus"":[""詩人"",""鹿"",""樹木"",""月亮""]},{""id"":""p047_s04"",""setting"":""森林"",""time"":""未明示"",""mood"":""安靜"",""entities"":[""e12"",""e13"",""e14""],""actions"":[""前行""],""focus"":[""松樹"",""前行""]}]}",依各 Scene 視覺計畫,"p047_s01｜場景：河岸｜畫面核心：鐘｜情緒：平靜｜出現：河岸、寺院、鐘
p047_s02｜場景：江邊｜畫面核心：詩人、鹿、小船｜情緒：平靜｜出現：詩人、鹿、江邊、船上、村莊、小船
p047_s03｜場景：未明示｜時間：夜晚｜畫面核心：詩人、鹿、樹木、月亮｜情緒：平靜｜出現：詩人、鹿、樹木、月亮
p047_s04｜場景：森林｜畫面核心：松樹、前行｜動作：前行｜情緒：安靜｜出現：松樹、森林、古道","場景｜河岸
場景｜寺院
物件｜鐘
人物｜詩人
動物｜鹿
場景｜江邊
場景｜船上
場景｜村莊
物件｜小船
植物｜樹木
物件｜月亮
植物｜松樹
場景｜森林
場景｜古道",重複元素：詩人、鹿
48,李白,七言古詩,廬山謠寄盧侍御虛舟,"我本楚狂人，鳳歌笑孔丘。
手持綠玉杖，朝別黃鶴樓。
五嶽尋仙不辭遠，一生好入名山遊。
廬山秀出南斗傍，屏風九疊雲錦張，影落明湖青黛光。
金闕前開二峰長，銀河倒挂三石梁。
香爐瀑布遙相望，迴厓沓嶂凌蒼蒼。
翠影紅霞映朝日，鳥飛不到吳天長。
登高壯觀天地間，大江茫茫去不還。
黃雲萬里動風色，白波九道流雪山。
好爲廬山謠，興因廬山發。
閑窺石鏡清我心，謝公行處蒼苔沒。
早服還丹無世情，琴心三疊道初成。
遙見仙人綵雲裏，手把芙蓉朝玉京。
先期汗漫九垓上，願接盧敖遊太清。","我本來就是個不受拘束的人，像古代狂士一樣敢笑世俗規矩。
手拿著綠玉杖，清晨離開黃鶴樓出發。
為了尋訪名山仙境，五嶽再遠我也不怕，我一生最愛遊山。
廬山高高秀出天邊，層層山峰像展開的錦繡屏風，倒影落在明湖上。
兩座高峰像金色宮門，瀑布又像銀河倒掛在山石之間。
遠遠可見香爐峰和瀑布，層層山崖一直伸向青天。
青翠山影和紅霞映著朝陽，山勢高到連鳥似乎都飛不上去。
登高望去天地壯闊，大江茫茫向遠方流去，再也不回頭。
萬里黃雲隨風改變，江上白浪像雪山一樣翻湧。
我喜歡唱這首廬山歌，所有興致都是廬山美景引起的。
看看清澈的石鏡讓心也變清明，古人走過的地方如今已長滿青苔。
如果早早學會放下世俗牽掛，內心便能漸漸進入清靜境界。
遠遠彷彿看見仙人在彩雲裡，手拿蓮花前往天上的宮殿。
希望有一天也能和好友一起，在高遠清淨的天地間自在遨遊。",3,9,visual_plan_v1,draft,"{""v"":""visual_plan_v1"",""entities"":[{""id"":""e01"",""type"":""character"",""label"":""詩人""},{""id"":""e02"",""type"":""animal"",""label"":""鶴""},{""id"":""e03"",""type"":""location"",""label"":""樓台""},{""id"":""e04"",""type"":""location"",""label"":""湖邊""},{""id"":""e05"",""type"":""object"",""label"":""雲""},{""id"":""e06"",""type"":""object"",""label"":""風""},{""id"":""e07"",""type"":""location"",""label"":""河岸""},{""id"":""e08"",""type"":""location"",""label"":""宮中""},{""id"":""e09"",""type"":""object"",""label"":""石陣""},{""id"":""e10"",""type"":""animal"",""label"":""鳥""},{""id"":""e11"",""type"":""location"",""label"":""江邊""},{""id"":""e12"",""type"":""object"",""label"":""雪""},{""id"":""e13"",""type"":""object"",""label"":""古琴""},{""id"":""e14"",""type"":""plant"",""label"":""花樹""},{""id"":""e15"",""type"":""plant"",""label"":""荷花""},{""id"":""e16"",""type"":""location"",""label"":""城中""}],""continuity"":{""recurring_entities"":[""e01"",""e05"",""e06"",""e08"",""e09"",""e11""]},""scenes"":[{""id"":""p048_s01"",""setting"":""未明示"",""time"":""未明示"",""mood"":""平靜"",""entities"":[""e01""],""actions"":[],""focus"":[""詩人""]},{""id"":""p048_s02"",""setting"":""樓台"",""time"":""未明示"",""mood"":""平靜"",""entities"":[""e02"",""e03""],""actions"":[],""focus"":[""鶴""]},{""id"":""p048_s03"",""setting"":""未明示"",""time"":""未明示"",""mood"":""平靜"",""entities"":[""e01""],""actions"":[],""focus"":[""詩人""]},{""id"":""p048_s04"",""setting"":""湖邊"",""time"":""未明示"",""mood"":""平靜"",""entities"":[""e04"",""e05"",""e06""],""actions"":[],""focus"":[""雲"",""風""]},{""id"":""p048_s05"",""setting"":""河岸"",""time"":""未明示"",""mood"":""平靜"",""entities"":[""e07"",""e08"",""e09""],""actions"":[],""focus"":[""石陣""]},{""id"":""p048_s06"",""setting"":""未明示"",""time"":""未明示"",""mood"":""平靜"",""entities"":[],""actions"":[],""focus"":[]},{""id"":""p048_s07"",""setting"":""未明示"",""time"":""未明示"",""mood"":""平靜"",""entities"":[""e10""],""actions"":[""前行""],""focus"":[""鳥"",""前行""]},{""id"":""p048_s08"",""setting"":""江邊"",""time"":""未明示"",""mood"":""平靜"",""entities"":[""e11""],""actions"":[""看望"",""前行""],""focus"":[""看望"",""前行""]},{""id"":""p048_s09"",""setting"":""江邊"",""time"":""冬天"",""mood"":""平靜"",""entities"":[""e11"",""e05"",""e06"",""e12""],""actions"":[],""focus"":[""雲"",""風"",""雪""]},{""id"":""p048_s10"",""setting"":""未明示"",""time"":""未明示"",""mood"":""愉快"",""entities"":[""e01""],""actions"":[],""focus"":[""詩人""]},{""id"":""p048_s11"",""setting"":""未明示"",""time"":""未明示"",""mood"":""平靜"",""entities"":[""e09""],""actions"":[""看望"",""前行""],""focus"":[""石陣"",""看望"",""前行""]},{""id"":""p048_s12"",""setting"":""未明示"",""time"":""未明示"",""mood"":""平靜"",""entities"":[""e13""],""actions"":[],""focus"":[""古琴""]},{""id"":""p048_s13"",""setting"":""城中"",""time"":""未明示"",""mood"":""平靜"",""entities"":[""e14"",""e15"",""e16"",""e08"",""e05""],""actions"":[""看望""],""focus"":[""花樹"",""荷花"",""雲"",""看望""]},{""id"":""p048_s14"",""setting"":""未明示"",""time"":""未明示"",""mood"":""悠閒"",""entities"":[],""actions"":[""看望""],""focus"":[""看望""]}]}",依各 Scene 視覺計畫,"p048_s01｜場景：未明示｜畫面核心：詩人｜情緒：平靜｜出現：詩人
p048_s02｜場景：樓台｜畫面核心：鶴｜情緒：平靜｜出現：鶴、樓台
p048_s03｜場景：未明示｜畫面核心：詩人｜情緒：平靜｜出現：詩人
p048_s04｜場景：湖邊｜畫面核心：雲、風｜情緒：平靜｜出現：湖邊、雲、風
p048_s05｜場景：河岸｜畫面核心：石陣｜情緒：平靜｜出現：河岸、宮中、石陣
p048_s06｜場景：未明示｜畫面核心：｜情緒：平靜
p048_s07｜場景：未明示｜畫面核心：鳥、前行｜動作：前行｜情緒：平靜｜出現：鳥
p048_s08｜場景：江邊｜畫面核心：看望、前行｜動作：看望、前行｜情緒：平靜｜出現：江邊
p048_s09｜場景：江邊｜時間：冬天｜畫面核心：雲、風、雪｜情緒：平靜｜出現：江邊、雲、風、雪
p048_s10｜場景：未明示｜畫面核心：詩人｜情緒：愉快｜出現：詩人
p048_s11｜場景：未明示｜畫面核心：石陣、看望、前行｜動作：看望、前行｜情緒：平靜｜出現：石陣
p048_s12｜場景：未明示｜畫面核心：古琴｜情緒：平靜｜出現：古琴
p048_s13｜場景：城中｜畫面核心：花樹、荷花、雲、看望｜動作：看望｜情緒：平靜｜出現：花樹、荷花、城中、宮中、雲
p048_s14｜場景：未明示｜畫面核心：看望｜動作：看望｜情緒：悠閒","人物｜詩人
動物｜鶴
場景｜樓台
場景｜湖邊
物件｜雲
物件｜風
場景｜河岸
場景｜宮中
物件｜石陣
動物｜鳥
場景｜江邊
物件｜雪
物件｜古琴
植物｜花樹
植物｜荷花
場景｜城中",重複元素：詩人、雲、風、宮中、石陣、江邊
49,李白,雜言古詩,夢遊天姥吟留別,"海客談瀛洲，煙濤微茫信難求。
越人語天姥，雲霞明滅或可覩。
天姥連天向天橫，勢拔五嶽掩赤城。
天台四萬八千丈，對此欲倒東南傾。
我欲因之夢吳越，一夜飛度鏡湖月。
湖月照我影，送我至剡溪。
謝公宿處今尚在，淥水蕩漾清猨啼。
腳著謝公屐，身登青雲梯。
半壁見海日，空中聞天雞。
千巖萬轉路不定，迷花倚石忽已暝。
熊咆龍吟殷巖泉，慄深林兮驚層巔。
雲青青兮欲雨，水澹澹兮生煙。
列缺霹靂，丘巒崩摧。
洞天石扉，訇然中開。
青冥浩蕩不見底，日月照耀金銀臺。
霓爲衣兮風爲馬，雲之君兮紛紛而來下。
虎鼓瑟兮鸞迴車，仙之人兮列如麻。
忽魂悸以魄動，怳驚起而長嗟。
惟覺時之枕席，失向來之煙霞。
世間行樂亦如此，古來萬事東流水。
別君去兮何時還？且放白鹿青崖間，須行即騎訪名山。
安能摧眉折腰事權貴，使我不得開心顏。","海上旅人談起仙島瀛洲，煙波迷濛，實在很難找到。
越地的人談起天姥山，說雲霞明滅之間有時還看得見。
天姥山高得像要橫在天空中，氣勢甚至壓過五嶽和赤城山。
連極高的天台山在它面前，都像要向東南傾倒。
因為聽了這些傳說，我夢見自己遊吳越，一夜就飛過鏡湖月色。
湖上月光照著我的影子，好像一路送我到剡溪。
謝靈運以前住過的地方還在，清水蕩漾，猿猴在岸邊啼叫。
我穿上登山木屐，一步一步登上像通往青雲的山路。
走到半山就看見海上日出，還聽到高空傳來天雞叫聲。
千山萬谷道路不停轉彎，我被花景吸引、靠著石頭，不知不覺天黑了。
熊吼龍吟般的巨響震動山泉，深林和高峰都讓人感到害怕。
烏雲沉沉像快下雨，水面搖動又升起霧氣。
忽然閃電雷鳴，山丘像要崩裂一樣。
仙境石門轟然打開，出現一個神奇世界。
裡面青天廣大看不到底，日月照著金銀般閃亮的樓臺。
仙人穿著彩虹般衣裳，以風作馬，從雲中一群群降下。
老虎像在彈琴，仙鳥拉著車，仙人多得排成一片。
我忽然心跳加快，被眼前奇景嚇得從夢中驚醒，長長嘆氣。
醒來只看見枕頭和床席，剛才的彩雲仙境全都消失了。
人世間的快樂也常像夢一樣，古往今來許多事情都像流水逝去。
和你分別後不知何時再見，我先把白鹿放在青崖間，需要時就騎牠去訪名山。
我怎麼能低頭彎腰去討好有權勢的人，讓自己連開心都做不到呢？",3,9,visual_plan_v1,draft,"{""v"":""visual_plan_v1"",""entities"":[{""id"":""e01"",""type"":""character"",""label"":""旅人""},{""id"":""e02"",""type"":""location"",""label"":""海邊""},{""id"":""e03"",""type"":""object"",""label"":""雲""},{""id"":""e04"",""type"":""location"",""label"":""城中""},{""id"":""e05"",""type"":""location"",""label"":""樓台""},{""id"":""e06"",""type"":""character"",""label"":""詩人""},{""id"":""e07"",""type"":""location"",""label"":""湖邊""},{""id"":""e08"",""type"":""object"",""label"":""月亮""},{""id"":""e09"",""type"":""location"",""label"":""溪流""},{""id"":""e10"",""type"":""location"",""label"":""古道""},{""id"":""e11"",""type"":""animal"",""label"":""猿""},{""id"":""e12"",""type"":""location"",""label"":""山中""},{""id"":""e13"",""type"":""plant"",""label"":""花樹""},{""id"":""e14"",""type"":""location"",""label"":""山谷""},{""id"":""e15"",""type"":""object"",""label"":""石陣""},{""id"":""e16"",""type"":""location"",""label"":""森林""},{""id"":""e17"",""type"":""object"",""label"":""雨""},{""id"":""e18"",""type"":""animal"",""label"":""馬""},{""id"":""e19"",""type"":""object"",""label"":""風""},{""id"":""e20"",""type"":""animal"",""label"":""鳥""},{""id"":""e21"",""type"":""object"",""label"":""古琴""},{""id"":""e22"",""type"":""location"",""label"":""房間""},{""id"":""e23"",""type"":""object"",""label"":""床""},{""id"":""e24"",""type"":""animal"",""label"":""鹿""}],""continuity"":{""recurring_entities"":[""e02"",""e03"",""e05"",""e06"",""e07"",""e08"",""e10"",""e15""]},""scenes"":[{""id"":""p049_s01"",""setting"":""海邊"",""time"":""未明示"",""mood"":""平靜"",""entities"":[""e01"",""e02""],""actions"":[],""focus"":[""旅人""]},{""id"":""p049_s02"",""setting"":""未明示"",""time"":""未明示"",""mood"":""平靜"",""entities"":[""e03""],""actions"":[""看望""],""focus"":[""雲"",""看望""]},{""id"":""p049_s03"",""setting"":""城中"",""time"":""未明示"",""mood"":""平靜"",""entities"":[""e04""],""actions"":[],""focus"":[]},{""id"":""p049_s04"",""setting"":""樓台"",""time"":""未明示"",""mood"":""平靜"",""entities"":[""e05""],""actions"":[],""focus"":[]},{""id"":""p049_s05"",""setting"":""湖邊"",""time"":""夜晚"",""mood"":""平靜"",""entities"":[""e06"",""e07"",""e08""],""actions"":[""聆聽""],""focus"":[""詩人"",""月亮"",""聆聽""]},{""id"":""p049_s06"",""setting"":""溪流"",""time"":""夜晚"",""mood"":""平靜"",""entities"":[""e06"",""e09"",""e07"",""e10"",""e08""],""actions"":[],""focus"":[""詩人"",""月亮""]},{""id"":""p049_s07"",""setting"":""未明示"",""time"":""未明示"",""mood"":""平靜"",""entities"":[""e11""],""actions"":[],""focus"":[""猿""]},{""id"":""p049_s08"",""setting"":""山中"",""time"":""未明示"",""mood"":""平靜"",""entities"":[""e06"",""e12"",""e10"",""e03""],""actions"":[""前行""],""focus"":[""詩人"",""雲"",""前行""]},{""id"":""p049_s09"",""setting"":""海邊"",""time"":""未明示"",""mood"":""平靜"",""entities"":[""e02""],""actions"":[""看望"",""聆聽"",""前行""],""focus"":[""看望"",""聆聽"",""前行""]},{""id"":""p049_s10"",""setting"":""古道"",""time"":""未明示"",""mood"":""平靜"",""entities"":[""e06"",""e13"",""e10"",""e14"",""e15""],""actions"":[],""focus"":[""詩人"",""花樹"",""石陣""]},{""id"":""p049_s11"",""setting"":""森林"",""time"":""未明示"",""mood"":""平靜"",""entities"":[""e16""],""actions"":[],""focus"":[]},{""id"":""p049_s12"",""setting"":""未明示"",""time"":""未明示"",""mood"":""平靜"",""entities"":[""e03"",""e17""],""actions"":[],""focus"":[""雲"",""雨""]},{""id"":""p049_s13"",""setting"":""未明示"",""time"":""未明示"",""mood"":""平靜"",""entities"":[],""actions"":[],""focus"":[]},{""id"":""p049_s14"",""setting"":""未明示"",""time"":""未明示"",""mood"":""平靜"",""entities"":[""e15""],""actions"":[],""focus"":[""石陣""]},{""id"":""p049_s15"",""setting"":""樓台"",""time"":""未明示"",""mood"":""平靜"",""entities"":[""e05"",""e08""],""actions"":[""看望""],""focus"":[""月亮"",""看望""]},{""id"":""p049_s16"",""setting"":""未明示"",""time"":""未明示"",""mood"":""平靜"",""entities"":[""e18"",""e03"",""e19""],""actions"":[],""focus"":[""馬"",""雲"",""風""]},{""id"":""p049_s17"",""setting"":""未明示"",""time"":""未明示"",""mood"":""平靜"",""entities"":[""e20"",""e21""],""actions"":[""彈奏""],""focus"":[""鳥"",""古琴"",""彈奏""]},{""id"":""p049_s18"",""setting"":""未明示"",""time"":""未明示"",""mood"":""平靜"",""entities"":[""e06""],""actions"":[],""focus"":[""詩人""]},{""id"":""p049_s19"",""setting"":""房間"",""time"":""未明示"",""mood"":""平靜"",""entities"":[""e22"",""e03"",""e23""],""actions"":[""看望""],""focus"":[""雲"",""床"",""看望""]},{""id"":""p049_s20"",""setting"":""未明示"",""time"":""未明示"",""mood"":""平靜"",""entities"":[],""actions"":[""前行""],""focus"":[""前行""]},{""id"":""p049_s21"",""setting"":""未明示"",""time"":""未明示"",""mood"":""平靜"",""entities"":[""e06"",""e24""],""actions"":[""前行""],""focus"":[""詩人"",""鹿"",""前行""]},{""id"":""p049_s22"",""setting"":""未明示"",""time"":""未明示"",""mood"":""愉快"",""entities"":[""e06""],""actions"":[""前行""],""focus"":[""詩人"",""前行""]}]}",依各 Scene 視覺計畫,"p049_s01｜場景：海邊｜畫面核心：旅人｜情緒：平靜｜出現：旅人、海邊
p049_s02｜場景：未明示｜畫面核心：雲、看望｜動作：看望｜情緒：平靜｜出現：雲
p049_s03｜場景：城中｜畫面核心：｜情緒：平靜｜出現：城中
p049_s04｜場景：樓台｜畫面核心：｜情緒：平靜｜出現：樓台
p049_s05｜場景：湖邊｜時間：夜晚｜畫面核心：詩人、月亮、聆聽｜動作：聆聽｜情緒：平靜｜出現：詩人、湖邊、月亮
p049_s06｜場景：溪流｜時間：夜晚｜畫面核心：詩人、月亮｜情緒：平靜｜出現：詩人、溪流、湖邊、古道、月亮
p049_s07｜場景：未明示｜畫面核心：猿｜情緒：平靜｜出現：猿
p049_s08｜場景：山中｜畫面核心：詩人、雲、前行｜動作：前行｜情緒：平靜｜出現：詩人、山中、古道、雲
p049_s09｜場景：海邊｜畫面核心：看望、聆聽、前行｜動作：看望、聆聽、前行｜情緒：平靜｜出現：海邊
p049_s10｜場景：古道｜畫面核心：詩人、花樹、石陣｜情緒：平靜｜出現：詩人、花樹、古道、山谷、石陣
p049_s11｜場景：森林｜畫面核心：｜情緒：平靜｜出現：森林
p049_s12｜場景：未明示｜畫面核心：雲、雨｜情緒：平靜｜出現：雲、雨
p049_s13｜場景：未明示｜畫面核心：｜情緒：平靜
p049_s14｜場景：未明示｜畫面核心：石陣｜情緒：平靜｜出現：石陣
p049_s15｜場景：樓台｜畫面核心：月亮、看望｜動作：看望｜情緒：平靜｜出現：樓台、月亮
p049_s16｜場景：未明示｜畫面核心：馬、雲、風｜情緒：平靜｜出現：馬、雲、風
p049_s17｜場景：未明示｜畫面核心：鳥、古琴、彈奏｜動作：彈奏｜情緒：平靜｜出現：鳥、古琴
p049_s18｜場景：未明示｜畫面核心：詩人｜情緒：平靜｜出現：詩人
p049_s19｜場景：房間｜畫面核心：雲、床、看望｜動作：看望｜情緒：平靜｜出現：房間、雲、床
p049_s20｜場景：未明示｜畫面核心：前行｜動作：前行｜情緒：平靜
p049_s21｜場景：未明示｜畫面核心：詩人、鹿、前行｜動作：前行｜情緒：平靜｜出現：詩人、鹿
p049_s22｜場景：未明示｜畫面核心：詩人、前行｜動作：前行｜情緒：愉快｜出現：詩人","人物｜旅人
場景｜海邊
物件｜雲
場景｜城中
場景｜樓台
人物｜詩人
場景｜湖邊
物件｜月亮
場景｜溪流
場景｜古道
動物｜猿
場景｜山中
植物｜花樹
場景｜山谷
物件｜石陣
場景｜森林
物件｜雨
動物｜馬
物件｜風
動物｜鳥
物件｜古琴
場景｜房間
物件｜床
動物｜鹿",重複元素：海邊、雲、樓台、詩人、湖邊、月亮、古道、石陣
50,李白,七言古詩,金陵酒肆留別,"風吹柳花滿店香，吳姬壓酒喚客嘗。
金陵子弟來相送，欲行不行各盡觴。
請君試問東流水，別意與之誰短長。","風吹著柳絮，整間酒館都是香氣，店裡的人壓好新酒招呼客人品嘗。
金陵的年輕朋友都來送我，大家捨不得分開，一杯接一杯地喝。
你看看向東不停流去的江水，我們離別的不捨，到底和江水哪個更長呢？",3,9,visual_plan_v1,draft,"{""v"":""visual_plan_v1"",""entities"":[{""id"":""e01"",""type"":""character"",""label"":""旅人""},{""id"":""e02"",""type"":""plant"",""label"":""花樹""},{""id"":""e03"",""type"":""plant"",""label"":""柳樹""},{""id"":""e04"",""type"":""object"",""label"":""風""},{""id"":""e05"",""type"":""object"",""label"":""酒""},{""id"":""e06"",""type"":""character"",""label"":""詩人""},{""id"":""e07"",""type"":""character"",""label"":""朋友""},{""id"":""e08"",""type"":""location"",""label"":""江邊""}],""continuity"":{""recurring_entities"":[""e05"",""e06""]},""scenes"":[{""id"":""p050_s01"",""setting"":""未明示"",""time"":""未明示"",""mood"":""平靜"",""entities"":[""e01"",""e02"",""e03"",""e04"",""e05""],""actions"":[""飲酒""],""focus"":[""旅人"",""花樹"",""柳樹"",""風"",""酒""]},{""id"":""p050_s02"",""setting"":""未明示"",""time"":""未明示"",""mood"":""平靜"",""entities"":[""e06"",""e07"",""e05""],""actions"":[],""focus"":[""詩人"",""朋友"",""酒""]},{""id"":""p050_s03"",""setting"":""江邊"",""time"":""未明示"",""mood"":""感傷"",""entities"":[""e06"",""e08""],""actions"":[""看望"",""前行""],""focus"":[""詩人"",""看望"",""前行""]}]}",依各 Scene 視覺計畫,"p050_s01｜場景：未明示｜畫面核心：旅人、花樹、柳樹、風、酒｜動作：飲酒｜情緒：平靜｜出現：旅人、花樹、柳樹、風、酒
p050_s02｜場景：未明示｜畫面核心：詩人、朋友、酒｜情緒：平靜｜出現：詩人、朋友、酒
p050_s03｜場景：江邊｜畫面核心：詩人、看望、前行｜動作：看望、前行｜情緒：感傷｜出現：詩人、江邊","人物｜旅人
植物｜花樹
植物｜柳樹
物件｜風
物件｜酒
人物｜詩人
人物｜朋友
場景｜江邊",重複元素：酒、詩人
51,李白,七言古詩,宣州謝朓樓餞別校書叔雲,"棄我去者，昨日之日不可留。
亂我心者，今日之日多煩憂。
長風萬里送秋雁，對此可以酣高樓。
蓬萊文章建安骨，中間小謝又清發。
俱懷逸興壯思飛，欲上青天覽明月。
抽刀斷水水更流，舉杯銷愁愁更愁。
人生在世不稱意，明朝散髮弄扁舟。","離我而去的昨天已經留不住了。
讓我心煩的今天，又有好多事情讓人憂愁。
萬里長風吹送秋雁，面對這樣景色，正適合在高樓痛快暢飲。
你的文章有古人的剛健，我的詩也追求清新俊逸的風格。
我們都有高遠興致，豪情像要飛起，恨不得登上青天看明月。
用刀砍水，水還是繼續流；喝酒想消愁，反而覺得更愁。
人生如果總是不如意，明天乾脆披散頭髮，坐小船自在遠行。",3,9,visual_plan_v1,draft,"{""v"":""visual_plan_v1"",""entities"":[{""id"":""e01"",""type"":""character"",""label"":""詩人""},{""id"":""e02"",""type"":""animal"",""label"":""鳥""},{""id"":""e03"",""type"":""location"",""label"":""樓台""},{""id"":""e04"",""type"":""object"",""label"":""風""},{""id"":""e05"",""type"":""object"",""label"":""月亮""},{""id"":""e06"",""type"":""object"",""label"":""酒""},{""id"":""e07"",""type"":""object"",""label"":""刀""},{""id"":""e08"",""type"":""location"",""label"":""船上""},{""id"":""e09"",""type"":""object"",""label"":""小船""}],""continuity"":{""recurring_entities"":[""e01"",""e04""]},""scenes"":[{""id"":""p051_s01"",""setting"":""未明示"",""time"":""未明示"",""mood"":""平靜"",""entities"":[""e01""],""actions"":[""前行""],""focus"":[""詩人"",""前行""]},{""id"":""p051_s02"",""setting"":""未明示"",""time"":""未明示"",""mood"":""平靜"",""entities"":[""e01""],""actions"":[],""focus"":[""詩人""]},{""id"":""p051_s03"",""setting"":""樓台"",""time"":""秋天"",""mood"":""平靜"",""entities"":[""e02"",""e03"",""e04""],""actions"":[],""focus"":[""鳥"",""風""]},{""id"":""p051_s04"",""setting"":""未明示"",""time"":""未明示"",""mood"":""平靜"",""entities"":[""e01"",""e04""],""actions"":[],""focus"":[""詩人"",""風""]},{""id"":""p051_s05"",""setting"":""未明示"",""time"":""夜晚"",""mood"":""平靜"",""entities"":[""e01"",""e05""],""actions"":[""看望"",""前行""],""focus"":[""詩人"",""月亮"",""看望"",""前行""]},{""id"":""p051_s06"",""setting"":""未明示"",""time"":""未明示"",""mood"":""平靜"",""entities"":[""e06"",""e07""],""actions"":[""飲酒""],""focus"":[""酒"",""刀"",""飲酒""]},{""id"":""p051_s07"",""setting"":""船上"",""time"":""未明示"",""mood"":""悠閒"",""entities"":[""e08"",""e09""],""actions"":[""前行""],""focus"":[""小船"",""前行""]}]}",依各 Scene 視覺計畫,"p051_s01｜場景：未明示｜畫面核心：詩人、前行｜動作：前行｜情緒：平靜｜出現：詩人
p051_s02｜場景：未明示｜畫面核心：詩人｜情緒：平靜｜出現：詩人
p051_s03｜場景：樓台｜時間：秋天｜畫面核心：鳥、風｜情緒：平靜｜出現：鳥、樓台、風
p051_s04｜場景：未明示｜畫面核心：詩人、風｜情緒：平靜｜出現：詩人、風
p051_s05｜場景：未明示｜時間：夜晚｜畫面核心：詩人、月亮、看望、前行｜動作：看望、前行｜情緒：平靜｜出現：詩人、月亮
p051_s06｜場景：未明示｜畫面核心：酒、刀、飲酒｜動作：飲酒｜情緒：平靜｜出現：酒、刀
p051_s07｜場景：船上｜畫面核心：小船、前行｜動作：前行｜情緒：悠閒｜出現：船上、小船","人物｜詩人
動物｜鳥
場景｜樓台
物件｜風
物件｜月亮
物件｜酒
物件｜刀
場景｜船上
物件｜小船",重複元素：詩人、風
52,岑參,七言古詩,走馬川行奉送封大夫出師西征,"君不見走馬川行雪海邊，平沙莽莽黃入天。
輪臺九月風夜吼，一川碎石大如斗，隨風滿地石亂走。
匈奴草黃馬正肥，金山西見煙塵飛。
漢家大將西出師，將軍金甲夜不脫。
半夜軍行戈相撥，風頭如刀面如割。
馬毛帶雪汗氣蒸，五花連錢旋作冰。
幕中草檄硯水凝，虜騎聞之應膽懾。
料知短兵不敢接，車師西門佇獻捷。","你看走馬川靠近雪海，平坦沙地一望無際，黃沙直衝天空。
輪臺九月夜裡大風怒吼，連像斗一樣大的石頭都被吹得滿地滾動。
敵軍的草場已黃、戰馬正肥壯，金山西邊也揚起戰爭的煙塵。
朝廷大將帶兵向西出征，將軍連夜裡都不脫鎧甲。
半夜軍隊仍在前進，兵器互相碰撞，大風像刀割著人的臉。
戰馬毛上沾著雪，汗氣一蒸又立刻結冰，身上出現一片片冰花。
帳篷裡寫軍令時，連硯臺的水都凍住了，敵軍聽見這支軍隊一定害怕。
我相信他們不敢正面交戰，我們很快就能在車師城門等到勝利消息。",3,9,visual_plan_v1,draft,"{""v"":""visual_plan_v1"",""entities"":[{""id"":""e01"",""type"":""animal"",""label"":""馬""},{""id"":""e02"",""type"":""location"",""label"":""溪流""},{""id"":""e03"",""type"":""location"",""label"":""海邊""},{""id"":""e04"",""type"":""object"",""label"":""雪""},{""id"":""e05"",""type"":""location"",""label"":""樓台""},{""id"":""e06"",""type"":""object"",""label"":""月亮""},{""id"":""e07"",""type"":""object"",""label"":""風""},{""id"":""e08"",""type"":""object"",""label"":""石陣""},{""id"":""e09"",""type"":""plant"",""label"":""青草""},{""id"":""e10"",""type"":""character"",""label"":""將軍""},{""id"":""e11"",""type"":""object"",""label"":""刀""},{""id"":""e12"",""type"":""plant"",""label"":""花樹""},{""id"":""e13"",""type"":""character"",""label"":""詩人""},{""id"":""e14"",""type"":""location"",""label"":""城中""}],""continuity"":{""recurring_entities"":[""e01"",""e02"",""e04"",""e05"",""e07"",""e09""]},""scenes"":[{""id"":""p052_s01"",""setting"":""溪流"",""time"":""冬天"",""mood"":""平靜"",""entities"":[""e01"",""e02"",""e03"",""e04""],""actions"":[""看望"",""前行""],""focus"":[""馬"",""雪"",""看望"",""前行""]},{""id"":""p052_s02"",""setting"":""溪流"",""time"":""夜晚"",""mood"":""平靜"",""entities"":[""e02"",""e05"",""e06"",""e07"",""e08""],""actions"":[],""focus"":[""月亮"",""風"",""石陣""]},{""id"":""p052_s03"",""setting"":""未明示"",""time"":""未明示"",""mood"":""平靜"",""entities"":[""e01"",""e09""],""actions"":[],""focus"":[""馬"",""青草""]},{""id"":""p052_s04"",""setting"":""未明示"",""time"":""夜晚"",""mood"":""平靜"",""entities"":[""e10""],""actions"":[],""focus"":[""將軍""]},{""id"":""p052_s05"",""setting"":""未明示"",""time"":""夜晚"",""mood"":""平靜"",""entities"":[""e07"",""e11""],""actions"":[],""focus"":[""風"",""刀""]},{""id"":""p052_s06"",""setting"":""未明示"",""time"":""冬天"",""mood"":""平靜"",""entities"":[""e01"",""e12"",""e04""],""actions"":[],""focus"":[""馬"",""花樹"",""雪""]},{""id"":""p052_s07"",""setting"":""樓台"",""time"":""未明示"",""mood"":""平靜"",""entities"":[""e09"",""e05""],""actions"":[""聆聽""],""focus"":[""青草"",""聆聽""]},{""id"":""p052_s08"",""setting"":""城中"",""time"":""未明示"",""mood"":""平靜"",""entities"":[""e13"",""e14""],""actions"":[],""focus"":[""詩人""]}]}",依各 Scene 視覺計畫,"p052_s01｜場景：溪流｜時間：冬天｜畫面核心：馬、雪、看望、前行｜動作：看望、前行｜情緒：平靜｜出現：馬、溪流、海邊、雪
p052_s02｜場景：溪流｜時間：夜晚｜畫面核心：月亮、風、石陣｜情緒：平靜｜出現：溪流、樓台、月亮、風、石陣
p052_s03｜場景：未明示｜畫面核心：馬、青草｜情緒：平靜｜出現：馬、青草
p052_s04｜場景：未明示｜時間：夜晚｜畫面核心：將軍｜情緒：平靜｜出現：將軍
p052_s05｜場景：未明示｜時間：夜晚｜畫面核心：風、刀｜情緒：平靜｜出現：風、刀
p052_s06｜場景：未明示｜時間：冬天｜畫面核心：馬、花樹、雪｜情緒：平靜｜出現：馬、花樹、雪
p052_s07｜場景：樓台｜畫面核心：青草、聆聽｜動作：聆聽｜情緒：平靜｜出現：青草、樓台
p052_s08｜場景：城中｜畫面核心：詩人｜情緒：平靜｜出現：詩人、城中","動物｜馬
場景｜溪流
場景｜海邊
物件｜雪
場景｜樓台
物件｜月亮
物件｜風
物件｜石陣
植物｜青草
人物｜將軍
物件｜刀
植物｜花樹
人物｜詩人
場景｜城中",重複元素：馬、溪流、雪、樓台、風、青草
53,岑參,七言古詩,輪臺歌奉送封大夫出師西征,"輪臺城頭夜吹角，輪臺城北旄頭落。
羽書昨夜過渠黎，單于已在金山西。
戍樓西望煙塵黑，漢兵屯在輪臺北。
上將擁旄西出征，平明吹笛大軍行。
四邊伐鼓雪海湧，三軍大呼陰山動。
虜塞兵氣連雲屯，戰場白骨纏草根。
劒河風急雪片闊，沙口石凍馬蹄脫。
亞相勤王甘苦辛，誓將報主靜邊塵。
古來青史誰不見，今見功名勝古人。","輪臺城頭夜裡吹起號角，天空中的星象也像預告戰事來臨。
緊急軍書昨夜送過渠黎，消息說敵軍已到金山以西。
守樓向西望去煙塵一片黑，朝廷軍隊正聚集在輪臺北面。
主將拿著軍旗向西出征，天剛亮，笛聲中大軍便出發。
四面戰鼓像雪海翻湧，三軍一起大喊，彷彿連陰山都震動。
敵軍營寨的戰氣連到雲端，戰場上還有以前留下的白骨纏在草根。
劍河風急雪片又大，沙口寒冷得石頭結冰，馬蹄都容易打滑。
副帥為國家出力，不怕辛苦，發誓要平定邊疆戰亂。
古書裡的英雄功名人人都看過，如今眼前的將士也能建立不輸古人的功勞。",3,9,visual_plan_v1,draft,"{""v"":""visual_plan_v1"",""entities"":[{""id"":""e01"",""type"":""location"",""label"":""城中""},{""id"":""e02"",""type"":""location"",""label"":""樓台""},{""id"":""e03"",""type"":""location"",""label"":""海邊""},{""id"":""e04"",""type"":""object"",""label"":""雪""},{""id"":""e05"",""type"":""plant"",""label"":""青草""},{""id"":""e06"",""type"":""location"",""label"":""關塞""},{""id"":""e07"",""type"":""object"",""label"":""雲""},{""id"":""e08"",""type"":""animal"",""label"":""馬""},{""id"":""e09"",""type"":""location"",""label"":""河岸""},{""id"":""e10"",""type"":""object"",""label"":""風""},{""id"":""e11"",""type"":""object"",""label"":""石陣""}],""continuity"":{""recurring_entities"":[""e02"",""e04""]},""scenes"":[{""id"":""p053_s01"",""setting"":""城中"",""time"":""夜晚"",""mood"":""平靜"",""entities"":[""e01"",""e02""],""actions"":[],""focus"":[]},{""id"":""p053_s02"",""setting"":""未明示"",""time"":""夜晚"",""mood"":""平靜"",""entities"":[],""actions"":[],""focus"":[]},{""id"":""p053_s03"",""setting"":""樓台"",""time"":""未明示"",""mood"":""平靜"",""entities"":[""e02""],""actions"":[""看望"",""前行""],""focus"":[""看望"",""前行""]},{""id"":""p053_s04"",""setting"":""未明示"",""time"":""未明示"",""mood"":""平靜"",""entities"":[],""actions"":[],""focus"":[]},{""id"":""p053_s05"",""setting"":""海邊"",""time"":""冬天"",""mood"":""平靜"",""entities"":[""e03"",""e04""],""actions"":[],""focus"":[""雪""]},{""id"":""p053_s06"",""setting"":""關塞"",""time"":""未明示"",""mood"":""平靜"",""entities"":[""e05"",""e06"",""e07""],""actions"":[],""focus"":[""青草"",""雲""]},{""id"":""p053_s07"",""setting"":""河岸"",""time"":""冬天"",""mood"":""平靜"",""entities"":[""e08"",""e09"",""e10"",""e04"",""e11""],""actions"":[],""focus"":[""馬"",""風"",""雪"",""石陣""]},{""id"":""p053_s08"",""setting"":""未明示"",""time"":""未明示"",""mood"":""平靜"",""entities"":[],""actions"":[],""focus"":[]},{""id"":""p053_s09"",""setting"":""未明示"",""time"":""未明示"",""mood"":""平靜"",""entities"":[],""actions"":[""看望""],""focus"":[""看望""]}]}",依各 Scene 視覺計畫,"p053_s01｜場景：城中｜時間：夜晚｜畫面核心：｜情緒：平靜｜出現：城中、樓台
p053_s02｜場景：未明示｜時間：夜晚｜畫面核心：｜情緒：平靜
p053_s03｜場景：樓台｜畫面核心：看望、前行｜動作：看望、前行｜情緒：平靜｜出現：樓台
p053_s04｜場景：未明示｜畫面核心：｜情緒：平靜
p053_s05｜場景：海邊｜時間：冬天｜畫面核心：雪｜情緒：平靜｜出現：海邊、雪
p053_s06｜場景：關塞｜畫面核心：青草、雲｜情緒：平靜｜出現：青草、關塞、雲
p053_s07｜場景：河岸｜時間：冬天｜畫面核心：馬、風、雪、石陣｜情緒：平靜｜出現：馬、河岸、風、雪、石陣
p053_s08｜場景：未明示｜畫面核心：｜情緒：平靜
p053_s09｜場景：未明示｜畫面核心：看望｜動作：看望｜情緒：平靜","場景｜城中
場景｜樓台
場景｜海邊
物件｜雪
植物｜青草
場景｜關塞
物件｜雲
動物｜馬
場景｜河岸
物件｜風
物件｜石陣",重複元素：樓台、雪
54,岑參,七言古詩,白雪歌送武判官歸京,"北風卷地白草折，胡天八月即飛雪。
忽如一夜春風來，千樹萬樹梨花開。
散入珠簾濕羅幕，狐裘不煖錦衾薄。
將軍角弓不得控，都護鐵衣冷難著。
瀚海闌干百丈冰，愁雲慘澹萬里凝。
中軍置酒飲歸客，胡琴琵琶與羌笛。
紛紛暮雪下轅門，風掣紅旗凍不翻。
輪臺東門送君去，去時雪滿天山路。
山回路轉不見君，雪上空留馬行處。","北風吹倒地上的白草，西北邊地才八月就開始下雪。
一夜之間像春風吹來，千萬棵樹上都開滿白色梨花。
雪飄進珠簾，弄濕帳幕，就算穿狐皮衣、蓋錦被還是覺得冷。
將軍的角弓冷到難以拉開，軍官的鐵甲也冰得很難穿上。
廣大沙漠結了厚厚的冰，陰沉愁雲好像凝住了萬里天空。
軍中擺酒為回京的朋友送行，胡琴、琵琶和羌笛一起奏樂。
傍晚大雪不停落在軍營門外，紅旗被凍住，連大風都吹不動。
我在輪臺東門送你離開，你走時天山道路全被白雪覆蓋。
山路轉了幾彎後再也看不到你，只剩雪地上的馬蹄印一路伸遠。",4,9,visual_plan_v1,draft,"{""v"":""visual_plan_v1"",""entities"":[{""id"":""e01"",""type"":""plant"",""label"":""青草""},{""id"":""e02"",""type"":""object"",""label"":""月亮""},{""id"":""e03"",""type"":""object"",""label"":""風""},{""id"":""e04"",""type"":""object"",""label"":""雪""},{""id"":""e05"",""type"":""plant"",""label"":""花樹""},{""id"":""e06"",""type"":""plant"",""label"":""樹木""},{""id"":""e07"",""type"":""location"",""label"":""房間""},{""id"":""e08"",""type"":""character"",""label"":""將軍""},{""id"":""e09"",""type"":""location"",""label"":""海邊""},{""id"":""e10"",""type"":""object"",""label"":""雲""},{""id"":""e11"",""type"":""character"",""label"":""朋友""},{""id"":""e12"",""type"":""location"",""label"":""城中""},{""id"":""e13"",""type"":""object"",""label"":""酒""},{""id"":""e14"",""type"":""object"",""label"":""古琴""},{""id"":""e15"",""type"":""character"",""label"":""詩人""},{""id"":""e16"",""type"":""location"",""label"":""山中""},{""id"":""e17"",""type"":""location"",""label"":""樓台""},{""id"":""e18"",""type"":""location"",""label"":""古道""},{""id"":""e19"",""type"":""animal"",""label"":""馬""}],""continuity"":{""recurring_entities"":[""e03"",""e04"",""e16"",""e18""]},""scenes"":[{""id"":""p054_s01"",""setting"":""未明示"",""time"":""冬天"",""mood"":""平靜"",""entities"":[""e01"",""e02"",""e03"",""e04""],""actions"":[],""focus"":[""青草"",""月亮"",""風"",""雪""]},{""id"":""p054_s02"",""setting"":""未明示"",""time"":""夜晚"",""mood"":""平靜"",""entities"":[""e05"",""e06"",""e03""],""actions"":[],""focus"":[""花樹"",""樹木"",""風""]},{""id"":""p054_s03"",""setting"":""房間"",""time"":""冬天"",""mood"":""平靜"",""entities"":[""e07"",""e04""],""actions"":[],""focus"":[""雪""]},{""id"":""p054_s04"",""setting"":""未明示"",""time"":""未明示"",""mood"":""平靜"",""entities"":[""e08""],""actions"":[],""focus"":[""將軍""]},{""id"":""p054_s05"",""setting"":""海邊"",""time"":""未明示"",""mood"":""平靜"",""entities"":[""e09"",""e10""],""actions"":[],""focus"":[""雲""]},{""id"":""p054_s06"",""setting"":""城中"",""time"":""未明示"",""mood"":""平靜"",""entities"":[""e11"",""e12"",""e13"",""e14""],""actions"":[""前行"",""送別"",""飲酒""],""focus"":[""朋友"",""酒"",""古琴"",""前行"",""送別""]},{""id"":""p054_s07"",""setting"":""未明示"",""time"":""黃昏"",""mood"":""平靜"",""entities"":[""e03"",""e04""],""actions"":[],""focus"":[""風"",""雪""]},{""id"":""p054_s08"",""setting"":""山中"",""time"":""冬天"",""mood"":""平靜"",""entities"":[""e15"",""e16"",""e17"",""e18"",""e04""],""actions"":[""前行""],""focus"":[""詩人"",""雪"",""前行""]},{""id"":""p054_s09"",""setting"":""山中"",""time"":""冬天"",""mood"":""平靜"",""entities"":[""e19"",""e16"",""e18"",""e04""],""actions"":[""看望""],""focus"":[""馬"",""雪"",""看望""]}]}",依各 Scene 視覺計畫,"p054_s01｜場景：未明示｜時間：冬天｜畫面核心：青草、月亮、風、雪｜情緒：平靜｜出現：青草、月亮、風、雪
p054_s02｜場景：未明示｜時間：夜晚｜畫面核心：花樹、樹木、風｜情緒：平靜｜出現：花樹、樹木、風
p054_s03｜場景：房間｜時間：冬天｜畫面核心：雪｜情緒：平靜｜出現：房間、雪
p054_s04｜場景：未明示｜畫面核心：將軍｜情緒：平靜｜出現：將軍
p054_s05｜場景：海邊｜畫面核心：雲｜情緒：平靜｜出現：海邊、雲
p054_s06｜場景：城中｜畫面核心：朋友、酒、古琴、前行、送別｜動作：前行、送別、飲酒｜情緒：平靜｜出現：朋友、城中、酒、古琴
p054_s07｜場景：未明示｜時間：黃昏｜畫面核心：風、雪｜情緒：平靜｜出現：風、雪
p054_s08｜場景：山中｜時間：冬天｜畫面核心：詩人、雪、前行｜動作：前行｜情緒：平靜｜出現：詩人、山中、樓台、古道、雪
p054_s09｜場景：山中｜時間：冬天｜畫面核心：馬、雪、看望｜動作：看望｜情緒：平靜｜出現：馬、山中、古道、雪","植物｜青草
物件｜月亮
物件｜風
物件｜雪
植物｜花樹
植物｜樹木
場景｜房間
人物｜將軍
場景｜海邊
物件｜雲
人物｜朋友
場景｜城中
物件｜酒
物件｜古琴
人物｜詩人
場景｜山中
場景｜樓台
場景｜古道
動物｜馬",重複元素：風、雪、山中、古道
55,杜甫,七言古詩,韋諷錄事宅觀曹將軍畫馬圖,"國初已來畫鞍馬，神妙獨數江都王。
將軍得名三十載，人間又見真乘黃。
曾貌先帝照夜白，龍池十日飛霹靂。
內府殷紅瑪瑙盌，婕妤傳詔才人索。
盌賜將軍拜舞歸，輕紈細綺相追飛。
貴戚權門得筆跡，始覺屏障生光輝。
昔日太宗拳毛騧，近時郭家獅子花。
今之新圖有二馬，復令識者久嘆嗟。
此皆騎戰一敵萬，縞素漠漠開風沙。
其餘七匹亦殊絕，迥若寒空動煙雪。
霜蹄蹴踏長楸間，馬官廝養森成列。
可憐九馬爭神駿，顧視清高氣深穩。
借問苦心愛者誰？後有韋諷前支遁。
憶昔巡幸新豐宮，翠華拂天來向東。
騰驤磊落三萬匹，皆與此圖筋骨同。
自從獻寶朝河宗，無復射蛟江水中。
君不見金粟堆前松柏裏，龍媒去盡鳥呼風。","從唐朝開國以來畫馬的人很多，但以前最出名的是江都王。
曹將軍畫馬出了名三十年，讓人好像又看見真正的神馬。
他曾畫先帝名馬「照夜白」，畫成後宮中轟動好多天。
皇宮賜下珍貴器物，宮女奉命傳來賞賜。
將軍領賞回去，輕柔華麗的絲帛也一件件跟著送來。
權貴們得到他的畫，才覺得家中屏風一下變得光彩十足。
以前太宗有名馬，近年郭家也有漂亮好馬。
如今新畫上又有兩匹神駿的馬，讓懂馬的人看了久久讚嘆。
牠們都是能上戰場的勇馬，白色畫布一展開彷彿風沙也跟著吹起。
其他七匹也非常出色，像寒冷天空裡飛動的煙雪。
馬蹄像帶霜一樣有力，在長路上奔踏，養馬人整齊站在一旁。
九匹馬各有神采，彼此顧盼，既高傲又沉穩。
到底誰最懂得珍愛這些好馬？古今都有真正懂它們的人。
想起以前皇帝到新豐宮，華麗車隊向東而來。
當時三萬匹駿馬奔馳，筋骨神態都像畫中的馬一樣雄健。
可是盛大的年代過去後，再也看不到昔日那種豪壯場面。
你看陵墓前的松柏之間，名馬都已消失，只剩鳥在風中鳴叫。",3,9,visual_plan_v1,draft,"{""v"":""visual_plan_v1"",""entities"":[{""id"":""e01"",""type"":""animal"",""label"":""馬""},{""id"":""e02"",""type"":""location"",""label"":""江邊""},{""id"":""e03"",""type"":""character"",""label"":""將軍""},{""id"":""e04"",""type"":""location"",""label"":""宮中""},{""id"":""e05"",""type"":""character"",""label"":""宮女""},{""id"":""e06"",""type"":""object"",""label"":""風""},{""id"":""e07"",""type"":""plant"",""label"":""花樹""},{""id"":""e08"",""type"":""object"",""label"":""雪""},{""id"":""e09"",""type"":""location"",""label"":""古道""},{""id"":""e10"",""type"":""object"",""label"":""霜""},{""id"":""e11"",""type"":""location"",""label"":""河岸""},{""id"":""e12"",""type"":""animal"",""label"":""鳥""},{""id"":""e13"",""type"":""plant"",""label"":""松樹""}],""continuity"":{""recurring_entities"":[""e01"",""e02"",""e03"",""e04"",""e06""]},""scenes"":[{""id"":""p055_s01"",""setting"":""江邊"",""time"":""未明示"",""mood"":""平靜"",""entities"":[""e01"",""e02""],""actions"":[],""focus"":[""馬""]},{""id"":""p055_s02"",""setting"":""未明示"",""time"":""未明示"",""mood"":""平靜"",""entities"":[""e03"",""e01""],""actions"":[""看望""],""focus"":[""將軍"",""馬"",""看望""]},{""id"":""p055_s03"",""setting"":""宮中"",""time"":""夜晚"",""mood"":""平靜"",""entities"":[""e01"",""e04""],""actions"":[],""focus"":[""馬""]},{""id"":""p055_s04"",""setting"":""宮中"",""time"":""未明示"",""mood"":""平靜"",""entities"":[""e05"",""e04""],""actions"":[],""focus"":[""宮女""]},{""id"":""p055_s05"",""setting"":""未明示"",""time"":""未明示"",""mood"":""平靜"",""entities"":[""e03""],""actions"":[""前行""],""focus"":[""將軍"",""前行""]},{""id"":""p055_s06"",""setting"":""未明示"",""time"":""未明示"",""mood"":""平靜"",""entities"":[""e06""],""actions"":[],""focus"":[""風""]},{""id"":""p055_s07"",""setting"":""未明示"",""time"":""未明示"",""mood"":""平靜"",""entities"":[""e01"",""e07""],""actions"":[],""focus"":[""馬"",""花樹""]},{""id"":""p055_s08"",""setting"":""未明示"",""time"":""未明示"",""mood"":""平靜"",""entities"":[""e01""],""actions"":[""看望""],""focus"":[""馬"",""看望""]},{""id"":""p055_s09"",""setting"":""未明示"",""time"":""未明示"",""mood"":""平靜"",""entities"":[""e01"",""e06""],""actions"":[],""focus"":[""馬"",""風""]},{""id"":""p055_s10"",""setting"":""未明示"",""time"":""冬天"",""mood"":""平靜"",""entities"":[""e08""],""actions"":[],""focus"":[""雪""]},{""id"":""p055_s11"",""setting"":""古道"",""time"":""未明示"",""mood"":""平靜"",""entities"":[""e01"",""e09"",""e10""],""actions"":[],""focus"":[""馬"",""霜""]},{""id"":""p055_s12"",""setting"":""未明示"",""time"":""未明示"",""mood"":""平靜"",""entities"":[""e01""],""actions"":[],""focus"":[""馬""]},{""id"":""p055_s13"",""setting"":""未明示"",""time"":""未明示"",""mood"":""平靜"",""entities"":[""e01""],""actions"":[],""focus"":[""馬""]},{""id"":""p055_s14"",""setting"":""宮中"",""time"":""未明示"",""mood"":""平靜"",""entities"":[""e04""],""actions"":[],""focus"":[]},{""id"":""p055_s15"",""setting"":""未明示"",""time"":""未明示"",""mood"":""平靜"",""entities"":[""e01""],""actions"":[],""focus"":[""馬""]},{""id"":""p055_s16"",""setting"":""江邊"",""time"":""未明示"",""mood"":""平靜"",""entities"":[""e02"",""e11""],""actions"":[""看望"",""前行""],""focus"":[""看望"",""前行""]},{""id"":""p055_s17"",""setting"":""未明示"",""time"":""未明示"",""mood"":""平靜"",""entities"":[""e12"",""e01"",""e13"",""e06""],""actions"":[""看望""],""focus"":[""鳥"",""馬"",""松樹"",""風"",""看望""]}]}",依各 Scene 視覺計畫,"p055_s01｜場景：江邊｜畫面核心：馬｜情緒：平靜｜出現：馬、江邊
p055_s02｜場景：未明示｜畫面核心：將軍、馬、看望｜動作：看望｜情緒：平靜｜出現：將軍、馬
p055_s03｜場景：宮中｜時間：夜晚｜畫面核心：馬｜情緒：平靜｜出現：馬、宮中
p055_s04｜場景：宮中｜畫面核心：宮女｜情緒：平靜｜出現：宮女、宮中
p055_s05｜場景：未明示｜畫面核心：將軍、前行｜動作：前行｜情緒：平靜｜出現：將軍
p055_s06｜場景：未明示｜畫面核心：風｜情緒：平靜｜出現：風
p055_s07｜場景：未明示｜畫面核心：馬、花樹｜情緒：平靜｜出現：馬、花樹
p055_s08｜場景：未明示｜畫面核心：馬、看望｜動作：看望｜情緒：平靜｜出現：馬
p055_s09｜場景：未明示｜畫面核心：馬、風｜情緒：平靜｜出現：馬、風
p055_s10｜場景：未明示｜時間：冬天｜畫面核心：雪｜情緒：平靜｜出現：雪
p055_s11｜場景：古道｜畫面核心：馬、霜｜情緒：平靜｜出現：馬、古道、霜
p055_s12｜場景：未明示｜畫面核心：馬｜情緒：平靜｜出現：馬
p055_s13｜場景：未明示｜畫面核心：馬｜情緒：平靜｜出現：馬
p055_s14｜場景：宮中｜畫面核心：｜情緒：平靜｜出現：宮中
p055_s15｜場景：未明示｜畫面核心：馬｜情緒：平靜｜出現：馬
p055_s16｜場景：江邊｜畫面核心：看望、前行｜動作：看望、前行｜情緒：平靜｜出現：江邊、河岸
p055_s17｜場景：未明示｜畫面核心：鳥、馬、松樹、風、看望｜動作：看望｜情緒：平靜｜出現：鳥、馬、松樹、風","動物｜馬
場景｜江邊
人物｜將軍
場景｜宮中
人物｜宮女
物件｜風
植物｜花樹
物件｜雪
場景｜古道
物件｜霜
場景｜河岸
動物｜鳥
植物｜松樹",重複元素：馬、江邊、將軍、宮中、風
56,杜甫,七言古詩,丹青引贈曹將軍霸,"將軍魏武之子孫，於今爲庶爲清門。
英雄割據雖已矣，文采風流今尚存。
學書初學衛夫人，但恨無過王右軍。
丹青不知老將至，富貴於我如浮雲。
開元之中常引見，承恩數上南薰殿。
凌煙功臣少顏色，將軍下筆開生面。
良相頭上進賢冠，猛將腰間大羽箭。
褒公鄂公毛髮動，英姿颯爽來酣戰。
先帝御馬五花驄，畫工如山貌不同。
是日牽來赤墀下，迥立閶闔生長風。
詔謂將軍拂絹素，意匠慘澹經營中。
斯須九重真龍出，一洗萬古凡馬空。
玉花卻在御榻上，榻上庭前屹相向。
至尊含笑催賜金，圉人太僕皆惆悵。
弟子韓幹早入室，亦能畫馬窮殊相。
幹惟畫肉不畫骨，忍使驊騮氣凋喪。
將軍畫善蓋有神，必逢佳士亦寫真。
即今漂泊干戈際，屢貌尋常行路人。
途窮反遭俗眼白，世上未有如公貧。
但看古來盛名下，終日坎壈纏其身。","曹將軍是曹操的後代，如今家族已不再顯貴，生活很清淡。
以前英雄爭天下的時代雖過去了，家族的才華風采仍留在他身上。
他最早學書法時學衛夫人，只可惜沒有超過王羲之。
後來他專心畫畫，忙到忘記自己變老，富貴對他像浮雲一樣不重要。
開元年間他常被皇帝召見，也多次到宮中作畫。
凌煙閣上的功臣畫像已褪色，他重新落筆讓人物像活過來。
賢臣戴著官帽，猛將腰間插著大箭，各自神態鮮明。
畫裡名將連頭髮都像在動，英勇姿態像正要上戰場。
先帝有匹漂亮御馬，許多畫工都畫過，卻沒人畫得真正像。
那天馬被牽到宮殿前，一站定就像帶起一股長風。
皇帝命曹將軍在白絹上作畫，他仔細思考構圖和筆法。
不一會兒，一匹像真龍般的馬躍然紙上，把以前普通馬畫都比下去。
畫中的玉花馬像真的站到御榻旁，和庭前真馬彼此相望。
皇帝笑著要賞金，連養馬官員都看得又驚又羨慕。
他的學生韓幹很早就學到本領，也能把各種馬畫得很像。
可是韓幹較會畫外形，曹將軍卻連馬的精神和骨氣都能畫出來。
曹將軍畫馬幾乎像有神力，遇到出色人物也會替他們畫像。
如今戰亂中他四處漂泊，只能常替普通路人畫畫維生。
走到困境時反而被世俗人看不起，世上很少有像他這麼貧窮的大畫家。
看看古來那些名聲很大的人，常常也一生遭遇許多不順。",3,9,visual_plan_v1,draft,"{""v"":""visual_plan_v1"",""entities"":[{""id"":""e01"",""type"":""character"",""label"":""將軍""},{""id"":""e02"",""type"":""object"",""label"":""風""},{""id"":""e03"",""type"":""object"",""label"":""雲""},{""id"":""e04"",""type"":""location"",""label"":""宮中""},{""id"":""e05"",""type"":""animal"",""label"":""馬""},{""id"":""e06"",""type"":""plant"",""label"":""花樹""},{""id"":""e07"",""type"":""location"",""label"":""庭院""},{""id"":""e08"",""type"":""location"",""label"":""古道""}],""continuity"":{""recurring_entities"":[""e01"",""e02"",""e04"",""e05"",""e06""]},""scenes"":[{""id"":""p056_s01"",""setting"":""未明示"",""time"":""未明示"",""mood"":""平靜"",""entities"":[""e01""],""actions"":[],""focus"":[""將軍""]},{""id"":""p056_s02"",""setting"":""未明示"",""time"":""未明示"",""mood"":""平靜"",""entities"":[""e02""],""actions"":[""前行""],""focus"":[""風"",""前行""]},{""id"":""p056_s03"",""setting"":""未明示"",""time"":""未明示"",""mood"":""感傷"",""entities"":[],""actions"":[],""focus"":[]},{""id"":""p056_s04"",""setting"":""未明示"",""time"":""未明示"",""mood"":""平靜"",""entities"":[""e03""],""actions"":[],""focus"":[""雲""]},{""id"":""p056_s05"",""setting"":""宮中"",""time"":""未明示"",""mood"":""平靜"",""entities"":[""e04""],""actions"":[],""focus"":[]},{""id"":""p056_s06"",""setting"":""未明示"",""time"":""未明示"",""mood"":""平靜"",""entities"":[],""actions"":[],""focus"":[]},{""id"":""p056_s07"",""setting"":""未明示"",""time"":""未明示"",""mood"":""平靜"",""entities"":[],""actions"":[],""focus"":[]},{""id"":""p056_s08"",""setting"":""未明示"",""time"":""未明示"",""mood"":""平靜"",""entities"":[],""actions"":[],""focus"":[]},{""id"":""p056_s09"",""setting"":""未明示"",""time"":""未明示"",""mood"":""平靜"",""entities"":[""e05"",""e06""],""actions"":[],""focus"":[""馬"",""花樹""]},{""id"":""p056_s10"",""setting"":""宮中"",""time"":""未明示"",""mood"":""平靜"",""entities"":[""e05"",""e04"",""e02""],""actions"":[],""focus"":[""馬"",""風""]},{""id"":""p056_s11"",""setting"":""未明示"",""time"":""未明示"",""mood"":""平靜"",""entities"":[""e01""],""actions"":[],""focus"":[""將軍""]},{""id"":""p056_s12"",""setting"":""未明示"",""time"":""未明示"",""mood"":""平靜"",""entities"":[""e05""],""actions"":[""前行""],""focus"":[""馬"",""前行""]},{""id"":""p056_s13"",""setting"":""庭院"",""time"":""未明示"",""mood"":""平靜"",""entities"":[""e05"",""e06"",""e07""],""actions"":[""看望""],""focus"":[""馬"",""花樹"",""看望""]},{""id"":""p056_s14"",""setting"":""未明示"",""time"":""未明示"",""mood"":""平靜"",""entities"":[""e05""],""actions"":[""看望""],""focus"":[""馬"",""看望""]},{""id"":""p056_s15"",""setting"":""未明示"",""time"":""未明示"",""mood"":""平靜"",""entities"":[""e05""],""actions"":[],""focus"":[""馬""]},{""id"":""p056_s16"",""setting"":""未明示"",""time"":""未明示"",""mood"":""平靜"",""entities"":[""e01"",""e05""],""actions"":[],""focus"":[""將軍"",""馬""]},{""id"":""p056_s17"",""setting"":""未明示"",""time"":""未明示"",""mood"":""平靜"",""entities"":[""e01"",""e05""],""actions"":[],""focus"":[""將軍"",""馬""]},{""id"":""p056_s18"",""setting"":""古道"",""time"":""未明示"",""mood"":""平靜"",""entities"":[""e08""],""actions"":[],""focus"":[]},{""id"":""p056_s19"",""setting"":""未明示"",""time"":""未明示"",""mood"":""平靜"",""entities"":[],""actions"":[""看望"",""前行""],""focus"":[""看望"",""前行""]},{""id"":""p056_s20"",""setting"":""未明示"",""time"":""未明示"",""mood"":""平靜"",""entities"":[],""actions"":[""看望""],""focus"":[""看望""]}]}",依各 Scene 視覺計畫,"p056_s01｜場景：未明示｜畫面核心：將軍｜情緒：平靜｜出現：將軍
p056_s02｜場景：未明示｜畫面核心：風、前行｜動作：前行｜情緒：平靜｜出現：風
p056_s03｜場景：未明示｜畫面核心：｜情緒：感傷
p056_s04｜場景：未明示｜畫面核心：雲｜情緒：平靜｜出現：雲
p056_s05｜場景：宮中｜畫面核心：｜情緒：平靜｜出現：宮中
p056_s06｜場景：未明示｜畫面核心：｜情緒：平靜
p056_s07｜場景：未明示｜畫面核心：｜情緒：平靜
p056_s08｜場景：未明示｜畫面核心：｜情緒：平靜
p056_s09｜場景：未明示｜畫面核心：馬、花樹｜情緒：平靜｜出現：馬、花樹
p056_s10｜場景：宮中｜畫面核心：馬、風｜情緒：平靜｜出現：馬、宮中、風
p056_s11｜場景：未明示｜畫面核心：將軍｜情緒：平靜｜出現：將軍
p056_s12｜場景：未明示｜畫面核心：馬、前行｜動作：前行｜情緒：平靜｜出現：馬
p056_s13｜場景：庭院｜畫面核心：馬、花樹、看望｜動作：看望｜情緒：平靜｜出現：馬、花樹、庭院
p056_s14｜場景：未明示｜畫面核心：馬、看望｜動作：看望｜情緒：平靜｜出現：馬
p056_s15｜場景：未明示｜畫面核心：馬｜情緒：平靜｜出現：馬
p056_s16｜場景：未明示｜畫面核心：將軍、馬｜情緒：平靜｜出現：將軍、馬
p056_s17｜場景：未明示｜畫面核心：將軍、馬｜情緒：平靜｜出現：將軍、馬
p056_s18｜場景：古道｜畫面核心：｜情緒：平靜｜出現：古道
p056_s19｜場景：未明示｜畫面核心：看望、前行｜動作：看望、前行｜情緒：平靜
p056_s20｜場景：未明示｜畫面核心：看望｜動作：看望｜情緒：平靜","人物｜將軍
物件｜風
物件｜雲
場景｜宮中
動物｜馬
植物｜花樹
場景｜庭院
場景｜古道",重複元素：將軍、風、宮中、馬、花樹
57,杜甫,七言古詩,寄韓諫議注,"今我不樂思岳陽，身欲奮飛病在床。
美人娟娟隔秋水，濯足洞庭望八荒。
鴻飛冥冥日月白，青楓葉赤天雨霜。
玉京群帝集北斗，或騎麒麟翳鳳凰。
芙蓉旌旗煙霧落，影動倒景搖瀟湘。
星宮之君醉瓊漿，羽人稀少不在旁。
似聞昨者赤松子，恐是漢代韓張良。
昔隨劉氏定長安，帷幄未改神慘傷。
國家成敗吾豈敢，色難腥腐餐楓香。
周南留滯古所惜，南極老人應壽昌。
美人胡為隔秋水，焉得置之貢玉堂。","我現在心情不好，想去岳陽，可惜生病躺在床上不能動。
我思念的朋友像隔著秋水的美人，在洞庭湖邊遙望廣闊天地。
大雁飛向高遠天空，日月明亮，青楓變紅，天上落著秋霜。
想像仙界眾神聚在北斗附近，有的騎麒麟，有的乘鳳凰。
蓮花般的旗幟從煙霧裡落下，倒影在瀟湘水面不停晃動。
天上的神仙喝著美酒，身旁卻少見真正自由的仙人。
聽說你像古代赤松子那樣想遠離俗世，也讓我想到漢代張良。
張良曾幫劉邦取得天下，成功後內心卻仍有許多感慨。
國家的成敗我不敢多說，只覺得污濁環境讓清高的人很難久留。
古人被困在南方曾令人惋惜，但願你仍能平安長壽。
你為什麼還隔在秋水那麼遠？真希望能讓朝廷重新重用你的才華。",3,9,visual_plan_v1,draft,"{""v"":""visual_plan_v1"",""entities"":[{""id"":""e01"",""type"":""character"",""label"":""詩人""},{""id"":""e02"",""type"":""location"",""label"":""房間""},{""id"":""e03"",""type"":""object"",""label"":""床""},{""id"":""e04"",""type"":""character"",""label"":""朋友""},{""id"":""e05"",""type"":""character"",""label"":""女子""},{""id"":""e06"",""type"":""location"",""label"":""湖邊""},{""id"":""e07"",""type"":""location"",""label"":""庭院""},{""id"":""e08"",""type"":""animal"",""label"":""鳥""},{""id"":""e09"",""type"":""object"",""label"":""月亮""},{""id"":""e10"",""type"":""object"",""label"":""雨""},{""id"":""e11"",""type"":""object"",""label"":""霜""},{""id"":""e12"",""type"":""location"",""label"":""城中""},{""id"":""e13"",""type"":""plant"",""label"":""花樹""},{""id"":""e14"",""type"":""plant"",""label"":""荷花""},{""id"":""e15"",""type"":""location"",""label"":""宮中""},{""id"":""e16"",""type"":""object"",""label"":""酒""},{""id"":""e17"",""type"":""plant"",""label"":""松樹""}],""continuity"":{""recurring_entities"":[""e01""]},""scenes"":[{""id"":""p057_s01"",""setting"":""房間"",""time"":""未明示"",""mood"":""感傷"",""entities"":[""e01"",""e02"",""e03""],""actions"":[""前行""],""focus"":[""詩人"",""床"",""前行""]},{""id"":""p057_s02"",""setting"":""湖邊"",""time"":""秋天"",""mood"":""思念"",""entities"":[""e01"",""e04"",""e05"",""e06"",""e07""],""actions"":[""看望""],""focus"":[""詩人"",""朋友"",""女子"",""看望""]},{""id"":""p057_s03"",""setting"":""未明示"",""time"":""秋天"",""mood"":""平靜"",""entities"":[""e08"",""e09"",""e10"",""e11""],""actions"":[],""focus"":[""鳥"",""月亮"",""雨"",""霜""]},{""id"":""p057_s04"",""setting"":""城中"",""time"":""未明示"",""mood"":""平靜"",""entities"":[""e12""],""actions"":[],""focus"":[]},{""id"":""p057_s05"",""setting"":""未明示"",""time"":""未明示"",""mood"":""平靜"",""entities"":[""e13"",""e14""],""actions"":[],""focus"":[""花樹"",""荷花""]},{""id"":""p057_s06"",""setting"":""宮中"",""time"":""夜晚"",""mood"":""平靜"",""entities"":[""e15"",""e16""],""actions"":[""飲酒""],""focus"":[""酒"",""飲酒""]},{""id"":""p057_s07"",""setting"":""未明示"",""time"":""未明示"",""mood"":""平靜"",""entities"":[""e01"",""e17""],""actions"":[""聆聽""],""focus"":[""詩人"",""松樹"",""聆聽""]},{""id"":""p057_s08"",""setting"":""未明示"",""time"":""未明示"",""mood"":""平靜"",""entities"":[],""actions"":[],""focus"":[]},{""id"":""p057_s09"",""setting"":""未明示"",""time"":""未明示"",""mood"":""平靜"",""entities"":[""e01""],""actions"":[],""focus"":[""詩人""]},{""id"":""p057_s10"",""setting"":""未明示"",""time"":""未明示"",""mood"":""平靜"",""entities"":[],""actions"":[],""focus"":[]},{""id"":""p057_s11"",""setting"":""未明示"",""time"":""秋天"",""mood"":""平靜"",""entities"":[],""actions"":[""看望""],""focus"":[""看望""]}]}",依各 Scene 視覺計畫,"p057_s01｜場景：房間｜畫面核心：詩人、床、前行｜動作：前行｜情緒：感傷｜出現：詩人、房間、床
p057_s02｜場景：湖邊｜時間：秋天｜畫面核心：詩人、朋友、女子、看望｜動作：看望｜情緒：思念｜出現：詩人、朋友、女子、湖邊、庭院
p057_s03｜場景：未明示｜時間：秋天｜畫面核心：鳥、月亮、雨、霜｜情緒：平靜｜出現：鳥、月亮、雨、霜
p057_s04｜場景：城中｜畫面核心：｜情緒：平靜｜出現：城中
p057_s05｜場景：未明示｜畫面核心：花樹、荷花｜情緒：平靜｜出現：花樹、荷花
p057_s06｜場景：宮中｜時間：夜晚｜畫面核心：酒、飲酒｜動作：飲酒｜情緒：平靜｜出現：宮中、酒
p057_s07｜場景：未明示｜畫面核心：詩人、松樹、聆聽｜動作：聆聽｜情緒：平靜｜出現：詩人、松樹
p057_s08｜場景：未明示｜畫面核心：｜情緒：平靜
p057_s09｜場景：未明示｜畫面核心：詩人｜情緒：平靜｜出現：詩人
p057_s10｜場景：未明示｜畫面核心：｜情緒：平靜
p057_s11｜場景：未明示｜時間：秋天｜畫面核心：看望｜動作：看望｜情緒：平靜","人物｜詩人
場景｜房間
物件｜床
人物｜朋友
人物｜女子
場景｜湖邊
場景｜庭院
動物｜鳥
物件｜月亮
物件｜雨
物件｜霜
場景｜城中
植物｜花樹
植物｜荷花
場景｜宮中
物件｜酒
植物｜松樹",重複元素：詩人
58,杜甫,七言古詩,古柏行,"孔明廟前有老柏，柯如青銅根如石。
霜皮溜雨四十圍，黛色參天二千尺。
雲來氣接巫峽長，月出寒通雪山白。
君臣已與時際會，樹木猶為人愛惜。
憶昨路繞錦亭東，先主武侯同閟宮。
崔嵬枝幹郊原古，窈窕丹青戶牖空。
落落盤據雖得地，冥冥孤高多烈風。
扶持自是神明力，正直原因造化功。
大廈如傾要梁棟，萬牛迴首邱山重。
不露文章世已驚，未辭剪伐誰能送。
苦心豈免容螻蟻，香葉終經宿鸞鳳。
志士幽人莫怨嗟，古來材大難為用。","諸葛亮廟前有一棵老柏樹，枝幹像青銅，樹根像石頭一樣堅硬。
樹皮經過風霜雨水，粗得多人合抱，深青樹冠一直伸向天空。
雲來時它的氣勢連著巫峽，月出時又和遠方雪山一樣清冷。
君臣的故事早已成為歷史，這棵樹卻仍受到人們珍愛。
我想起以前繞過錦亭東邊，看見劉備和諸葛亮的祠廟在一起。
高大的古樹立在郊野，祠堂窗戶裡的畫像安靜無聲。
它雖有好地方可以扎根，但長得太高太孤單，也要承受猛烈風雨。
能一直挺立像得到神力幫助，而它正直的姿態更是大自然造就。
如果大屋快倒了，就需要這樣巨大的木材做梁柱，可它重得連萬頭牛都難拉動。
它還沒被做成器物就已令人驚嘆，可真正要砍運它時又有誰辦得到？
樹心雖苦也難免有小蟲寄居，可芳香枝葉終究能讓鳳凰停棲。
有志向的人不要因沒被使用而嘆氣，因為從古以來太大的才幹反而常難找到合適位置。",3,9,visual_plan_v1,draft,"{""v"":""visual_plan_v1"",""entities"":[{""id"":""e01"",""type"":""plant"",""label"":""樹木""},{""id"":""e02"",""type"":""object"",""label"":""石陣""},{""id"":""e03"",""type"":""object"",""label"":""雨""},{""id"":""e04"",""type"":""object"",""label"":""風""},{""id"":""e05"",""type"":""object"",""label"":""霜""},{""id"":""e06"",""type"":""object"",""label"":""月亮""},{""id"":""e07"",""type"":""object"",""label"":""雲""},{""id"":""e08"",""type"":""object"",""label"":""雪""},{""id"":""e09"",""type"":""character"",""label"":""朋友""},{""id"":""e10"",""type"":""character"",""label"":""詩人""},{""id"":""e11"",""type"":""location"",""label"":""宮中""},{""id"":""e12"",""type"":""location"",""label"":""古道""},{""id"":""e13"",""type"":""location"",""label"":""房間""},{""id"":""e14"",""type"":""object"",""label"":""窗戶""},{""id"":""e15"",""type"":""animal"",""label"":""牛""},{""id"":""e16"",""type"":""object"",""label"":""露水""}],""continuity"":{""recurring_entities"":[""e01"",""e03"",""e04"",""e13""]},""scenes"":[{""id"":""p058_s01"",""setting"":""未明示"",""time"":""未明示"",""mood"":""平靜"",""entities"":[""e01"",""e02""],""actions"":[],""focus"":[""樹木"",""石陣""]},{""id"":""p058_s02"",""setting"":""未明示"",""time"":""未明示"",""mood"":""平靜"",""entities"":[""e01"",""e03"",""e04"",""e05""],""actions"":[],""focus"":[""樹木"",""雨"",""風"",""霜""]},{""id"":""p058_s03"",""setting"":""未明示"",""time"":""冬天"",""mood"":""平靜"",""entities"":[""e06"",""e07"",""e08""],""actions"":[],""focus"":[""月亮"",""雲"",""雪""]},{""id"":""p058_s04"",""setting"":""未明示"",""time"":""未明示"",""mood"":""平靜"",""entities"":[""e09"",""e01""],""actions"":[],""focus"":[""朋友"",""樹木""]},{""id"":""p058_s05"",""setting"":""宮中"",""time"":""未明示"",""mood"":""平靜"",""entities"":[""e10"",""e11"",""e12""],""actions"":[""看望""],""focus"":[""詩人"",""看望""]},{""id"":""p058_s06"",""setting"":""房間"",""time"":""未明示"",""mood"":""安靜"",""entities"":[""e01"",""e13"",""e14""],""actions"":[],""focus"":[""樹木"",""窗戶""]},{""id"":""p058_s07"",""setting"":""未明示"",""time"":""未明示"",""mood"":""孤寂"",""entities"":[""e03"",""e04""],""actions"":[],""focus"":[""雨"",""風""]},{""id"":""p058_s08"",""setting"":""未明示"",""time"":""未明示"",""mood"":""平靜"",""entities"":[],""actions"":[],""focus"":[]},{""id"":""p058_s09"",""setting"":""房間"",""time"":""未明示"",""mood"":""平靜"",""entities"":[""e15"",""e13""],""actions"":[],""focus"":[""牛""]},{""id"":""p058_s10"",""setting"":""未明示"",""time"":""未明示"",""mood"":""平靜"",""entities"":[""e16""],""actions"":[],""focus"":[""露水""]},{""id"":""p058_s11"",""setting"":""未明示"",""time"":""未明示"",""mood"":""平靜"",""entities"":[""e01""],""actions"":[],""focus"":[""樹木""]},{""id"":""p058_s12"",""setting"":""未明示"",""time"":""未明示"",""mood"":""平靜"",""entities"":[],""actions"":[],""focus"":[]}]}",依各 Scene 視覺計畫,"p058_s01｜場景：未明示｜畫面核心：樹木、石陣｜情緒：平靜｜出現：樹木、石陣
p058_s02｜場景：未明示｜畫面核心：樹木、雨、風、霜｜情緒：平靜｜出現：樹木、雨、風、霜
p058_s03｜場景：未明示｜時間：冬天｜畫面核心：月亮、雲、雪｜情緒：平靜｜出現：月亮、雲、雪
p058_s04｜場景：未明示｜畫面核心：朋友、樹木｜情緒：平靜｜出現：朋友、樹木
p058_s05｜場景：宮中｜畫面核心：詩人、看望｜動作：看望｜情緒：平靜｜出現：詩人、宮中、古道
p058_s06｜場景：房間｜畫面核心：樹木、窗戶｜情緒：安靜｜出現：樹木、房間、窗戶
p058_s07｜場景：未明示｜畫面核心：雨、風｜情緒：孤寂｜出現：雨、風
p058_s08｜場景：未明示｜畫面核心：｜情緒：平靜
p058_s09｜場景：房間｜畫面核心：牛｜情緒：平靜｜出現：牛、房間
p058_s10｜場景：未明示｜畫面核心：露水｜情緒：平靜｜出現：露水
p058_s11｜場景：未明示｜畫面核心：樹木｜情緒：平靜｜出現：樹木
p058_s12｜場景：未明示｜畫面核心：｜情緒：平靜","植物｜樹木
物件｜石陣
物件｜雨
物件｜風
物件｜霜
物件｜月亮
物件｜雲
物件｜雪
人物｜朋友
人物｜詩人
場景｜宮中
場景｜古道
場景｜房間
物件｜窗戶
動物｜牛
物件｜露水",重複元素：樹木、雨、風、房間
59,杜甫,七言古詩,觀公孫大娘弟子舞劍器行并序,"大曆二年十月十九日，夔府別駕元持宅，見臨潁李十二孃 舞劍器，壯其蔚跂，問其所師，曰：“餘公孫大娘弟子也。” 開元三載，餘尚童稚，記於郾城觀公孫氏，舞劍器渾脫， 瀏漓頓挫，獨出冠時，自高頭宜春梨園二伎坊內人洎外供奉， 曉是舞者，聖文神武皇帝初，公孫一人而已。 玉貌錦衣，況餘白首，今茲弟子，亦非盛顏。 既辨其由來，知波瀾莫二，撫事慷慨，聊爲《劍器行》。 昔者吳人張旭，善草書帖，數常於鄴縣見公孫大娘 舞西河劍器，自此草書長進，豪蕩感激，即公孫可知矣。

昔有佳人公孫氏，一舞劍器動四方。
觀者如山色沮喪，天地爲之久低昂。
霍如羿射九日落，矯如羣帝驂龍翔。
來如雷霆收震怒，罷如江海凝清光。
絳脣珠袖兩寂寞，晚有弟子傳芬芳。
臨潁美人在白帝，妙舞此曲神揚揚。
與餘問答既有以，感時撫事增惋傷。
先帝侍女八千人，公孫劍器初第一。
五十年間似反掌，風塵澒洞昏王室。
梨園弟子散如煙，女樂餘姿映寒日。
金粟堆南木已拱，瞿唐石城草蕭瑟。
玳筵急管曲復終，樂極哀來月東出。
老夫不知其所往，足繭荒山轉愁疾。","杜甫先說自己看到公孫大娘的弟子舞劍，想起童年看過公孫大娘本人精彩舞姿，也想到她的舞曾啟發書法家張旭，因此寫下這首詩。

從前有位美麗的公孫大娘，她一舞劍，名聲震動四方。
觀眾多得像山一樣，人人看得緊張驚嘆，彷彿天地也跟著她的動作起伏。
她的動作快得像后羿射落九個太陽，又矯健得像眾神駕龍飛翔。
起舞時像雷霆突然爆發，停下時又像江海恢復平靜清光。
那位紅唇彩袖的舞者早已不在，幸好晚年還有弟子把技藝傳下來。
如今在白帝城看到臨潁來的舞者，舞同一支曲子，精神飛揚。
聽她回答老師的來歷，我更因想到往事和時代變化而感傷。
以前宮中舞女成千上萬，公孫大娘的劍舞仍是其中第一。
五十年一下就過去了，戰亂卻把國家和宮廷弄得混亂。
梨園中的表演者早已四散，如今只剩少數舊日舞姿映在寒冷日光下。
先帝陵墓旁樹都長大了，瞿塘一帶石城只見蕭瑟野草。
宴席上的急促樂曲又唱完了，歡樂到盡頭反而生出悲傷，月亮也升起來。
年老的我不知道接下來要往哪裡去，走在荒山中腳都起繭，心裡越來越愁。",3,9,visual_plan_v1,draft,"{""v"":""visual_plan_v1"",""entities"":[{""id"":""e01"",""type"":""plant"",""label"":""青草""},{""id"":""e02"",""type"":""location"",""label"":""河岸""},{""id"":""e03"",""type"":""location"",""label"":""城中""},{""id"":""e04"",""type"":""object"",""label"":""月亮""},{""id"":""e05"",""type"":""location"",""label"":""江邊""},{""id"":""e06"",""type"":""location"",""label"":""海邊""},{""id"":""e07"",""type"":""character"",""label"":""詩人""},{""id"":""e08"",""type"":""location"",""label"":""宮中""},{""id"":""e09"",""type"":""object"",""label"":""風""},{""id"":""e10"",""type"":""plant"",""label"":""樹木""},{""id"":""e11"",""type"":""object"",""label"":""石陣""},{""id"":""e12"",""type"":""location"",""label"":""山中""}],""continuity"":{""recurring_entities"":[""e01"",""e03"",""e04"",""e07"",""e08""]},""scenes"":[{""id"":""p059_s01"",""setting"":""河岸"",""time"":""清晨"",""mood"":""平靜"",""entities"":[""e01"",""e02"",""e03"",""e04""],""actions"":[""看望""],""focus"":[""青草"",""月亮"",""看望""]},{""id"":""p059_s02"",""setting"":""未明示"",""time"":""未明示"",""mood"":""平靜"",""entities"":[],""actions"":[],""focus"":[]},{""id"":""p059_s03"",""setting"":""未明示"",""time"":""未明示"",""mood"":""平靜"",""entities"":[],""actions"":[],""focus"":[]},{""id"":""p059_s04"",""setting"":""未明示"",""time"":""未明示"",""mood"":""平靜"",""entities"":[],""actions"":[""看望""],""focus"":[""看望""]},{""id"":""p059_s05"",""setting"":""未明示"",""time"":""未明示"",""mood"":""平靜"",""entities"":[],""actions"":[],""focus"":[]},{""id"":""p059_s06"",""setting"":""江邊"",""time"":""未明示"",""mood"":""平靜"",""entities"":[""e05"",""e06""],""actions"":[],""focus"":[]},{""id"":""p059_s07"",""setting"":""未明示"",""time"":""未明示"",""mood"":""平靜"",""entities"":[],""actions"":[],""focus"":[]},{""id"":""p059_s08"",""setting"":""城中"",""time"":""未明示"",""mood"":""平靜"",""entities"":[""e03""],""actions"":[""看望""],""focus"":[""看望""]},{""id"":""p059_s09"",""setting"":""未明示"",""time"":""未明示"",""mood"":""平靜"",""entities"":[""e07""],""actions"":[""聆聽""],""focus"":[""詩人"",""聆聽""]},{""id"":""p059_s10"",""setting"":""宮中"",""time"":""未明示"",""mood"":""平靜"",""entities"":[""e08""],""actions"":[],""focus"":[]},{""id"":""p059_s11"",""setting"":""宮中"",""time"":""未明示"",""mood"":""平靜"",""entities"":[""e08"",""e09""],""actions"":[""前行""],""focus"":[""風"",""前行""]},{""id"":""p059_s12"",""setting"":""未明示"",""time"":""未明示"",""mood"":""平靜"",""entities"":[],""actions"":[],""focus"":[]},{""id"":""p059_s13"",""setting"":""城中"",""time"":""未明示"",""mood"":""平靜"",""entities"":[""e01"",""e10"",""e03"",""e11""],""actions"":[],""focus"":[""青草"",""樹木"",""石陣""]},{""id"":""p059_s14"",""setting"":""未明示"",""time"":""未明示"",""mood"":""平靜"",""entities"":[""e04""],""actions"":[],""focus"":[""月亮""]},{""id"":""p059_s15"",""setting"":""山中"",""time"":""未明示"",""mood"":""平靜"",""entities"":[""e07"",""e12""],""actions"":[""前行""],""focus"":[""詩人"",""前行""]}]}",依各 Scene 視覺計畫,"p059_s01｜場景：河岸｜時間：清晨｜畫面核心：青草、月亮、看望｜動作：看望｜情緒：平靜｜出現：青草、河岸、城中、月亮
p059_s02｜場景：未明示｜畫面核心：｜情緒：平靜
p059_s03｜場景：未明示｜畫面核心：｜情緒：平靜
p059_s04｜場景：未明示｜畫面核心：看望｜動作：看望｜情緒：平靜
p059_s05｜場景：未明示｜畫面核心：｜情緒：平靜
p059_s06｜場景：江邊｜畫面核心：｜情緒：平靜｜出現：江邊、海邊
p059_s07｜場景：未明示｜畫面核心：｜情緒：平靜
p059_s08｜場景：城中｜畫面核心：看望｜動作：看望｜情緒：平靜｜出現：城中
p059_s09｜場景：未明示｜畫面核心：詩人、聆聽｜動作：聆聽｜情緒：平靜｜出現：詩人
p059_s10｜場景：宮中｜畫面核心：｜情緒：平靜｜出現：宮中
p059_s11｜場景：宮中｜畫面核心：風、前行｜動作：前行｜情緒：平靜｜出現：宮中、風
p059_s12｜場景：未明示｜畫面核心：｜情緒：平靜
p059_s13｜場景：城中｜畫面核心：青草、樹木、石陣｜情緒：平靜｜出現：青草、樹木、城中、石陣
p059_s14｜場景：未明示｜畫面核心：月亮｜情緒：平靜｜出現：月亮
p059_s15｜場景：山中｜畫面核心：詩人、前行｜動作：前行｜情緒：平靜｜出現：詩人、山中","植物｜青草
場景｜河岸
場景｜城中
物件｜月亮
場景｜江邊
場景｜海邊
人物｜詩人
場景｜宮中
物件｜風
植物｜樹木
物件｜石陣
場景｜山中",重複元素：青草、城中、月亮、詩人、宮中
60,元結,七言古詩,石魚湖上醉歌并序,"漫叟以公田米釀酒，因休暇，則載酒於湖上，時取一醉；歡醉中，據湖岸，引臂向魚取酒，使舫載之，遍飲坐者。意疑倚巴丘，酌於君山之上，諸子環洞庭而坐，酒舫泛泛然，觸波濤而往來者，乃作歌以長之。

石魚湖，似洞庭，夏水欲滿君山青。
山爲樽，水爲沼，酒徒歷歷坐洲島。
長風連日作大浪，不能廢人運酒舫。
我持長瓢坐巴丘，酌飲四座以散愁。","元結說自己用公田的米釀酒，休假時常載酒到石魚湖，和朋友坐在湖邊飲酒，想像大家像坐在洞庭湖邊，因此寫了這首歌。

石魚湖很像洞庭湖，夏天湖水快滿了，旁邊山色一片青翠。
把山想成大酒杯，把湖水想成酒池，喝酒的朋友清楚坐在一座座小洲上。
連日大風吹起大浪，也沒有阻止大家用小船運酒過來。
我拿著長瓢坐在湖邊，替四周朋友舀酒，希望大家暫時忘掉煩惱。",1,9,visual_plan_v1,draft,"{""v"":""visual_plan_v1"",""entities"":[{""id"":""e01"",""type"":""character"",""label"":""朋友""},{""id"":""e02"",""type"":""animal"",""label"":""魚""},{""id"":""e03"",""type"":""location"",""label"":""湖邊""},{""id"":""e04"",""type"":""location"",""label"":""庭院""},{""id"":""e05"",""type"":""location"",""label"":""田野""},{""id"":""e06"",""type"":""object"",""label"":""酒""},{""id"":""e07"",""type"":""object"",""label"":""石陣""},{""id"":""e08"",""type"":""location"",""label"":""船上""},{""id"":""e09"",""type"":""object"",""label"":""風""},{""id"":""e10"",""type"":""object"",""label"":""小船""},{""id"":""e11"",""type"":""character"",""label"":""詩人""}],""continuity"":{""recurring_entities"":[""e01"",""e02"",""e03"",""e04"",""e06"",""e07""]},""scenes"":[{""id"":""p060_s01"",""setting"":""湖邊"",""time"":""未明示"",""mood"":""平靜"",""entities"":[""e01"",""e02"",""e03"",""e04"",""e05"",""e06"",""e07""],""actions"":[""飲酒""],""focus"":[""朋友"",""魚"",""酒"",""石陣"",""飲酒""]},{""id"":""p060_s02"",""setting"":""未明示"",""time"":""未明示"",""mood"":""平靜"",""entities"":[],""actions"":[],""focus"":[]},{""id"":""p060_s03"",""setting"":""湖邊"",""time"":""夏天"",""mood"":""平靜"",""entities"":[""e02"",""e03"",""e04"",""e07""],""actions"":[],""focus"":[""魚"",""石陣""]},{""id"":""p060_s04"",""setting"":""湖邊"",""time"":""未明示"",""mood"":""平靜"",""entities"":[""e01"",""e03"",""e06""],""actions"":[""飲酒""],""focus"":[""朋友"",""酒"",""飲酒""]},{""id"":""p060_s05"",""setting"":""船上"",""time"":""未明示"",""mood"":""平靜"",""entities"":[""e08"",""e09"",""e10"",""e06""],""actions"":[""飲酒""],""focus"":[""風"",""小船"",""酒"",""飲酒""]},{""id"":""p060_s06"",""setting"":""湖邊"",""time"":""未明示"",""mood"":""平靜"",""entities"":[""e11"",""e01"",""e03"",""e06""],""actions"":[""看望"",""飲酒""],""focus"":[""詩人"",""朋友"",""酒"",""看望"",""飲酒""]}]}",依各 Scene 視覺計畫,"p060_s01｜場景：湖邊｜畫面核心：朋友、魚、酒、石陣、飲酒｜動作：飲酒｜情緒：平靜｜出現：朋友、魚、湖邊、庭院、田野、酒、石陣
p060_s02｜場景：未明示｜畫面核心：｜情緒：平靜
p060_s03｜場景：湖邊｜時間：夏天｜畫面核心：魚、石陣｜情緒：平靜｜出現：魚、湖邊、庭院、石陣
p060_s04｜場景：湖邊｜畫面核心：朋友、酒、飲酒｜動作：飲酒｜情緒：平靜｜出現：朋友、湖邊、酒
p060_s05｜場景：船上｜畫面核心：風、小船、酒、飲酒｜動作：飲酒｜情緒：平靜｜出現：船上、風、小船、酒
p060_s06｜場景：湖邊｜畫面核心：詩人、朋友、酒、看望、飲酒｜動作：看望、飲酒｜情緒：平靜｜出現：詩人、朋友、湖邊、酒","人物｜朋友
動物｜魚
場景｜湖邊
場景｜庭院
場景｜田野
物件｜酒
物件｜石陣
場景｜船上
物件｜風
物件｜小船
人物｜詩人",重複元素：朋友、魚、湖邊、庭院、酒、石陣
61,韓愈,七言古詩,山石,"山石犖确行徑微，黃昏到寺蝙蝠飛。
升堂坐階新雨足，芭蕉葉大支子肥。
僧言古壁佛畫好，以火來照所見稀。
鋪床拂席置羹飯，疏糲亦足飽我饑。
夜深靜臥百蟲絕，清月出嶺光入扉。
天明獨去無道路，出入高下窮煙霏。
山紅澗碧紛爛漫，時見松櫪皆十圍。
當流赤足蹋澗石，水聲激激風吹衣。
人生如此自可樂，豈必局束為人鞿。
嗟哉吾黨二三子，安得至老不更歸。","山石崎嶇，小路很窄，我到寺院時已黃昏，蝙蝠在空中飛。
剛下過大雨，我走上堂前坐在階梯上，看見芭蕉葉很大、梔子長得茂盛。
和尚說古牆上的佛畫很美，拿火來照，我才看清少見的古畫。
他鋪床掃席，又準備簡單飯菜，雖不精緻也足以讓我吃飽。
深夜安靜躺下，連蟲聲都停了，清月越過山嶺照進門來。
天亮我獨自離開，山路模糊，在高低山勢和雲霧裡不停穿行。
山花紅、溪水綠，景色燦爛，不時看見粗得幾人合抱的大松樹和櫟樹。
我光著腳踩過溪中石頭，水聲急響，風吹著衣服。
如果人生能像這樣親近山水，自然就很快樂，何必總被世俗規矩綁住？
可惜我的幾位朋友啊，我們怎樣才能到老都還能回到這種自在生活呢？",3,9,visual_plan_v1,draft,"{""v"":""visual_plan_v1"",""entities"":[{""id"":""e01"",""type"":""character"",""label"":""詩人""},{""id"":""e02"",""type"":""location"",""label"":""庭院""},{""id"":""e03"",""type"":""location"",""label"":""古道""},{""id"":""e04"",""type"":""location"",""label"":""寺院""},{""id"":""e05"",""type"":""object"",""label"":""石陣""},{""id"":""e06"",""type"":""object"",""label"":""雨""},{""id"":""e07"",""type"":""character"",""label"":""僧人""},{""id"":""e08"",""type"":""location"",""label"":""房間""},{""id"":""e09"",""type"":""object"",""label"":""床""},{""id"":""e10"",""type"":""object"",""label"":""月亮""},{""id"":""e11"",""type"":""location"",""label"":""山中""},{""id"":""e12"",""type"":""object"",""label"":""雲""},{""id"":""e13"",""type"":""plant"",""label"":""松樹""},{""id"":""e14"",""type"":""plant"",""label"":""花樹""},{""id"":""e15"",""type"":""plant"",""label"":""樹木""},{""id"":""e16"",""type"":""location"",""label"":""溪流""},{""id"":""e17"",""type"":""object"",""label"":""風""},{""id"":""e18"",""type"":""character"",""label"":""朋友""}],""continuity"":{""recurring_entities"":[""e01"",""e03"",""e05"",""e16""]},""scenes"":[{""id"":""p061_s01"",""setting"":""庭院"",""time"":""未明示"",""mood"":""平靜"",""entities"":[""e01"",""e02"",""e03"",""e04"",""e05""],""actions"":[],""focus"":[""詩人"",""石陣""]},{""id"":""p061_s02"",""setting"":""未明示"",""time"":""未明示"",""mood"":""平靜"",""entities"":[""e01"",""e06""],""actions"":[""看望"",""前行""],""focus"":[""詩人"",""雨"",""看望"",""前行""]},{""id"":""p061_s03"",""setting"":""未明示"",""time"":""未明示"",""mood"":""平靜"",""entities"":[""e01"",""e07""],""actions"":[""看望""],""focus"":[""詩人"",""僧人"",""看望""]},{""id"":""p061_s04"",""setting"":""房間"",""time"":""未明示"",""mood"":""平靜"",""entities"":[""e01"",""e08"",""e09""],""actions"":[],""focus"":[""詩人"",""床""]},{""id"":""p061_s05"",""setting"":""未明示"",""time"":""夜晚"",""mood"":""安靜"",""entities"":[""e10""],""actions"":[],""focus"":[""月亮""]},{""id"":""p061_s06"",""setting"":""山中"",""time"":""清晨"",""mood"":""平靜"",""entities"":[""e01"",""e11"",""e03"",""e12""],""actions"":[""前行""],""focus"":[""詩人"",""雲"",""前行""]},{""id"":""p061_s07"",""setting"":""溪流"",""time"":""未明示"",""mood"":""平靜"",""entities"":[""e13"",""e14"",""e15"",""e16""],""actions"":[""看望""],""focus"":[""松樹"",""花樹"",""樹木"",""看望""]},{""id"":""p061_s08"",""setting"":""溪流"",""time"":""未明示"",""mood"":""平靜"",""entities"":[""e01"",""e16"",""e17"",""e05""],""actions"":[],""focus"":[""詩人"",""風"",""石陣""]},{""id"":""p061_s09"",""setting"":""未明示"",""time"":""未明示"",""mood"":""平靜"",""entities"":[],""actions"":[],""focus"":[]},{""id"":""p061_s10"",""setting"":""未明示"",""time"":""未明示"",""mood"":""感傷"",""entities"":[""e01"",""e18""],""actions"":[],""focus"":[""詩人"",""朋友""]}]}",依各 Scene 視覺計畫,"p061_s01｜場景：庭院｜畫面核心：詩人、石陣｜情緒：平靜｜出現：詩人、庭院、古道、寺院、石陣
p061_s02｜場景：未明示｜畫面核心：詩人、雨、看望、前行｜動作：看望、前行｜情緒：平靜｜出現：詩人、雨
p061_s03｜場景：未明示｜畫面核心：詩人、僧人、看望｜動作：看望｜情緒：平靜｜出現：詩人、僧人
p061_s04｜場景：房間｜畫面核心：詩人、床｜情緒：平靜｜出現：詩人、房間、床
p061_s05｜場景：未明示｜時間：夜晚｜畫面核心：月亮｜情緒：安靜｜出現：月亮
p061_s06｜場景：山中｜時間：清晨｜畫面核心：詩人、雲、前行｜動作：前行｜情緒：平靜｜出現：詩人、山中、古道、雲
p061_s07｜場景：溪流｜畫面核心：松樹、花樹、樹木、看望｜動作：看望｜情緒：平靜｜出現：松樹、花樹、樹木、溪流
p061_s08｜場景：溪流｜畫面核心：詩人、風、石陣｜情緒：平靜｜出現：詩人、溪流、風、石陣
p061_s09｜場景：未明示｜畫面核心：｜情緒：平靜
p061_s10｜場景：未明示｜畫面核心：詩人、朋友｜情緒：感傷｜出現：詩人、朋友","人物｜詩人
場景｜庭院
場景｜古道
場景｜寺院
物件｜石陣
物件｜雨
人物｜僧人
場景｜房間
物件｜床
物件｜月亮
場景｜山中
物件｜雲
植物｜松樹
植物｜花樹
植物｜樹木
場景｜溪流
物件｜風
人物｜朋友",重複元素：詩人、古道、石陣、溪流
62,韓愈,七言古詩,八月十五夜贈張功曹,"纖雲四卷天無河，清風吹空月舒波。
沙平水息聲影絕，一杯相屬君當歌。
君歌聲酸辭且苦，不能聽終淚如雨。
洞庭連天九疑高，蛟龍出沒猩鼯號。
十生九死到官所，幽居默默如藏逃。
下牀畏蛇食畏藥，海氣溼蟄薰腥臊。
昨者州前捶大鼓，嗣皇繼聖登夔皋。
赦書一日行萬里，罪從大辟皆除死。
遷者追回流者還，滌瑕盪垢清朝班。
州家申名使家抑，坎軻只得移荊蠻。
判司卑官不堪說，未免捶楚塵埃間。
同時輩流多上道，天路幽險難追攀。
君歌且休聽我歌，我歌今與君殊科。
一年明月今宵多，人生由命非由他。
有酒不飲奈明何。","細雲散開，天空乾淨，清風吹過，月光像水波一樣明亮。
沙灘平、水面靜，四周幾乎沒有聲音；我敬你一杯，請你唱歌。
你的歌聲悲酸、歌詞又苦，我還沒聽完就已淚如雨下。
你說起洞庭、九疑一帶山高水遠，野獸出沒，環境十分艱險。
一路九死一生才到任所，到了那裡又只能像躲藏一樣安靜生活。
下床怕蛇，吃東西又怕中毒，濕熱海氣還帶著難聞氣味。
昨天州城前忽然敲起大鼓，傳來新皇即位、任用賢人的消息。
赦免命令很快傳遍各地，連重罪者都有人得到減免。
被貶的人召回、流放的人回家，朝廷好像要重新整理以前的錯誤。
可是你的名字雖被地方呈報，卻又被上級壓下，只換到另一個偏遠地方。
低階小官的辛苦實在說不完，還可能受責罰、在塵土中受辱。
同一時期很多人已踏上回京路，你要走的路卻仍又險又遠。
你的歌先停一下，換我唱一首，我今天想說的和你不太一樣。
一年裡今晚月亮最明，人生際遇有很多不是我們自己能控制的。
既然有酒，今晚何不一起喝，別辜負這麼好的月光。",3,9,visual_plan_v1,draft,"{""v"":""visual_plan_v1"",""entities"":[{""id"":""e01"",""type"":""location"",""label"":""河岸""},{""id"":""e02"",""type"":""object"",""label"":""月亮""},{""id"":""e03"",""type"":""object"",""label"":""雲""},{""id"":""e04"",""type"":""object"",""label"":""風""},{""id"":""e05"",""type"":""character"",""label"":""詩人""},{""id"":""e06"",""type"":""object"",""label"":""雨""},{""id"":""e07"",""type"":""location"",""label"":""庭院""},{""id"":""e08"",""type"":""location"",""label"":""古道""},{""id"":""e09"",""type"":""location"",""label"":""海邊""},{""id"":""e10"",""type"":""location"",""label"":""房間""},{""id"":""e11"",""type"":""object"",""label"":""床""},{""id"":""e12"",""type"":""location"",""label"":""城中""},{""id"":""e13"",""type"":""object"",""label"":""酒""}],""continuity"":{""recurring_entities"":[""e02"",""e05"",""e08"",""e12""]},""scenes"":[{""id"":""p062_s01"",""setting"":""河岸"",""time"":""夜晚"",""mood"":""平靜"",""entities"":[""e01"",""e02"",""e03"",""e04""],""actions"":[],""focus"":[""月亮"",""雲"",""風""]},{""id"":""p062_s02"",""setting"":""未明示"",""time"":""未明示"",""mood"":""平靜"",""entities"":[""e05""],""actions"":[],""focus"":[""詩人""]},{""id"":""p062_s03"",""setting"":""未明示"",""time"":""未明示"",""mood"":""感傷"",""entities"":[""e05"",""e06""],""actions"":[""聆聽"",""哭泣""],""focus"":[""詩人"",""雨"",""聆聽"",""哭泣""]},{""id"":""p062_s04"",""setting"":""庭院"",""time"":""未明示"",""mood"":""平靜"",""entities"":[""e07""],""actions"":[],""focus"":[]},{""id"":""p062_s05"",""setting"":""古道"",""time"":""未明示"",""mood"":""安靜"",""entities"":[""e08""],""actions"":[],""focus"":[]},{""id"":""p062_s06"",""setting"":""海邊"",""time"":""未明示"",""mood"":""平靜"",""entities"":[""e09"",""e10"",""e11""],""actions"":[""聆聽""],""focus"":[""床"",""聆聽""]},{""id"":""p062_s07"",""setting"":""城中"",""time"":""未明示"",""mood"":""平靜"",""entities"":[""e12""],""actions"":[],""focus"":[]},{""id"":""p062_s08"",""setting"":""未明示"",""time"":""未明示"",""mood"":""平靜"",""entities"":[],""actions"":[],""focus"":[]},{""id"":""p062_s09"",""setting"":""未明示"",""time"":""未明示"",""mood"":""平靜"",""entities"":[],""actions"":[],""focus"":[]},{""id"":""p062_s10"",""setting"":""未明示"",""time"":""未明示"",""mood"":""平靜"",""entities"":[],""actions"":[],""focus"":[]},{""id"":""p062_s11"",""setting"":""未明示"",""time"":""未明示"",""mood"":""平靜"",""entities"":[],""actions"":[],""focus"":[]},{""id"":""p062_s12"",""setting"":""城中"",""time"":""未明示"",""mood"":""平靜"",""entities"":[""e12"",""e08""],""actions"":[""前行""],""focus"":[""前行""]},{""id"":""p062_s13"",""setting"":""未明示"",""time"":""未明示"",""mood"":""平靜"",""entities"":[""e05""],""actions"":[],""focus"":[""詩人""]},{""id"":""p062_s14"",""setting"":""未明示"",""time"":""夜晚"",""mood"":""平靜"",""entities"":[""e05"",""e02""],""actions"":[],""focus"":[""詩人"",""月亮""]},{""id"":""p062_s15"",""setting"":""未明示"",""time"":""夜晚"",""mood"":""平靜"",""entities"":[""e02"",""e13""],""actions"":[""飲酒""],""focus"":[""月亮"",""酒"",""飲酒""]}]}",依各 Scene 視覺計畫,"p062_s01｜場景：河岸｜時間：夜晚｜畫面核心：月亮、雲、風｜情緒：平靜｜出現：河岸、月亮、雲、風
p062_s02｜場景：未明示｜畫面核心：詩人｜情緒：平靜｜出現：詩人
p062_s03｜場景：未明示｜畫面核心：詩人、雨、聆聽、哭泣｜動作：聆聽、哭泣｜情緒：感傷｜出現：詩人、雨
p062_s04｜場景：庭院｜畫面核心：｜情緒：平靜｜出現：庭院
p062_s05｜場景：古道｜畫面核心：｜情緒：安靜｜出現：古道
p062_s06｜場景：海邊｜畫面核心：床、聆聽｜動作：聆聽｜情緒：平靜｜出現：海邊、房間、床
p062_s07｜場景：城中｜畫面核心：｜情緒：平靜｜出現：城中
p062_s08｜場景：未明示｜畫面核心：｜情緒：平靜
p062_s09｜場景：未明示｜畫面核心：｜情緒：平靜
p062_s10｜場景：未明示｜畫面核心：｜情緒：平靜
p062_s11｜場景：未明示｜畫面核心：｜情緒：平靜
p062_s12｜場景：城中｜畫面核心：前行｜動作：前行｜情緒：平靜｜出現：城中、古道
p062_s13｜場景：未明示｜畫面核心：詩人｜情緒：平靜｜出現：詩人
p062_s14｜場景：未明示｜時間：夜晚｜畫面核心：詩人、月亮｜情緒：平靜｜出現：詩人、月亮
p062_s15｜場景：未明示｜時間：夜晚｜畫面核心：月亮、酒、飲酒｜動作：飲酒｜情緒：平靜｜出現：月亮、酒","場景｜河岸
物件｜月亮
物件｜雲
物件｜風
人物｜詩人
物件｜雨
場景｜庭院
場景｜古道
場景｜海邊
場景｜房間
物件｜床
場景｜城中
物件｜酒",重複元素：月亮、詩人、古道、城中
63,韓愈,七言古詩,謁衡嶽廟遂宿岳寺題門樓,"五嶽祭秩皆三公，四方環鎮嵩當中。
火維地荒足妖怪，天假神柄專其雄。
噴雲泄霧藏半腹，雖有絕頂誰能窮。
我來正逢秋雨節，陰氣晦昧無清風。
潛心默禱若有應，豈非正直能感通。
須臾靜掃衆峯出，仰見突兀撐青空。
紫蓋連延接天柱，石廩騰擲堆祝融。
森然魄動下馬拜，松柏一徑趨靈宮。
粉牆丹柱動光彩，鬼物圖畫填青紅。
升階傴僂薦脯酒，欲以菲薄明其衷。
廟令老人識神意，睢盱偵伺能鞠躬。
手持杯珓導我擲，雲此最吉餘難同。
竄逐蠻荒幸不死，衣食才足甘長終。
侯王將相望久絕，神縱慾福難爲功。
夜投佛寺上高閣，星月掩映雲曈曨。
猿鳴鐘動不知曙，杲杲寒日生於東。","五嶽都受到隆重祭祀，分鎮四方，而嵩山在中間。
南方衡山一帶古人覺得神秘，因此更顯得山神威嚴有力。
山腰常噴雲吐霧，連最高峰都藏起來，很難看見全貌。
我來時正遇秋雨，天空陰暗，連一點清風都沒有。
我靜下心默默祈禱，沒想到天氣真像有了回應。
不久雲霧散去，一座座山峰突然出現，高高撐向青天。
紫蓋、天柱等山峰連綿，石廩、祝融等峰也高低起伏。
眼前景象莊嚴得讓我心中震動，我下馬沿松柏小路去拜廟。
白牆紅柱十分鮮明，牆上還畫滿各種神怪圖像。
我登上台階彎身獻上肉和酒，用簡單祭品表達真心。
管廟老人好像很懂神意，仔細看著我，恭敬地幫忙占卜。
他拿杯珓讓我投擲，說這次結果最吉利，少有人得到這麼好的兆頭。
我被貶到偏遠地方還能活著，衣食夠用，其實已願意平靜過一生。
對侯王將相早已不抱希望，就算神明想賜福，也很難改變我的志向。
晚上我住進佛寺登上高樓，星月在薄雲中忽明忽暗。
猿猴叫、鐘聲響，我竟不知何時天亮，直到寒冷朝陽從東方升起。",3,9,visual_plan_v1,draft,"{""v"":""visual_plan_v1"",""entities"":[{""id"":""e01"",""type"":""object"",""label"":""雲""},{""id"":""e02"",""type"":""character"",""label"":""詩人""},{""id"":""e03"",""type"":""object"",""label"":""雨""},{""id"":""e04"",""type"":""object"",""label"":""風""},{""id"":""e05"",""type"":""object"",""label"":""石陣""},{""id"":""e06"",""type"":""animal"",""label"":""馬""},{""id"":""e07"",""type"":""plant"",""label"":""松樹""},{""id"":""e08"",""type"":""location"",""label"":""宮中""},{""id"":""e09"",""type"":""location"",""label"":""古道""},{""id"":""e10"",""type"":""location"",""label"":""樓台""},{""id"":""e11"",""type"":""object"",""label"":""酒""},{""id"":""e12"",""type"":""character"",""label"":""老人""},{""id"":""e13"",""type"":""location"",""label"":""寺院""},{""id"":""e14"",""type"":""object"",""label"":""月亮""},{""id"":""e15"",""type"":""animal"",""label"":""猿""},{""id"":""e16"",""type"":""object"",""label"":""鐘""}],""continuity"":{""recurring_entities"":[""e01"",""e02"",""e10""]},""scenes"":[{""id"":""p063_s01"",""setting"":""未明示"",""time"":""未明示"",""mood"":""平靜"",""entities"":[],""actions"":[],""focus"":[]},{""id"":""p063_s02"",""setting"":""未明示"",""time"":""未明示"",""mood"":""平靜"",""entities"":[],""actions"":[],""focus"":[]},{""id"":""p063_s03"",""setting"":""未明示"",""time"":""未明示"",""mood"":""平靜"",""entities"":[""e01""],""actions"":[""看望""],""focus"":[""雲"",""看望""]},{""id"":""p063_s04"",""setting"":""未明示"",""time"":""秋天"",""mood"":""平靜"",""entities"":[""e02"",""e03"",""e04""],""actions"":[],""focus"":[""詩人"",""雨"",""風""]},{""id"":""p063_s05"",""setting"":""未明示"",""time"":""未明示"",""mood"":""平靜"",""entities"":[""e02""],""actions"":[],""focus"":[""詩人""]},{""id"":""p063_s06"",""setting"":""未明示"",""time"":""未明示"",""mood"":""平靜"",""entities"":[""e01""],""actions"":[""前行""],""focus"":[""雲"",""前行""]},{""id"":""p063_s07"",""setting"":""未明示"",""time"":""未明示"",""mood"":""平靜"",""entities"":[""e05""],""actions"":[],""focus"":[""石陣""]},{""id"":""p063_s08"",""setting"":""宮中"",""time"":""未明示"",""mood"":""平靜"",""entities"":[""e02"",""e06"",""e07"",""e08"",""e09""],""actions"":[""前行""],""focus"":[""詩人"",""馬"",""松樹"",""前行""]},{""id"":""p063_s09"",""setting"":""未明示"",""time"":""未明示"",""mood"":""平靜"",""entities"":[],""actions"":[],""focus"":[]},{""id"":""p063_s10"",""setting"":""樓台"",""time"":""未明示"",""mood"":""平靜"",""entities"":[""e02"",""e10"",""e11""],""actions"":[""前行"",""飲酒""],""focus"":[""詩人"",""酒"",""前行"",""飲酒""]},{""id"":""p063_s11"",""setting"":""未明示"",""time"":""未明示"",""mood"":""平靜"",""entities"":[""e02"",""e12""],""actions"":[""看望""],""focus"":[""詩人"",""老人"",""看望""]},{""id"":""p063_s12"",""setting"":""未明示"",""time"":""未明示"",""mood"":""平靜"",""entities"":[""e02"",""e01""],""actions"":[],""focus"":[""詩人"",""雲""]},{""id"":""p063_s13"",""setting"":""未明示"",""time"":""未明示"",""mood"":""平靜"",""entities"":[""e02""],""actions"":[],""focus"":[""詩人""]},{""id"":""p063_s14"",""setting"":""未明示"",""time"":""未明示"",""mood"":""平靜"",""entities"":[""e02""],""actions"":[""看望""],""focus"":[""詩人"",""看望""]},{""id"":""p063_s15"",""setting"":""樓台"",""time"":""夜晚"",""mood"":""平靜"",""entities"":[""e02"",""e10"",""e13"",""e14"",""e01""],""actions"":[""前行""],""focus"":[""詩人"",""月亮"",""雲"",""前行""]},{""id"":""p063_s16"",""setting"":""未明示"",""time"":""清晨"",""mood"":""平靜"",""entities"":[""e02"",""e15"",""e16""],""actions"":[],""focus"":[""詩人"",""猿"",""鐘""]}]}",依各 Scene 視覺計畫,"p063_s01｜場景：未明示｜畫面核心：｜情緒：平靜
p063_s02｜場景：未明示｜畫面核心：｜情緒：平靜
p063_s03｜場景：未明示｜畫面核心：雲、看望｜動作：看望｜情緒：平靜｜出現：雲
p063_s04｜場景：未明示｜時間：秋天｜畫面核心：詩人、雨、風｜情緒：平靜｜出現：詩人、雨、風
p063_s05｜場景：未明示｜畫面核心：詩人｜情緒：平靜｜出現：詩人
p063_s06｜場景：未明示｜畫面核心：雲、前行｜動作：前行｜情緒：平靜｜出現：雲
p063_s07｜場景：未明示｜畫面核心：石陣｜情緒：平靜｜出現：石陣
p063_s08｜場景：宮中｜畫面核心：詩人、馬、松樹、前行｜動作：前行｜情緒：平靜｜出現：詩人、馬、松樹、宮中、古道
p063_s09｜場景：未明示｜畫面核心：｜情緒：平靜
p063_s10｜場景：樓台｜畫面核心：詩人、酒、前行、飲酒｜動作：前行、飲酒｜情緒：平靜｜出現：詩人、樓台、酒
p063_s11｜場景：未明示｜畫面核心：詩人、老人、看望｜動作：看望｜情緒：平靜｜出現：詩人、老人
p063_s12｜場景：未明示｜畫面核心：詩人、雲｜情緒：平靜｜出現：詩人、雲
p063_s13｜場景：未明示｜畫面核心：詩人｜情緒：平靜｜出現：詩人
p063_s14｜場景：未明示｜畫面核心：詩人、看望｜動作：看望｜情緒：平靜｜出現：詩人
p063_s15｜場景：樓台｜時間：夜晚｜畫面核心：詩人、月亮、雲、前行｜動作：前行｜情緒：平靜｜出現：詩人、樓台、寺院、月亮、雲
p063_s16｜場景：未明示｜時間：清晨｜畫面核心：詩人、猿、鐘｜情緒：平靜｜出現：詩人、猿、鐘","物件｜雲
人物｜詩人
物件｜雨
物件｜風
物件｜石陣
動物｜馬
植物｜松樹
場景｜宮中
場景｜古道
場景｜樓台
物件｜酒
人物｜老人
場景｜寺院
物件｜月亮
動物｜猿
物件｜鐘",重複元素：雲、詩人、樓台
64,韓愈,七言古詩,石鼓歌,"張生手持石鼓文，勸我試作石鼓歌。
少陵無人謫仙死，才薄將奈石鼓何。
周綱凌遲四海沸，宣王憤起揮天戈。
大開明堂受朝賀，諸侯劍佩鳴相磨。
蒐於岐陽騁雄俊，萬里禽獸皆遮羅。
鐫功勒成告萬世，鑿石作鼓隳嵯峨。
從臣才藝鹹第一，揀選撰刻留山阿。
雨淋日灸野火燎，鬼物守護煩撝呵。
公從何處得紙本，毫髮盡備無差訛。
辭嚴義密讀難曉，字體不類隸與蝌。
年深豈免有缺畫，快劍斫斷生蛟鼉。
鸞翔鳳翥衆仙下，珊瑚碧樹交枝柯。
金繩鐵索鎖鈕壯，古鼎躍水龍騰梭。
陋儒編詩不收入，二雅褊迫無委蛇。
孔子西行不到秦，掎摭星宿遺羲娥。
嗟餘好古生苦晚，對此涕淚雙滂沱。
憶昔初蒙博士徵，其年始改稱元和。
故人從軍在右輔，爲我度量掘臼科。
濯冠沐浴告祭酒，如此至寶存豈多。
氈包席裹可立致，十鼓只載數駱駝。
薦諸太廟比郜鼎，光價豈止百倍過。
聖恩若許留太學，諸生講解得切磋。
觀經鴻都尚填咽，坐見舉國來奔波。
剜苔剔蘚露節角，安置妥帖平不頗。
大廈深檐與蓋覆，經歷久遠期無佗。
中朝大官老於事，詎肯感激徒媕娿。
牧童敲火牛礪角，誰復著手爲摩挲。
日銷月鑠就埋沒，六年西顧空吟哦。
羲之俗書趁姿媚，數紙尚可博白鵝。
繼周八代爭戰罷，無人收拾理則那。
方今太平日無事，柄任儒術崇丘軻。
安能以此尚論列，願借辯口如懸河。
石鼓之歌止於此，嗚呼吾意其蹉跎。","張先生拿著石鼓文字拓本，勸我寫一首歌來談石鼓。
杜甫不在了，李白也去世了，我才力不高，不知怎麼配得上這些古物。
周朝後來衰弱、天下動亂，周宣王振作起來帶兵整頓國家。
他在大殿接受諸侯朝見，佩劍玉飾互相碰撞，場面隆重。
又在岐陽舉行大規模狩獵，勇士奔馳，遠方禽獸都被圍住。
為了讓功績傳到後世，人們鑿石成鼓，把事情刻在上面。
隨從中最有才華的人負責撰寫和雕刻，讓文字留在山間。
石鼓經過雨淋、日曬、野火，好像還有神靈一直守護它們。
你不知從哪得到這份拓本，連細小筆畫都保留得很完整。
文字內容嚴肅又深奧，字形也不像我們熟悉的隸書或蝌蚪文。
年代太久難免缺筆，有些裂痕又像快劍砍出的蛟龍形狀。
字勢有的像鸞鳳飛翔，也像一群仙人從天空降下。
有的筆畫像金繩鐵索，又像古鼎、游龍，充滿力量。
可惜後來編詩的人沒有把這些文字收進去，留下不少遺憾。
孔子當年也沒到秦地，所以像在滿天星宿中漏掉了最亮的月亮。
我喜愛古物，卻生得太晚，看著石鼓文字感動得一直流淚。
我想起早年剛被召為博士時，那一年正好改用元和年號。
有位從軍的朋友在關中，我請他幫忙估量石鼓所在和挖取方法。
我特地整理衣冠去向主管說明：這樣的寶物世上還有多少呢？
只要用氈席包好就能運來，十面石鼓也不過需要幾匹駱駝。
如果把它們放進太廟，價值比許多古代寶鼎還要珍貴。
若皇帝允許留在太學，學生們就能天天看、研究討論。
連別的古書展覽都能吸引人潮，石鼓一定會讓全國的人都來看。
把青苔刮掉、把紋路清理出來，再好好安置讓它們不歪斜。
放在大屋深簷下遮風避雨，就能希望它們長久保存。
可是朝中老官員習慣了辦事方式，不一定肯為古物積極奔走。
如今牧童拿石鼓敲火、牛拿它磨角，又有誰肯伸手保護呢？
日月久了文字慢慢磨損，我多年向西想望，也只能空自吟嘆。
王羲之優美的書法，幾張紙都能換到珍貴白鵝，大家非常珍惜。
周朝以後八代戰亂都已過去，這麼重要的石鼓卻沒人妥善整理，實在說不過去。
如今正是太平時代，也重視儒學和古代文化。
怎麼不能把石鼓好好列入重要古物？真希望有人口才好，能替它們大聲說話。
我的石鼓歌就寫到這裡，唉，只怕我的願望最後還是錯過機會。",3,9,visual_plan_v1,draft,"{""v"":""visual_plan_v1"",""entities"":[{""id"":""e01"",""type"":""character"",""label"":""詩人""},{""id"":""e02"",""type"":""object"",""label"":""石陣""},{""id"":""e03"",""type"":""location"",""label"":""海邊""},{""id"":""e04"",""type"":""object"",""label"":""雨""},{""id"":""e05"",""type"":""plant"",""label"":""樹木""},{""id"":""e06"",""type"":""object"",""label"":""月亮""},{""id"":""e07"",""type"":""character"",""label"":""朋友""},{""id"":""e08"",""type"":""location"",""label"":""關塞""},{""id"":""e09"",""type"":""object"",""label"":""酒""},{""id"":""e10"",""type"":""location"",""label"":""古道""},{""id"":""e11"",""type"":""object"",""label"":""露水""},{""id"":""e12"",""type"":""location"",""label"":""房間""},{""id"":""e13"",""type"":""object"",""label"":""風""},{""id"":""e14"",""type"":""character"",""label"":""牧童""},{""id"":""e15"",""type"":""animal"",""label"":""牛""},{""id"":""e16"",""type"":""location"",""label"":""河岸""}],""continuity"":{""recurring_entities"":[""e01"",""e02"",""e04"",""e06""]},""scenes"":[{""id"":""p064_s01"",""setting"":""未明示"",""time"":""未明示"",""mood"":""平靜"",""entities"":[""e01"",""e02""],""actions"":[],""focus"":[""詩人"",""石陣""]},{""id"":""p064_s02"",""setting"":""未明示"",""time"":""未明示"",""mood"":""平靜"",""entities"":[""e01"",""e02""],""actions"":[""前行""],""focus"":[""詩人"",""石陣"",""前行""]},{""id"":""p064_s03"",""setting"":""海邊"",""time"":""未明示"",""mood"":""平靜"",""entities"":[""e03""],""actions"":[],""focus"":[]},{""id"":""p064_s04"",""setting"":""未明示"",""time"":""未明示"",""mood"":""平靜"",""entities"":[],""actions"":[],""focus"":[]},{""id"":""p064_s05"",""setting"":""未明示"",""time"":""未明示"",""mood"":""平靜"",""entities"":[],""actions"":[""前行""],""focus"":[""前行""]},{""id"":""p064_s06"",""setting"":""未明示"",""time"":""未明示"",""mood"":""平靜"",""entities"":[""e02""],""actions"":[],""focus"":[""石陣""]},{""id"":""p064_s07"",""setting"":""未明示"",""time"":""未明示"",""mood"":""平靜"",""entities"":[],""actions"":[],""focus"":[]},{""id"":""p064_s08"",""setting"":""未明示"",""time"":""未明示"",""mood"":""平靜"",""entities"":[""e04"",""e02""],""actions"":[],""focus"":[""雨"",""石陣""]},{""id"":""p064_s09"",""setting"":""未明示"",""time"":""未明示"",""mood"":""平靜"",""entities"":[],""actions"":[],""focus"":[]},{""id"":""p064_s10"",""setting"":""未明示"",""time"":""清晨"",""mood"":""平靜"",""entities"":[""e01""],""actions"":[],""focus"":[""詩人""]},{""id"":""p064_s11"",""setting"":""未明示"",""time"":""未明示"",""mood"":""平靜"",""entities"":[],""actions"":[],""focus"":[]},{""id"":""p064_s12"",""setting"":""未明示"",""time"":""未明示"",""mood"":""平靜"",""entities"":[""e05""],""actions"":[],""focus"":[""樹木""]},{""id"":""p064_s13"",""setting"":""未明示"",""time"":""未明示"",""mood"":""平靜"",""entities"":[],""actions"":[],""focus"":[]},{""id"":""p064_s14"",""setting"":""未明示"",""time"":""未明示"",""mood"":""感傷"",""entities"":[],""actions"":[""前行""],""focus"":[""前行""]},{""id"":""p064_s15"",""setting"":""未明示"",""time"":""夜晚"",""mood"":""平靜"",""entities"":[""e06""],""actions"":[],""focus"":[""月亮""]},{""id"":""p064_s16"",""setting"":""未明示"",""time"":""未明示"",""mood"":""感傷"",""entities"":[""e01"",""e02""],""actions"":[""看望"",""哭泣""],""focus"":[""詩人"",""石陣"",""看望"",""哭泣""]},{""id"":""p064_s17"",""setting"":""未明示"",""time"":""未明示"",""mood"":""平靜"",""entities"":[""e01""],""actions"":[],""focus"":[""詩人""]},{""id"":""p064_s18"",""setting"":""關塞"",""time"":""未明示"",""mood"":""平靜"",""entities"":[""e01"",""e07"",""e08"",""e02""],""actions"":[],""focus"":[""詩人"",""朋友"",""石陣""]},{""id"":""p064_s19"",""setting"":""未明示"",""time"":""未明示"",""mood"":""平靜"",""entities"":[""e01"",""e09""],""actions"":[""前行""],""focus"":[""詩人"",""酒"",""前行""]},{""id"":""p064_s20"",""setting"":""未明示"",""time"":""未明示"",""mood"":""平靜"",""entities"":[""e02""],""actions"":[],""focus"":[""石陣""]},{""id"":""p064_s21"",""setting"":""未明示"",""time"":""未明示"",""mood"":""平靜"",""entities"":[],""actions"":[],""focus"":[]},{""id"":""p064_s22"",""setting"":""未明示"",""time"":""未明示"",""mood"":""平靜"",""entities"":[],""actions"":[""看望""],""focus"":[""看望""]},{""id"":""p064_s23"",""setting"":""未明示"",""time"":""未明示"",""mood"":""平靜"",""entities"":[""e02""],""actions"":[""看望""],""focus"":[""石陣"",""看望""]},{""id"":""p064_s24"",""setting"":""古道"",""time"":""未明示"",""mood"":""平靜"",""entities"":[""e10"",""e11""],""actions"":[],""focus"":[""露水""]},{""id"":""p064_s25"",""setting"":""房間"",""time"":""未明示"",""mood"":""平靜"",""entities"":[""e12"",""e04"",""e13""],""actions"":[""看望""],""focus"":[""雨"",""風"",""看望""]},{""id"":""p064_s26"",""setting"":""未明示"",""time"":""未明示"",""mood"":""平靜"",""entities"":[],""actions"":[""前行""],""focus"":[""前行""]},{""id"":""p064_s27"",""setting"":""未明示"",""time"":""未明示"",""mood"":""平靜"",""entities"":[""e14"",""e15"",""e02""],""actions"":[],""focus"":[""牧童"",""牛"",""石陣""]},{""id"":""p064_s28"",""setting"":""未明示"",""time"":""未明示"",""mood"":""平靜"",""entities"":[""e01"",""e06""],""actions"":[""看望""],""focus"":[""詩人"",""月亮"",""看望""]},{""id"":""p064_s29"",""setting"":""未明示"",""time"":""未明示"",""mood"":""平靜"",""entities"":[],""actions"":[],""focus"":[]},{""id"":""p064_s30"",""setting"":""未明示"",""time"":""未明示"",""mood"":""平靜"",""entities"":[""e02""],""actions"":[""前行""],""focus"":[""石陣"",""前行""]},{""id"":""p064_s31"",""setting"":""未明示"",""time"":""未明示"",""mood"":""平靜"",""entities"":[],""actions"":[],""focus"":[]},{""id"":""p064_s32"",""setting"":""河岸"",""time"":""未明示"",""mood"":""平靜"",""entities"":[""e16"",""e02""],""actions"":[""看望""],""focus"":[""石陣"",""看望""]},{""id"":""p064_s33"",""setting"":""未明示"",""time"":""未明示"",""mood"":""平靜"",""entities"":[""e01"",""e02""],""actions"":[""看望""],""focus"":[""詩人"",""石陣"",""看望""]}]}",依各 Scene 視覺計畫,"p064_s01｜場景：未明示｜畫面核心：詩人、石陣｜情緒：平靜｜出現：詩人、石陣
p064_s02｜場景：未明示｜畫面核心：詩人、石陣、前行｜動作：前行｜情緒：平靜｜出現：詩人、石陣
p064_s03｜場景：海邊｜畫面核心：｜情緒：平靜｜出現：海邊
p064_s04｜場景：未明示｜畫面核心：｜情緒：平靜
p064_s05｜場景：未明示｜畫面核心：前行｜動作：前行｜情緒：平靜
p064_s06｜場景：未明示｜畫面核心：石陣｜情緒：平靜｜出現：石陣
p064_s07｜場景：未明示｜畫面核心：｜情緒：平靜
p064_s08｜場景：未明示｜畫面核心：雨、石陣｜情緒：平靜｜出現：雨、石陣
p064_s09｜場景：未明示｜畫面核心：｜情緒：平靜
p064_s10｜場景：未明示｜時間：清晨｜畫面核心：詩人｜情緒：平靜｜出現：詩人
p064_s11｜場景：未明示｜畫面核心：｜情緒：平靜
p064_s12｜場景：未明示｜畫面核心：樹木｜情緒：平靜｜出現：樹木
p064_s13｜場景：未明示｜畫面核心：｜情緒：平靜
p064_s14｜場景：未明示｜畫面核心：前行｜動作：前行｜情緒：感傷
p064_s15｜場景：未明示｜時間：夜晚｜畫面核心：月亮｜情緒：平靜｜出現：月亮
p064_s16｜場景：未明示｜畫面核心：詩人、石陣、看望、哭泣｜動作：看望、哭泣｜情緒：感傷｜出現：詩人、石陣
p064_s17｜場景：未明示｜畫面核心：詩人｜情緒：平靜｜出現：詩人
p064_s18｜場景：關塞｜畫面核心：詩人、朋友、石陣｜情緒：平靜｜出現：詩人、朋友、關塞、石陣
p064_s19｜場景：未明示｜畫面核心：詩人、酒、前行｜動作：前行｜情緒：平靜｜出現：詩人、酒
p064_s20｜場景：未明示｜畫面核心：石陣｜情緒：平靜｜出現：石陣
p064_s21｜場景：未明示｜畫面核心：｜情緒：平靜
p064_s22｜場景：未明示｜畫面核心：看望｜動作：看望｜情緒：平靜
p064_s23｜場景：未明示｜畫面核心：石陣、看望｜動作：看望｜情緒：平靜｜出現：石陣
p064_s24｜場景：古道｜畫面核心：露水｜情緒：平靜｜出現：古道、露水
p064_s25｜場景：房間｜畫面核心：雨、風、看望｜動作：看望｜情緒：平靜｜出現：房間、雨、風
p064_s26｜場景：未明示｜畫面核心：前行｜動作：前行｜情緒：平靜
p064_s27｜場景：未明示｜畫面核心：牧童、牛、石陣｜情緒：平靜｜出現：牧童、牛、石陣
p064_s28｜場景：未明示｜畫面核心：詩人、月亮、看望｜動作：看望｜情緒：平靜｜出現：詩人、月亮
p064_s29｜場景：未明示｜畫面核心：｜情緒：平靜
p064_s30｜場景：未明示｜畫面核心：石陣、前行｜動作：前行｜情緒：平靜｜出現：石陣
p064_s31｜場景：未明示｜畫面核心：｜情緒：平靜
p064_s32｜場景：河岸｜畫面核心：石陣、看望｜動作：看望｜情緒：平靜｜出現：河岸、石陣
p064_s33｜場景：未明示｜畫面核心：詩人、石陣、看望｜動作：看望｜情緒：平靜｜出現：詩人、石陣","人物｜詩人
物件｜石陣
場景｜海邊
物件｜雨
植物｜樹木
物件｜月亮
人物｜朋友
場景｜關塞
物件｜酒
場景｜古道
物件｜露水
場景｜房間
物件｜風
人物｜牧童
動物｜牛
場景｜河岸",重複元素：詩人、石陣、雨、月亮
65,柳宗元,七言古詩,漁翁,"漁翁夜傍西巖宿，曉汲清湘燃楚竹。
煙銷日出不見人，欸乃一聲山水綠。
迴看天際下中流，巖上無心雲相逐。","漁翁晚上靠著西邊山崖休息，清早汲湘江水，點燃楚地竹子煮食。
煙霧散去、太陽升起，卻看不見人，只聽一聲船歌，青山綠水像突然醒來。
他回頭望了望天邊，就順著江心流去；山上的白雲也自在地跟著飄。",3,9,visual_plan_v1,draft,"{""v"":""visual_plan_v1"",""entities"":[{""id"":""e01"",""type"":""character"",""label"":""老人""},{""id"":""e02"",""type"":""plant"",""label"":""竹子""},{""id"":""e03"",""type"":""location"",""label"":""江邊""},{""id"":""e04"",""type"":""location"",""label"":""山中""},{""id"":""e05"",""type"":""location"",""label"":""船上""},{""id"":""e06"",""type"":""object"",""label"":""小船""},{""id"":""e07"",""type"":""object"",""label"":""雲""}],""continuity"":{""recurring_entities"":[""e03""]},""scenes"":[{""id"":""p065_s01"",""setting"":""江邊"",""time"":""清晨"",""mood"":""平靜"",""entities"":[""e01"",""e02"",""e03""],""actions"":[""烹煮""],""focus"":[""老人"",""竹子"",""烹煮""]},{""id"":""p065_s02"",""setting"":""山中"",""time"":""未明示"",""mood"":""平靜"",""entities"":[""e04"",""e05"",""e06""],""actions"":[""看望"",""聆聽"",""前行""],""focus"":[""小船"",""看望"",""聆聽"",""前行""]},{""id"":""p065_s03"",""setting"":""江邊"",""time"":""未明示"",""mood"":""悠閒"",""entities"":[""e03"",""e07""],""actions"":[""看望"",""前行""],""focus"":[""雲"",""看望"",""前行""]}]}",依各 Scene 視覺計畫,"p065_s01｜場景：江邊｜時間：清晨｜畫面核心：老人、竹子、烹煮｜動作：烹煮｜情緒：平靜｜出現：老人、竹子、江邊
p065_s02｜場景：山中｜畫面核心：小船、看望、聆聽、前行｜動作：看望、聆聽、前行｜情緒：平靜｜出現：山中、船上、小船
p065_s03｜場景：江邊｜畫面核心：雲、看望、前行｜動作：看望、前行｜情緒：悠閒｜出現：江邊、雲","人物｜老人
植物｜竹子
場景｜江邊
場景｜山中
場景｜船上
物件｜小船
物件｜雲",重複元素：江邊
66,白居易,七言古詩,長恨歌,"漢皇重色思傾國，御㝢多年求不得。
楊家有女初長成，養在深閨人未識。
天生麗質難自棄，一朝選在君王側。
迴眸一笑百媚生，六宮粉黛無顔色。
春寒賜浴華清池，溫泉水滑洗凝脂。
侍兒扶起嬌無力，始是新承恩澤時。
雲鬢花顔金步搖，芙蓉帳暖度春宵。
春宵苦短日高起，從此君王不早朝。
承歡侍宴無閑暇，春從春遊夜專夜。
後宮佳麗三千人，三千寵愛在一身。
金屋粧成嬌侍夜，玉樓宴罷醉和春。
姊妹弟兄皆列土，可憐光彩生門戶。
遂令天下父母心，不重生男重生女。
驪宮高處入青雲，仙樂風飄處處聞。
緩歌慢舞凝絲竹，盡日君王看不足。
漁陽鞞鼓動地來，驚破霓裳羽衣曲。
九重城闕煙塵生，千乘萬騎西南行。
翠華搖搖行復止，西出都門百餘里。
六軍不發無奈何，宛轉娥眉馬前死。
花鈿委地無人收，翠翹金雀玉搔頭。
君王掩面救不得，迴看血淚相和流。
黃埃散漫風蕭索，雲棧縈紆登劍閣。
峨嵋山下少人行，旌旗無光日色薄。
蜀江水碧蜀山青，聖主朝朝暮暮情。
行宮見月傷心色，夜雨聞鈴腸斷聲。
天旋日轉迴龍馭，到此躊躇不能去。
馬嵬坡下泥土中，不見玉顔空死處。
君臣相顧盡霑衣，東望都門信馬歸。
歸來池苑皆依舊，太液芙蓉未央柳。
芙蓉如面柳如眉，對此如何不淚垂。
春風桃李花開夜，秋雨梧桐葉落時。
西宮南苑多秋草，宮葉滿階紅不掃。
梨園弟子白髮新，椒房阿監青娥老。
夕殿螢飛思悄然，孤燈挑盡未成眠。
遲遲鐘鼓初長夜，耿耿星河欲曙天。
鴛鴦瓦冷霜華重，翡翠衾寒誰與共。
悠悠生死別經年，魂魄不曾來入夢。
臨邛道士鴻都客，能以精誠致魂魄。
為感君王輾轉思，遂教方士殷勤覓。
排空馭氣奔如電，昇天入地求之遍。
上窮碧落下黃泉，兩處茫茫皆不見。
忽聞海上有仙山，山在虛無縹緲間。
樓閣玲瓏五雲起，其中綽約多仙子。
中有一人字太真，雪膚花貌參差是。
金闕西廂叩玉扃，轉教小玉報雙成。
聞道漢家天子使，九華帳裏夢魂驚。
攬衣推枕起徘徊，珠箔銀屏邐迤開。
雲鬢半偏新睡覺，花冠不整下堂來。
風吹仙袂飄颻舉，猶似霓裳羽衣舞。
玉容寂寞淚闌干，梨花一枝春帶雨。
含情凝睇謝君王，一別音容兩渺茫。
昭陽殿裏恩愛絶，蓬萊宮中日月長。
迴頭下望人寰處，不見長安見塵霧。
唯將舊物表深情，鈿合金釵寄將去。
釵留一股合一扇，釵擘黃金合分鈿。
但令心似金鈿堅，天上人間會相見。
臨別殷勤重寄詞，詞中有誓兩心知。
七月七日長生殿，夜半無人私語時。
在天願作比翼鳥，在地願為連理枝。
天長地久有時盡，此恨綿綿無絶期。","唐玄宗喜愛美色，一直想找到絕世美人，多年都沒有找到。
楊家有位女兒剛剛長大，養在深閨裡，外人還不知道她。
她天生美麗，很難一直被埋沒，後來有一天被選到皇帝身邊。
她回頭一笑就顯得非常迷人，宮中其他美女好像都失去了光彩。
春寒時皇帝讓她到華清池洗溫泉，溫暖泉水滑過白嫩肌膚。
侍女扶她起身時她柔弱無力，這正是她開始受到寵愛的時候。
她頭髮像雲、臉像花，戴著金飾，在溫暖帳中度過春夜。
春夜總覺得太短，睡到太陽高升，從此皇帝常不早起上朝。
她陪皇帝宴飲遊樂，幾乎沒有空閒，白天夜晚都受到專寵。
後宮雖有三千美女，皇帝的寵愛幾乎全放在她一人身上。
華麗宮殿為她裝飾，夜裡陪伴皇帝，宴會後也一起享受春意。
她的兄弟姊妹都因她得到高官和封地，整個家族忽然非常風光。
甚至讓天下父母都羨慕，覺得生女兒也能帶來榮耀。
驪山宮殿高入雲中，風吹著音樂，遠近到處都能聽見。
緩歌慢舞配著管弦樂，皇帝整天看也看不夠。
忽然漁陽傳來戰鼓，震動大地，打破了宮中歌舞。
京城陷入煙塵混亂，大批人馬護著皇帝向西南逃走。
皇帝的車隊一路走走停停，離開都城一百多里。
軍隊不肯再前進，最後逼得楊貴妃在馬前死去。
她的花飾掉在地上沒人撿，翠鳥飾、金雀釵和玉簪都散落。
皇帝掩著臉也救不了她，回頭只能流著血淚離開。
路上黃塵漫天、秋風蕭瑟，隊伍沿著彎曲棧道登上劍閣。
峨眉山下人很少，旗幟失去光彩，連陽光都顯得暗淡。
蜀地江水仍碧綠、山仍青翠，皇帝卻早晚都在思念她。
在行宮看見月亮也傷心，夜雨裡聽到鈴聲更讓人難過。
後來局勢改變，皇帝終於能回京，走到這裡卻又猶豫不願離開。
馬嵬坡泥土下已看不到她美麗的容貌，只剩埋葬之地。
君臣互相看著都哭濕衣服，最後只能向東任馬慢慢走回京城。
回到宮中，池塘花園還和以前一樣，荷花和柳樹也都還在。
荷花像她的臉，柳葉像她的眉，看到這些怎麼能不流淚？
春天桃李開花、秋天梧桐落葉，每個季節都讓他想起往事。
宮苑長滿秋草，落葉堆滿台階也沒人打掃。
以前梨園中的年輕弟子都白了頭，宮女和太監也都老了。
夜晚宮殿飛著螢火，他安靜思念，孤燈燒盡仍睡不著。
漫長夜裡鐘鼓聲慢慢響過，星河明亮，直到快天亮。
屋瓦凝霜，被子冰冷，從前一起睡的人如今再也不在。
生死分別已經一年多，她的魂魄也不曾進入夢中。
臨邛有位道士來到京城，傳說他能用法術尋找人的魂魄。
他被皇帝深深思念打動，便努力替皇帝去尋找楊貴妃。
他乘氣凌空像閃電一樣，到天上地下四處搜尋。
找遍青天和黃泉，兩邊都茫茫沒有找到。
忽然聽說海上有座仙山，藏在虛無縹緲的遠方。
仙山樓閣精巧，五色雲霞升起，裡面住著許多美麗仙女。
其中有一位叫太真，雪白肌膚、花般容貌，很像楊貴妃。
道士來到金色宮門前敲玉門，請仙女進去傳話。
她聽說是唐朝皇帝派來的人，從夢中驚醒。
她披衣推枕起身，在珠簾銀屏之間匆匆走出。
剛睡醒頭髮有些歪，花冠也沒整理好，就急忙下堂相見。
風吹著她的仙衣飄起，好像當年跳《霓裳羽衣舞》的樣子。
她美麗的臉上滿是寂寞淚痕，就像帶雨的梨花。
她含情望著使者，請他謝過君王，說分別後兩人再也不能相見。
從前昭陽殿的恩愛已經斷了，如今在仙宮裡的日子卻漫長無盡。
她回頭往人間看，已看不見長安，只見一片塵霧。
只能把以前的信物拿出來，讓金釵和鈿盒帶回去表示深情。
金釵留一半、盒子也分一半，兩人各保存一部分。
只要彼此的心像金和鈿一樣堅定，天上人間總有再見的希望。
臨別時她再三託付一句話，這是只有兩個人才知道的誓言。
七月七日長生殿裡，半夜沒有人時，他們曾悄悄說過。
如果在天上，願做一雙比翼鳥；在地上，願做枝幹相連的樹。
天地再長久也可能有盡頭，這份遺憾和思念卻好像永遠不會停止。",5,9,visual_plan_v1,draft,"{""v"":""visual_plan_v1"",""entities"":[{""id"":""e01"",""type"":""character"",""label"":""女子""},{""id"":""e02"",""type"":""location"",""label"":""宮中""},{""id"":""e03"",""type"":""plant"",""label"":""花樹""},{""id"":""e04"",""type"":""object"",""label"":""雲""},{""id"":""e05"",""type"":""location"",""label"":""房間""},{""id"":""e06"",""type"":""location"",""label"":""樓台""},{""id"":""e07"",""type"":""object"",""label"":""風""},{""id"":""e08"",""type"":""plant"",""label"":""竹子""},{""id"":""e09"",""type"":""animal"",""label"":""馬""},{""id"":""e10"",""type"":""location"",""label"":""城中""},{""id"":""e11"",""type"":""location"",""label"":""古道""},{""id"":""e12"",""type"":""animal"",""label"":""鳥""},{""id"":""e13"",""type"":""location"",""label"":""江邊""},{""id"":""e14"",""type"":""object"",""label"":""月亮""},{""id"":""e15"",""type"":""object"",""label"":""雨""},{""id"":""e16"",""type"":""character"",""label"":""朋友""},{""id"":""e17"",""type"":""plant"",""label"":""柳樹""},{""id"":""e18"",""type"":""plant"",""label"":""荷花""},{""id"":""e19"",""type"":""plant"",""label"":""樹木""},{""id"":""e20"",""type"":""plant"",""label"":""青草""},{""id"":""e21"",""type"":""character"",""label"":""宮女""},{""id"":""e22"",""type"":""object"",""label"":""燈火""},{""id"":""e23"",""type"":""location"",""label"":""河岸""},{""id"":""e24"",""type"":""object"",""label"":""鐘""},{""id"":""e25"",""type"":""object"",""label"":""霜""},{""id"":""e26"",""type"":""location"",""label"":""海邊""},{""id"":""e27"",""type"":""object"",""label"":""雪""},{""id"":""e28"",""type"":""character"",""label"":""僧人""}],""continuity"":{""recurring_entities"":[""e02"",""e03"",""e04"",""e05"",""e06"",""e07"",""e09"",""e10"",""e11"",""e12"",""e14"",""e15"",""e16"",""e17"",""e18"",""e19""]},""scenes"":[{""id"":""p066_s01"",""setting"":""未明示"",""time"":""未明示"",""mood"":""平靜"",""entities"":[""e01""],""actions"":[],""focus"":[""女子""]},{""id"":""p066_s02"",""setting"":""未明示"",""time"":""未明示"",""mood"":""平靜"",""entities"":[],""actions"":[],""focus"":[]},{""id"":""p066_s03"",""setting"":""未明示"",""time"":""未明示"",""mood"":""平靜"",""entities"":[],""actions"":[],""focus"":[]},{""id"":""p066_s04"",""setting"":""宮中"",""time"":""未明示"",""mood"":""平靜"",""entities"":[""e02""],""actions"":[""前行""],""focus"":[""前行""]},{""id"":""p066_s05"",""setting"":""未明示"",""time"":""春天"",""mood"":""平靜"",""entities"":[],""actions"":[],""focus"":[]},{""id"":""p066_s06"",""setting"":""未明示"",""time"":""未明示"",""mood"":""平靜"",""entities"":[],""actions"":[""等待""],""focus"":[""等待""]},{""id"":""p066_s07"",""setting"":""未明示"",""time"":""夜晚"",""mood"":""平靜"",""entities"":[""e03"",""e04""],""actions"":[],""focus"":[""花樹"",""雲""]},{""id"":""p066_s08"",""setting"":""未明示"",""time"":""夜晚"",""mood"":""平靜"",""entities"":[],""actions"":[""休息""],""focus"":[""休息""]},{""id"":""p066_s09"",""setting"":""未明示"",""time"":""夜晚"",""mood"":""平靜"",""entities"":[],""actions"":[],""focus"":[]},{""id"":""p066_s10"",""setting"":""宮中"",""time"":""未明示"",""mood"":""平靜"",""entities"":[""e02""],""actions"":[],""focus"":[]},{""id"":""p066_s11"",""setting"":""房間"",""time"":""夜晚"",""mood"":""平靜"",""entities"":[""e05"",""e02"",""e06""],""actions"":[],""focus"":[]},{""id"":""p066_s12"",""setting"":""未明示"",""time"":""未明示"",""mood"":""平靜"",""entities"":[""e07""],""actions"":[],""focus"":[""風""]},{""id"":""p066_s13"",""setting"":""未明示"",""time"":""未明示"",""mood"":""平靜"",""entities"":[],""actions"":[],""focus"":[]},{""id"":""p066_s14"",""setting"":""宮中"",""time"":""未明示"",""mood"":""平靜"",""entities"":[""e02"",""e04"",""e07""],""actions"":[""聆聽""],""focus"":[""雲"",""風"",""聆聽""]},{""id"":""p066_s15"",""setting"":""未明示"",""time"":""未明示"",""mood"":""平靜"",""entities"":[""e08""],""actions"":[""看望""],""focus"":[""竹子"",""看望""]},{""id"":""p066_s16"",""setting"":""宮中"",""time"":""未明示"",""mood"":""平靜"",""entities"":[""e02""],""actions"":[],""focus"":[]},{""id"":""p066_s17"",""setting"":""城中"",""time"":""未明示"",""mood"":""平靜"",""entities"":[""e09"",""e10""],""actions"":[""前行""],""focus"":[""馬"",""前行""]},{""id"":""p066_s18"",""setting"":""城中"",""time"":""未明示"",""mood"":""平靜"",""entities"":[""e10"",""e11""],""actions"":[""前行""],""focus"":[""前行""]},{""id"":""p066_s19"",""setting"":""未明示"",""time"":""未明示"",""mood"":""平靜"",""entities"":[""e09""],""actions"":[""前行""],""focus"":[""馬"",""前行""]},{""id"":""p066_s20"",""setting"":""未明示"",""time"":""未明示"",""mood"":""平靜"",""entities"":[""e12"",""e03""],""actions"":[],""focus"":[""鳥"",""花樹""]},{""id"":""p066_s21"",""setting"":""未明示"",""time"":""未明示"",""mood"":""感傷"",""entities"":[],""actions"":[""哭泣""],""focus"":[""哭泣""]},{""id"":""p066_s22"",""setting"":""古道"",""time"":""秋天"",""mood"":""平靜"",""entities"":[""e11"",""e04"",""e07""],""actions"":[""前行""],""focus"":[""雲"",""風"",""前行""]},{""id"":""p066_s23"",""setting"":""未明示"",""time"":""未明示"",""mood"":""平靜"",""entities"":[],""actions"":[""前行""],""focus"":[""前行""]},{""id"":""p066_s24"",""setting"":""江邊"",""time"":""黃昏"",""mood"":""思念"",""entities"":[""e13""],""actions"":[],""focus"":[]},{""id"":""p066_s25"",""setting"":""宮中"",""time"":""夜晚"",""mood"":""感傷"",""entities"":[""e02"",""e14"",""e15""],""actions"":[""看望"",""聆聽"",""前行""],""focus"":[""月亮"",""雨"",""看望"",""聆聽"",""前行""]},{""id"":""p066_s26"",""setting"":""城中"",""time"":""未明示"",""mood"":""平靜"",""entities"":[""e10""],""actions"":[""前行""],""focus"":[""前行""]},{""id"":""p066_s27"",""setting"":""未明示"",""time"":""未明示"",""mood"":""平靜"",""entities"":[""e09""],""actions"":[""看望""],""focus"":[""馬"",""看望""]},{""id"":""p066_s28"",""setting"":""城中"",""time"":""未明示"",""mood"":""平靜"",""entities"":[""e16"",""e09"",""e10""],""actions"":[""看望"",""前行"",""哭泣""],""focus"":[""朋友"",""馬"",""看望"",""前行"",""哭泣""]},{""id"":""p066_s29"",""setting"":""宮中"",""time"":""未明示"",""mood"":""平靜"",""entities"":[""e03"",""e17"",""e18"",""e19"",""e02""],""actions"":[],""focus"":[""花樹"",""柳樹"",""荷花"",""樹木""]},{""id"":""p066_s30"",""setting"":""未明示"",""time"":""未明示"",""mood"":""感傷"",""entities"":[""e03"",""e17"",""e18""],""actions"":[""看望"",""哭泣""],""focus"":[""花樹"",""柳樹"",""荷花"",""看望"",""哭泣""]},{""id"":""p066_s31"",""setting"":""未明示"",""time"":""夜晚"",""mood"":""平靜"",""entities"":[""e03"",""e15"",""e07""],""actions"":[],""focus"":[""花樹"",""雨"",""風""]},{""id"":""p066_s32"",""setting"":""宮中"",""time"":""秋天"",""mood"":""平靜"",""entities"":[""e20"",""e02"",""e06""],""actions"":[],""focus"":[""青草""]},{""id"":""p066_s33"",""setting"":""房間"",""time"":""未明示"",""mood"":""平靜"",""entities"":[""e21"",""e05"",""e02""],""actions"":[],""focus"":[""宮女""]},{""id"":""p066_s34"",""setting"":""宮中"",""time"":""夜晚"",""mood"":""安靜"",""entities"":[""e02"",""e22""],""actions"":[""休息""],""focus"":[""燈火"",""休息""]},{""id"":""p066_s35"",""setting"":""河岸"",""time"":""清晨"",""mood"":""平靜"",""entities"":[""e23"",""e24""],""actions"":[],""focus"":[""鐘""]},{""id"":""p066_s36"",""setting"":""房間"",""time"":""未明示"",""mood"":""平靜"",""entities"":[""e05"",""e25""],""actions"":[""休息""],""focus"":[""霜"",""休息""]},{""id"":""p066_s37"",""setting"":""未明示"",""time"":""未明示"",""mood"":""平靜"",""entities"":[],""actions"":[],""focus"":[]},{""id"":""p066_s38"",""setting"":""城中"",""time"":""未明示"",""mood"":""平靜"",""entities"":[""e10""],""actions"":[],""focus"":[]},{""id"":""p066_s39"",""setting"":""未明示"",""time"":""未明示"",""mood"":""思念"",""entities"":[],""actions"":[""前行""],""focus"":[""前行""]},{""id"":""p066_s40"",""setting"":""未明示"",""time"":""未明示"",""mood"":""平靜"",""entities"":[],""actions"":[],""focus"":[]},{""id"":""p066_s41"",""setting"":""未明示"",""time"":""未明示"",""mood"":""平靜"",""entities"":[],""actions"":[],""focus"":[]},{""id"":""p066_s42"",""setting"":""海邊"",""time"":""未明示"",""mood"":""平靜"",""entities"":[""e26""],""actions"":[""聆聽""],""focus"":[""聆聽""]},{""id"":""p066_s43"",""setting"":""樓台"",""time"":""未明示"",""mood"":""平靜"",""entities"":[""e06"",""e04""],""actions"":[],""focus"":[""雲""]},{""id"":""p066_s44"",""setting"":""未明示"",""time"":""冬天"",""mood"":""平靜"",""entities"":[""e03"",""e27""],""actions"":[],""focus"":[""花樹"",""雪""]},{""id"":""p066_s45"",""setting"":""宮中"",""time"":""未明示"",""mood"":""平靜"",""entities"":[""e02""],""actions"":[""前行""],""focus"":[""前行""]},{""id"":""p066_s46"",""setting"":""未明示"",""time"":""未明示"",""mood"":""平靜"",""entities"":[],""actions"":[""聆聽""],""focus"":[""聆聽""]},{""id"":""p066_s47"",""setting"":""房間"",""time"":""未明示"",""mood"":""平靜"",""entities"":[""e05""],""actions"":[""前行""],""focus"":[""前行""]},{""id"":""p066_s48"",""setting"":""未明示"",""time"":""未明示"",""mood"":""平靜"",""entities"":[""e03"",""e04""],""actions"":[""休息""],""focus"":[""花樹"",""雲"",""休息""]},{""id"":""p066_s49"",""setting"":""未明示"",""time"":""未明示"",""mood"":""平靜"",""entities"":[""e07""],""actions"":[],""focus"":[""風""]},{""id"":""p066_s50"",""setting"":""未明示"",""time"":""春天"",""mood"":""感傷"",""entities"":[""e03"",""e15""],""actions"":[""哭泣""],""focus"":[""花樹"",""雨"",""哭泣""]},{""id"":""p066_s51"",""setting"":""未明示"",""time"":""未明示"",""mood"":""平靜"",""entities"":[""e16""],""actions"":[""看望""],""focus"":[""朋友"",""看望""]},{""id"":""p066_s52"",""setting"":""宮中"",""time"":""未明示"",""mood"":""平靜"",""entities"":[""e02"",""e14""],""actions"":[],""focus"":[""月亮""]},{""id"":""p066_s53"",""setting"":""未明示"",""time"":""未明示"",""mood"":""平靜"",""entities"":[],""actions"":[""看望""],""focus"":[""看望""]},{""id"":""p066_s54"",""setting"":""未明示"",""time"":""未明示"",""mood"":""平靜"",""entities"":[],""actions"":[""前行""],""focus"":[""前行""]},{""id"":""p066_s55"",""setting"":""未明示"",""time"":""未明示"",""mood"":""平靜"",""entities"":[],""actions"":[],""focus"":[]},{""id"":""p066_s56"",""setting"":""未明示"",""time"":""未明示"",""mood"":""平靜"",""entities"":[""e28""],""actions"":[""看望""],""focus"":[""僧人"",""看望""]},{""id"":""p066_s57"",""setting"":""未明示"",""time"":""未明示"",""mood"":""平靜"",""entities"":[],""actions"":[],""focus"":[]},{""id"":""p066_s58"",""setting"":""未明示"",""time"":""夜晚"",""mood"":""平靜"",""entities"":[""e14""],""actions"":[],""focus"":[""月亮""]},{""id"":""p066_s59"",""setting"":""未明示"",""time"":""未明示"",""mood"":""平靜"",""entities"":[""e12"",""e19""],""actions"":[],""focus"":[""鳥"",""樹木""]},{""id"":""p066_s60"",""setting"":""未明示"",""time"":""未明示"",""mood"":""思念"",""entities"":[],""actions"":[],""focus"":[]}]}",依各 Scene 視覺計畫,"p066_s01｜場景：未明示｜畫面核心：女子｜情緒：平靜｜出現：女子
p066_s02｜場景：未明示｜畫面核心：｜情緒：平靜
p066_s03｜場景：未明示｜畫面核心：｜情緒：平靜
p066_s04｜場景：宮中｜畫面核心：前行｜動作：前行｜情緒：平靜｜出現：宮中
p066_s05｜場景：未明示｜時間：春天｜畫面核心：｜情緒：平靜
p066_s06｜場景：未明示｜畫面核心：等待｜動作：等待｜情緒：平靜
p066_s07｜場景：未明示｜時間：夜晚｜畫面核心：花樹、雲｜情緒：平靜｜出現：花樹、雲
p066_s08｜場景：未明示｜時間：夜晚｜畫面核心：休息｜動作：休息｜情緒：平靜
p066_s09｜場景：未明示｜時間：夜晚｜畫面核心：｜情緒：平靜
p066_s10｜場景：宮中｜畫面核心：｜情緒：平靜｜出現：宮中
p066_s11｜場景：房間｜時間：夜晚｜畫面核心：｜情緒：平靜｜出現：房間、宮中、樓台
p066_s12｜場景：未明示｜畫面核心：風｜情緒：平靜｜出現：風
p066_s13｜場景：未明示｜畫面核心：｜情緒：平靜
p066_s14｜場景：宮中｜畫面核心：雲、風、聆聽｜動作：聆聽｜情緒：平靜｜出現：宮中、雲、風
p066_s15｜場景：未明示｜畫面核心：竹子、看望｜動作：看望｜情緒：平靜｜出現：竹子
p066_s16｜場景：宮中｜畫面核心：｜情緒：平靜｜出現：宮中
p066_s17｜場景：城中｜畫面核心：馬、前行｜動作：前行｜情緒：平靜｜出現：馬、城中
p066_s18｜場景：城中｜畫面核心：前行｜動作：前行｜情緒：平靜｜出現：城中、古道
p066_s19｜場景：未明示｜畫面核心：馬、前行｜動作：前行｜情緒：平靜｜出現：馬
p066_s20｜場景：未明示｜畫面核心：鳥、花樹｜情緒：平靜｜出現：鳥、花樹
p066_s21｜場景：未明示｜畫面核心：哭泣｜動作：哭泣｜情緒：感傷
p066_s22｜場景：古道｜時間：秋天｜畫面核心：雲、風、前行｜動作：前行｜情緒：平靜｜出現：古道、雲、風
p066_s23｜場景：未明示｜畫面核心：前行｜動作：前行｜情緒：平靜
p066_s24｜場景：江邊｜時間：黃昏｜畫面核心：｜情緒：思念｜出現：江邊
p066_s25｜場景：宮中｜時間：夜晚｜畫面核心：月亮、雨、看望、聆聽、前行｜動作：看望、聆聽、前行｜情緒：感傷｜出現：宮中、月亮、雨
p066_s26｜場景：城中｜畫面核心：前行｜動作：前行｜情緒：平靜｜出現：城中
p066_s27｜場景：未明示｜畫面核心：馬、看望｜動作：看望｜情緒：平靜｜出現：馬
p066_s28｜場景：城中｜畫面核心：朋友、馬、看望、前行、哭泣｜動作：看望、前行、哭泣｜情緒：平靜｜出現：朋友、馬、城中
p066_s29｜場景：宮中｜畫面核心：花樹、柳樹、荷花、樹木｜情緒：平靜｜出現：花樹、柳樹、荷花、樹木、宮中
p066_s30｜場景：未明示｜畫面核心：花樹、柳樹、荷花、看望、哭泣｜動作：看望、哭泣｜情緒：感傷｜出現：花樹、柳樹、荷花
p066_s31｜場景：未明示｜時間：夜晚｜畫面核心：花樹、雨、風｜情緒：平靜｜出現：花樹、雨、風
p066_s32｜場景：宮中｜時間：秋天｜畫面核心：青草｜情緒：平靜｜出現：青草、宮中、樓台
p066_s33｜場景：房間｜畫面核心：宮女｜情緒：平靜｜出現：宮女、房間、宮中
p066_s34｜場景：宮中｜時間：夜晚｜畫面核心：燈火、休息｜動作：休息｜情緒：安靜｜出現：宮中、燈火
p066_s35｜場景：河岸｜時間：清晨｜畫面核心：鐘｜情緒：平靜｜出現：河岸、鐘
p066_s36｜場景：房間｜畫面核心：霜、休息｜動作：休息｜情緒：平靜｜出現：房間、霜
p066_s37｜場景：未明示｜畫面核心：｜情緒：平靜
p066_s38｜場景：城中｜畫面核心：｜情緒：平靜｜出現：城中
p066_s39｜場景：未明示｜畫面核心：前行｜動作：前行｜情緒：思念
p066_s40｜場景：未明示｜畫面核心：｜情緒：平靜
p066_s41｜場景：未明示｜畫面核心：｜情緒：平靜
p066_s42｜場景：海邊｜畫面核心：聆聽｜動作：聆聽｜情緒：平靜｜出現：海邊
p066_s43｜場景：樓台｜畫面核心：雲｜情緒：平靜｜出現：樓台、雲
p066_s44｜場景：未明示｜時間：冬天｜畫面核心：花樹、雪｜情緒：平靜｜出現：花樹、雪
p066_s45｜場景：宮中｜畫面核心：前行｜動作：前行｜情緒：平靜｜出現：宮中
p066_s46｜場景：未明示｜畫面核心：聆聽｜動作：聆聽｜情緒：平靜
p066_s47｜場景：房間｜畫面核心：前行｜動作：前行｜情緒：平靜｜出現：房間
p066_s48｜場景：未明示｜畫面核心：花樹、雲、休息｜動作：休息｜情緒：平靜｜出現：花樹、雲
p066_s49｜場景：未明示｜畫面核心：風｜情緒：平靜｜出現：風
p066_s50｜場景：未明示｜時間：春天｜畫面核心：花樹、雨、哭泣｜動作：哭泣｜情緒：感傷｜出現：花樹、雨
p066_s51｜場景：未明示｜畫面核心：朋友、看望｜動作：看望｜情緒：平靜｜出現：朋友
p066_s52｜場景：宮中｜畫面核心：月亮｜情緒：平靜｜出現：宮中、月亮
p066_s53｜場景：未明示｜畫面核心：看望｜動作：看望｜情緒：平靜
p066_s54｜場景：未明示｜畫面核心：前行｜動作：前行｜情緒：平靜
p066_s55｜場景：未明示｜畫面核心：｜情緒：平靜
p066_s56｜場景：未明示｜畫面核心：僧人、看望｜動作：看望｜情緒：平靜｜出現：僧人
p066_s57｜場景：未明示｜畫面核心：｜情緒：平靜
p066_s58｜場景：未明示｜時間：夜晚｜畫面核心：月亮｜情緒：平靜｜出現：月亮
p066_s59｜場景：未明示｜畫面核心：鳥、樹木｜情緒：平靜｜出現：鳥、樹木
p066_s60｜場景：未明示｜畫面核心：｜情緒：思念","人物｜女子
場景｜宮中
植物｜花樹
物件｜雲
場景｜房間
場景｜樓台
物件｜風
植物｜竹子
動物｜馬
場景｜城中
場景｜古道
動物｜鳥
場景｜江邊
物件｜月亮
物件｜雨
人物｜朋友
植物｜柳樹
植物｜荷花
植物｜樹木
植物｜青草
人物｜宮女
物件｜燈火
場景｜河岸
物件｜鐘
物件｜霜
場景｜海邊
物件｜雪
人物｜僧人",重複元素：宮中、花樹、雲、房間、樓台、風、馬、城中、古道、鳥、月亮、雨、朋友、柳樹、荷花、樹木
67,白居易,七言古詩,琵琶行并序,"元和十年，予左遷九江郡司馬。明年秋，送客湓浦口，聞舟船中夜彈琵琶者，聽其音，錚錚然有京都聲。問其人，本長安倡女，嘗學琵琶於穆、曹二善才，年長色衰，委身為賈人婦。遂命酒，使快彈數曲，曲罷憫默，自叙少小時歡樂事，今漂淪顦顇，轉徙於江湖間。予出官二年，恬然自安。感斯人言，是夕始覺有遷謫意。因為長句歌以贈之。凡六百一十六言，命曰《琵琶行》。

潯陽江頭夜送客，楓葉荻花秋瑟瑟。
主人下馬客在船，舉酒欲飲無管絃。
醉不成歡慘將別，別時茫茫江浸月。
忽聞水上琵琶聲，主人忘歸客不發。
尋聲闇問彈者誰，琵琶聲停欲語遲。
移船相近邀相見，添酒迴燈重開宴。
千呼萬喚始出來，猶把琵琶半遮面。
轉軸撥絃三兩聲，未成曲調先有情。
絃絃掩抑聲聲思，似訴平生不得意。
低眉信手續續彈，說盡心中無限事。
輕攏慢撚抹復挑，初為霓裳後綠腰。
大絃嘈嘈如急雨，小絃切切如私語。
嘈嘈切切錯雜彈，大珠小珠落玉盤。
間關鶯語花底滑，幽咽泉流冰下難。
冰泉冷澀絃凝絕，凝絕不通聲暫歇。
別有幽愁暗恨生，此時無聲勝有聲。
銀瓶乍破水漿迸，鐵騎突出刀槍鳴。
曲終收撥當心畫，四絃一聲如裂帛。
東舟西舫悄無言，唯見江心秋月白。
沉吟放撥插絃中，整頓衣裳起斂容。
自言本是京城女，家在蝦蟇陵下住。
十三學得琵琶成，名屬教坊第一部。
曲罷曾教善才伏，妝成每被秋娘妬。
五陵年少爭纏頭，一曲紅綃不知數。
鈿頭雲篦擊節碎，血色羅裙翻酒汙。
今年歡笑復明年，秋月春風等閑度。
弟走從軍阿姨死，暮去朝來顏色故。
門前冷落鞍馬稀，老大嫁作商人婦。
商人重利輕別離，前月浮梁買茶去。
去來江口守空船，遶船月明江水寒。
夜深忽夢少年事，夢啼妝淚紅闌干。
我聞琵琶已歎息，又聞此語重唧唧。
同是天涯淪落人，相逢何必曾相識。
我從去年辭帝京，謫居臥病潯陽城。
潯陽小處無音樂，終歲不聞絲竹聲。
住近湓江地低濕，黃蘆苦竹繞宅生。
其間旦暮聞何物，杜鵑啼哭猿哀鳴。
春江花朝秋月夜，往往取酒還獨傾。
豈無山歌與村笛，歐啞嘲哳難為聽。
今夜聞君琵琶語，如聽仙樂耳暫明。
莫辭更坐彈一曲，為君飜作琵琶行。
感我此言良久立，卻坐促絃絃轉急。
淒淒不似向前聲，滿座重聞皆掩泣。
就中泣下誰最多，江州司馬青衫濕。","白居易說自己被貶到九江，秋夜送客時聽見船上琵琶聲，遇見一位從長安流落到江湖的琵琶女；兩人都有失意遭遇，因此他寫下這首詩送給她。

秋夜我在潯陽江邊送客，楓葉和荻花被風吹得沙沙作響。
我下馬、朋友上船，舉杯想喝酒，卻沒有音樂相伴。
大家喝得不盡興，又難過要分別，江面茫茫映著月亮。
忽然水上傳來琵琶聲，我忘了回去，朋友也停著沒有出發。
我們循聲輕問是誰在彈，琴聲停了，彈琴的人卻遲遲沒有回答。
於是把船移近邀請她相見，添酒、點燈，重新擺起宴席。
叫了好多次她才出來，還抱著琵琶遮住半邊臉。
她轉動琴軸、撥了幾下弦，曲子還沒開始就已充滿感情。
每根弦都低沉含蓄，聲音像在訴說一生的不如意。
她低著頭隨手連續彈，像把心裡無數故事全說出來。
手指輕攏慢撚又抹又挑，先彈《霓裳》，再彈《綠腰》。
粗弦聲音嘈嘈像急雨，細弦聲音輕細像人在耳邊說話。
大小弦交錯響起，好像大珠小珠一起掉進玉盤。
有時像黃鶯在花下滑順鳴唱，有時又像泉水在冰下艱難流動。
水泉像被冰凍住，琴弦聲音也凝結，突然暫停。
安靜中反而生出更深的憂傷，此時沒有聲音比有聲音更有力量。
忽然又像銀瓶破裂水花迸出，也像鐵騎衝出、刀槍齊鳴。
曲終時她用撥子猛然一劃，四根弦一起響，像撕裂絲帛。
東西兩邊船上人人安靜無聲，只看見江心一輪白白秋月。
她沉默一會放下撥子，整理衣服，神情變得莊重。
她說自己原本是京城女子，家住蝦蟆陵附近。
十三歲就學會琵琶，名字列在教坊最優秀的一部。
每次彈完連老師都佩服，打扮起來也常讓其他女子羨慕。
五陵少年爭著送禮物，一首曲子就能收到數不清的紅綃。
漂亮髮簪常因打拍子碰壞，紅裙也常在宴席間被酒潑濕。
一年又一年都在歡笑中度過，不知不覺春秋飛逝。
後來弟弟從軍、照顧她的長輩去世，她的容貌也隨歲月改變。
門前漸漸冷清，客人和車馬都少了，年紀大後嫁給商人。
商人看重賺錢，常把離別看得很輕，上個月又去浮梁買茶。
留下她一個人在江口守空船，只有明月和寒冷江水陪伴。
深夜忽然夢到年輕時光，在夢裡哭醒，眼淚流過妝容。
我本來聽琵琶已經嘆息，再聽她的故事，更覺得難過。
我們都是漂流在外、遭遇失意的人，相逢又何必以前就認識呢？
我從去年離開京城，被貶到潯陽，還常常生病。
潯陽地方小、音樂少，一整年很難聽到好聽的絲竹聲。
住處靠近湓江，又低又潮濕，房子四周都是黃蘆和苦竹。
早晚常聽到的只有杜鵑悲鳴和猿猴哀叫。
春天花晨、秋天月夜，我常常只能自己拿酒獨飲。
不是沒有山歌村笛，只是聲音粗雜，聽起來不太舒服。
今晚聽你彈琵琶，好像聽到仙樂，耳朵一下重新明亮起來。
請你別急著走，再坐下來彈一曲，我要為你寫一首《琵琶行》。
她聽了我的話站了很久，然後又坐下，把琴弦調得更急。
第二次琴聲更加淒涼，在座的人聽著都掩面流淚。
其中哭得最多的是誰？就是我這個江州司馬，青衫都被淚水濕透了。",5,9,visual_plan_v1,draft,"{""v"":""visual_plan_v1"",""entities"":[{""id"":""e01"",""type"":""character"",""label"":""旅人""},{""id"":""e02"",""type"":""animal"",""label"":""馬""},{""id"":""e03"",""type"":""location"",""label"":""江邊""},{""id"":""e04"",""type"":""location"",""label"":""湖邊""},{""id"":""e05"",""type"":""location"",""label"":""船上""},{""id"":""e06"",""type"":""location"",""label"":""城中""},{""id"":""e07"",""type"":""object"",""label"":""小船""},{""id"":""e08"",""type"":""object"",""label"":""酒""},{""id"":""e09"",""type"":""character"",""label"":""詩人""},{""id"":""e10"",""type"":""plant"",""label"":""花樹""},{""id"":""e11"",""type"":""object"",""label"":""風""},{""id"":""e12"",""type"":""character"",""label"":""朋友""},{""id"":""e13"",""type"":""object"",""label"":""月亮""},{""id"":""e14"",""type"":""object"",""label"":""古琴""},{""id"":""e15"",""type"":""object"",""label"":""燈火""},{""id"":""e16"",""type"":""object"",""label"":""雨""},{""id"":""e17"",""type"":""animal"",""label"":""鳥""},{""id"":""e18"",""type"":""location"",""label"":""關塞""},{""id"":""e19"",""type"":""object"",""label"":""刀""},{""id"":""e20"",""type"":""character"",""label"":""僧人""},{""id"":""e21"",""type"":""character"",""label"":""女子""},{""id"":""e22"",""type"":""object"",""label"":""雲""},{""id"":""e23"",""type"":""plant"",""label"":""竹子""},{""id"":""e24"",""type"":""location"",""label"":""房間""},{""id"":""e25"",""type"":""animal"",""label"":""猿""},{""id"":""e26"",""type"":""location"",""label"":""村莊""}],""continuity"":{""recurring_entities"":[""e01"",""e02"",""e03"",""e05"",""e06"",""e07"",""e08"",""e09"",""e10"",""e11"",""e12"",""e13"",""e14"",""e21"",""e23""]},""scenes"":[{""id"":""p067_s01"",""setting"":""江邊"",""time"":""夜晚"",""mood"":""平靜"",""entities"":[""e01"",""e02"",""e03"",""e04"",""e05"",""e06"",""e07"",""e08""],""actions"":[""聆聽""],""focus"":[""旅人"",""馬"",""小船"",""酒"",""聆聽""]},{""id"":""p067_s02"",""setting"":""未明示"",""time"":""未明示"",""mood"":""平靜"",""entities"":[],""actions"":[],""focus"":[]},{""id"":""p067_s03"",""setting"":""江邊"",""time"":""夜晚"",""mood"":""平靜"",""entities"":[""e09"",""e01"",""e10"",""e03"",""e11""],""actions"":[],""focus"":[""詩人"",""旅人"",""花樹"",""風""]},{""id"":""p067_s04"",""setting"":""船上"",""time"":""未明示"",""mood"":""平靜"",""entities"":[""e09"",""e12"",""e02"",""e05"",""e07"",""e08""],""actions"":[""飲酒""],""focus"":[""詩人"",""朋友"",""馬"",""小船"",""酒""]},{""id"":""p067_s05"",""setting"":""江邊"",""time"":""未明示"",""mood"":""感傷"",""entities"":[""e03"",""e13""],""actions"":[],""focus"":[""月亮""]},{""id"":""p067_s06"",""setting"":""未明示"",""time"":""未明示"",""mood"":""平靜"",""entities"":[""e09"",""e12""],""actions"":[""前行""],""focus"":[""詩人"",""朋友"",""前行""]},{""id"":""p067_s07"",""setting"":""未明示"",""time"":""未明示"",""mood"":""平靜"",""entities"":[""e09"",""e14""],""actions"":[""彈奏""],""focus"":[""詩人"",""古琴"",""彈奏""]},{""id"":""p067_s08"",""setting"":""船上"",""time"":""未明示"",""mood"":""平靜"",""entities"":[""e05"",""e07"",""e08"",""e15""],""actions"":[""飲酒""],""focus"":[""小船"",""酒"",""燈火"",""飲酒""]},{""id"":""p067_s09"",""setting"":""未明示"",""time"":""未明示"",""mood"":""平靜"",""entities"":[],""actions"":[],""focus"":[]},{""id"":""p067_s10"",""setting"":""未明示"",""time"":""未明示"",""mood"":""平靜"",""entities"":[""e14""],""actions"":[],""focus"":[""古琴""]},{""id"":""p067_s11"",""setting"":""未明示"",""time"":""未明示"",""mood"":""平靜"",""entities"":[],""actions"":[],""focus"":[]},{""id"":""p067_s12"",""setting"":""未明示"",""time"":""未明示"",""mood"":""平靜"",""entities"":[],""actions"":[],""focus"":[]},{""id"":""p067_s13"",""setting"":""未明示"",""time"":""未明示"",""mood"":""平靜"",""entities"":[],""actions"":[],""focus"":[]},{""id"":""p067_s14"",""setting"":""未明示"",""time"":""未明示"",""mood"":""平靜"",""entities"":[""e16""],""actions"":[],""focus"":[""雨""]},{""id"":""p067_s15"",""setting"":""未明示"",""time"":""未明示"",""mood"":""平靜"",""entities"":[],""actions"":[],""focus"":[]},{""id"":""p067_s16"",""setting"":""關塞"",""time"":""未明示"",""mood"":""平靜"",""entities"":[""e17"",""e10"",""e18""],""actions"":[],""focus"":[""鳥"",""花樹""]},{""id"":""p067_s17"",""setting"":""未明示"",""time"":""未明示"",""mood"":""平靜"",""entities"":[""e14""],""actions"":[],""focus"":[""古琴""]},{""id"":""p067_s18"",""setting"":""未明示"",""time"":""未明示"",""mood"":""安靜"",""entities"":[],""actions"":[],""focus"":[]},{""id"":""p067_s19"",""setting"":""未明示"",""time"":""未明示"",""mood"":""平靜"",""entities"":[""e10"",""e19""],""actions"":[],""focus"":[""花樹"",""刀""]},{""id"":""p067_s20"",""setting"":""未明示"",""time"":""未明示"",""mood"":""平靜"",""entities"":[],""actions"":[],""focus"":[]},{""id"":""p067_s21"",""setting"":""江邊"",""time"":""秋天"",""mood"":""安靜"",""entities"":[""e20"",""e03"",""e05"",""e13"",""e07""],""actions"":[""看望""],""focus"":[""僧人"",""月亮"",""小船"",""看望""]},{""id"":""p067_s22"",""setting"":""未明示"",""time"":""未明示"",""mood"":""平靜"",""entities"":[],""actions"":[],""focus"":[]},{""id"":""p067_s23"",""setting"":""城中"",""time"":""未明示"",""mood"":""平靜"",""entities"":[""e21"",""e06""],""actions"":[],""focus"":[""女子""]},{""id"":""p067_s24"",""setting"":""未明示"",""time"":""未明示"",""mood"":""平靜"",""entities"":[],""actions"":[],""focus"":[]},{""id"":""p067_s25"",""setting"":""未明示"",""time"":""秋天"",""mood"":""平靜"",""entities"":[""e21""],""actions"":[],""focus"":[""女子""]},{""id"":""p067_s26"",""setting"":""未明示"",""time"":""未明示"",""mood"":""平靜"",""entities"":[],""actions"":[],""focus"":[]},{""id"":""p067_s27"",""setting"":""未明示"",""time"":""未明示"",""mood"":""平靜"",""entities"":[""e22"",""e08""],""actions"":[""飲酒""],""focus"":[""雲"",""酒"",""飲酒""]},{""id"":""p067_s28"",""setting"":""未明示"",""time"":""春天"",""mood"":""平靜"",""entities"":[""e13"",""e11""],""actions"":[],""focus"":[""月亮"",""風""]},{""id"":""p067_s29"",""setting"":""未明示"",""time"":""黃昏"",""mood"":""平靜"",""entities"":[""e13""],""actions"":[""前行""],""focus"":[""月亮"",""前行""]},{""id"":""p067_s30"",""setting"":""未明示"",""time"":""未明示"",""mood"":""平靜"",""entities"":[""e01"",""e02""],""actions"":[],""focus"":[""旅人"",""馬""]},{""id"":""p067_s31"",""setting"":""未明示"",""time"":""未明示"",""mood"":""感傷"",""entities"":[""e13""],""actions"":[""看望"",""前行""],""focus"":[""月亮"",""看望"",""前行""]},{""id"":""p067_s32"",""setting"":""江邊"",""time"":""夜晚"",""mood"":""平靜"",""entities"":[""e03"",""e05"",""e13"",""e07""],""actions"":[],""focus"":[""月亮"",""小船""]},{""id"":""p067_s33"",""setting"":""未明示"",""time"":""夜晚"",""mood"":""感傷"",""entities"":[],""actions"":[""哭泣""],""focus"":[""哭泣""]},{""id"":""p067_s34"",""setting"":""未明示"",""time"":""未明示"",""mood"":""感傷"",""entities"":[""e09""],""actions"":[""聆聽""],""focus"":[""詩人"",""聆聽""]},{""id"":""p067_s35"",""setting"":""未明示"",""time"":""未明示"",""mood"":""平靜"",""entities"":[""e09""],""actions"":[],""focus"":[""詩人""]},{""id"":""p067_s36"",""setting"":""城中"",""time"":""未明示"",""mood"":""平靜"",""entities"":[""e09"",""e06""],""actions"":[""前行""],""focus"":[""詩人"",""前行""]},{""id"":""p067_s37"",""setting"":""未明示"",""time"":""未明示"",""mood"":""平靜"",""entities"":[""e23""],""actions"":[""聆聽""],""focus"":[""竹子"",""聆聽""]},{""id"":""p067_s38"",""setting"":""江邊"",""time"":""未明示"",""mood"":""平靜"",""entities"":[""e23"",""e03"",""e24""],""actions"":[],""focus"":[""竹子""]},{""id"":""p067_s39"",""setting"":""未明示"",""time"":""黃昏"",""mood"":""平靜"",""entities"":[""e25""],""actions"":[""聆聽""],""focus"":[""猿"",""聆聽""]},{""id"":""p067_s40"",""setting"":""江邊"",""time"":""夜晚"",""mood"":""平靜"",""entities"":[""e09"",""e10"",""e03"",""e13"",""e08""],""actions"":[""飲酒""],""focus"":[""詩人"",""花樹"",""月亮"",""酒"",""飲酒""]},{""id"":""p067_s41"",""setting"":""村莊"",""time"":""未明示"",""mood"":""愉快"",""entities"":[""e26""],""actions"":[""聆聽""],""focus"":[""聆聽""]},{""id"":""p067_s42"",""setting"":""未明示"",""time"":""夜晚"",""mood"":""平靜"",""entities"":[],""actions"":[""聆聽""],""focus"":[""聆聽""]},{""id"":""p067_s43"",""setting"":""未明示"",""time"":""未明示"",""mood"":""平靜"",""entities"":[""e09""],""actions"":[""前行""],""focus"":[""詩人"",""前行""]},{""id"":""p067_s44"",""setting"":""未明示"",""time"":""未明示"",""mood"":""平靜"",""entities"":[""e09"",""e14""],""actions"":[""聆聽""],""focus"":[""詩人"",""古琴"",""聆聽""]},{""id"":""p067_s45"",""setting"":""未明示"",""time"":""未明示"",""mood"":""感傷"",""entities"":[""e14""],""actions"":[""聆聽"",""哭泣""],""focus"":[""古琴"",""聆聽"",""哭泣""]},{""id"":""p067_s46"",""setting"":""江邊"",""time"":""未明示"",""mood"":""感傷"",""entities"":[""e09"",""e02"",""e03""],""actions"":[""哭泣""],""focus"":[""詩人"",""馬"",""哭泣""]}]}",依各 Scene 視覺計畫,"p067_s01｜場景：江邊｜時間：夜晚｜畫面核心：旅人、馬、小船、酒、聆聽｜動作：聆聽｜情緒：平靜｜出現：旅人、馬、江邊、湖邊、船上、城中、小船、酒
p067_s02｜場景：未明示｜畫面核心：｜情緒：平靜
p067_s03｜場景：江邊｜時間：夜晚｜畫面核心：詩人、旅人、花樹、風｜情緒：平靜｜出現：詩人、旅人、花樹、江邊、風
p067_s04｜場景：船上｜畫面核心：詩人、朋友、馬、小船、酒｜動作：飲酒｜情緒：平靜｜出現：詩人、朋友、馬、船上、小船、酒
p067_s05｜場景：江邊｜畫面核心：月亮｜情緒：感傷｜出現：江邊、月亮
p067_s06｜場景：未明示｜畫面核心：詩人、朋友、前行｜動作：前行｜情緒：平靜｜出現：詩人、朋友
p067_s07｜場景：未明示｜畫面核心：詩人、古琴、彈奏｜動作：彈奏｜情緒：平靜｜出現：詩人、古琴
p067_s08｜場景：船上｜畫面核心：小船、酒、燈火、飲酒｜動作：飲酒｜情緒：平靜｜出現：船上、小船、酒、燈火
p067_s09｜場景：未明示｜畫面核心：｜情緒：平靜
p067_s10｜場景：未明示｜畫面核心：古琴｜情緒：平靜｜出現：古琴
p067_s11｜場景：未明示｜畫面核心：｜情緒：平靜
p067_s12｜場景：未明示｜畫面核心：｜情緒：平靜
p067_s13｜場景：未明示｜畫面核心：｜情緒：平靜
p067_s14｜場景：未明示｜畫面核心：雨｜情緒：平靜｜出現：雨
p067_s15｜場景：未明示｜畫面核心：｜情緒：平靜
p067_s16｜場景：關塞｜畫面核心：鳥、花樹｜情緒：平靜｜出現：鳥、花樹、關塞
p067_s17｜場景：未明示｜畫面核心：古琴｜情緒：平靜｜出現：古琴
p067_s18｜場景：未明示｜畫面核心：｜情緒：安靜
p067_s19｜場景：未明示｜畫面核心：花樹、刀｜情緒：平靜｜出現：花樹、刀
p067_s20｜場景：未明示｜畫面核心：｜情緒：平靜
p067_s21｜場景：江邊｜時間：秋天｜畫面核心：僧人、月亮、小船、看望｜動作：看望｜情緒：安靜｜出現：僧人、江邊、船上、月亮、小船
p067_s22｜場景：未明示｜畫面核心：｜情緒：平靜
p067_s23｜場景：城中｜畫面核心：女子｜情緒：平靜｜出現：女子、城中
p067_s24｜場景：未明示｜畫面核心：｜情緒：平靜
p067_s25｜場景：未明示｜時間：秋天｜畫面核心：女子｜情緒：平靜｜出現：女子
p067_s26｜場景：未明示｜畫面核心：｜情緒：平靜
p067_s27｜場景：未明示｜畫面核心：雲、酒、飲酒｜動作：飲酒｜情緒：平靜｜出現：雲、酒
p067_s28｜場景：未明示｜時間：春天｜畫面核心：月亮、風｜情緒：平靜｜出現：月亮、風
p067_s29｜場景：未明示｜時間：黃昏｜畫面核心：月亮、前行｜動作：前行｜情緒：平靜｜出現：月亮
p067_s30｜場景：未明示｜畫面核心：旅人、馬｜情緒：平靜｜出現：旅人、馬
p067_s31｜場景：未明示｜畫面核心：月亮、看望、前行｜動作：看望、前行｜情緒：感傷｜出現：月亮
p067_s32｜場景：江邊｜時間：夜晚｜畫面核心：月亮、小船｜情緒：平靜｜出現：江邊、船上、月亮、小船
p067_s33｜場景：未明示｜時間：夜晚｜畫面核心：哭泣｜動作：哭泣｜情緒：感傷
p067_s34｜場景：未明示｜畫面核心：詩人、聆聽｜動作：聆聽｜情緒：感傷｜出現：詩人
p067_s35｜場景：未明示｜畫面核心：詩人｜情緒：平靜｜出現：詩人
p067_s36｜場景：城中｜畫面核心：詩人、前行｜動作：前行｜情緒：平靜｜出現：詩人、城中
p067_s37｜場景：未明示｜畫面核心：竹子、聆聽｜動作：聆聽｜情緒：平靜｜出現：竹子
p067_s38｜場景：江邊｜畫面核心：竹子｜情緒：平靜｜出現：竹子、江邊、房間
p067_s39｜場景：未明示｜時間：黃昏｜畫面核心：猿、聆聽｜動作：聆聽｜情緒：平靜｜出現：猿
p067_s40｜場景：江邊｜時間：夜晚｜畫面核心：詩人、花樹、月亮、酒、飲酒｜動作：飲酒｜情緒：平靜｜出現：詩人、花樹、江邊、月亮、酒
p067_s41｜場景：村莊｜畫面核心：聆聽｜動作：聆聽｜情緒：愉快｜出現：村莊
p067_s42｜場景：未明示｜時間：夜晚｜畫面核心：聆聽｜動作：聆聽｜情緒：平靜
p067_s43｜場景：未明示｜畫面核心：詩人、前行｜動作：前行｜情緒：平靜｜出現：詩人
p067_s44｜場景：未明示｜畫面核心：詩人、古琴、聆聽｜動作：聆聽｜情緒：平靜｜出現：詩人、古琴
p067_s45｜場景：未明示｜畫面核心：古琴、聆聽、哭泣｜動作：聆聽、哭泣｜情緒：感傷｜出現：古琴
p067_s46｜場景：江邊｜畫面核心：詩人、馬、哭泣｜動作：哭泣｜情緒：感傷｜出現：詩人、馬、江邊","人物｜旅人
動物｜馬
場景｜江邊
場景｜湖邊
場景｜船上
場景｜城中
物件｜小船
物件｜酒
人物｜詩人
植物｜花樹
物件｜風
人物｜朋友
物件｜月亮
物件｜古琴
物件｜燈火
物件｜雨
動物｜鳥
場景｜關塞
物件｜刀
人物｜僧人
人物｜女子
物件｜雲
植物｜竹子
場景｜房間
動物｜猿
場景｜村莊",重複元素：旅人、馬、江邊、船上、城中、小船、酒、詩人、花樹、風、朋友、月亮、古琴、女子、竹子
68,李商隱,七言古詩,韓碑,"元和天子神武姿，彼何人哉軒與羲。
誓將上雪列聖恥，坐法宮中朝四夷。
淮西有賊五十載，封狼生貙貙生羆。
不據山河據平地，長戈利矛日可麾。
帝得聖相相曰度，賊斫不死神扶持。
腰懸相印作都統，陰風慘澹天王旗。
愬武古通作牙爪，儀曹外郎載筆隨。
行軍司馬智且勇，十四萬衆猶虎貔。
入蔡縛賊獻太廟，功無與讓恩不訾。
帝曰汝度功第一，汝從事愈宜爲辭。
愈拜稽首蹈且舞，金石刻畫臣能爲。
古者世稱大手筆，此事不繫於職司。
當仁自古有不讓，言訖屢頷天子頤。
公退齋戒坐小閣，濡染大筆何淋漓。
點竄堯典舜典字，塗改清廟生民詩。
文成破體書在紙，清晨再拜鋪丹墀。
表曰臣愈昧死上，詠神聖功書之碑。
碑高三丈字如鬥，負以靈鰲蟠以螭。
句奇語重喻者少，讒之天子言其私。
長繩百尺拽碑倒，粗砂大石相磨治。
公之斯文若元氣，先時已入人肝脾。
湯盤孔鼎有述作，今無其器存其辭。
嗚呼聖王及聖相，相與烜赫流淳熙。
公之斯文不示後，曷與三五相攀追。
願書萬本誦萬遍，口角流沫右手胝。
傳之七十有二代，以爲封禪玉檢明堂基。","元和年間的皇帝英明勇武，像古代聖王一樣想振興國家。
他立志洗去前代受辱，坐鎮宮中讓四方重新安定。
淮西叛亂延續多年，勢力一代接一代壯大。
他們占著交通要地，武器精良，隨時可以發動戰事。
皇帝得到賢相裴度，裴度遇刺不死，被認為有天助。
裴度掛著相印統領軍隊，陰冷風中天子旗幟高高飄起。
李愬、韓弘等成為重要將領，韓愈也隨軍負責記錄。
軍中有智勇兼備的將領，十四萬大軍像猛虎一樣強悍。
攻進蔡州抓住叛軍首領獻到太廟，功勞沒人能相比，得到很大賞賜。
皇帝說裴度功勞第一，又命韓愈撰文記下這場勝利。
韓愈叩頭領命，高興得手舞足蹈，說自己能把功績刻在金石上。
古代稱這種文章為大手筆，並不是只有某一官職才能寫。
遇到該做的事就不推讓，皇帝聽完也多次點頭同意。
韓愈退下後齋戒，在小閣中準備，提起大筆盡情揮寫。
他連古代經典中的字句都仔細推敲，希望文章最合適。
完成文章後筆法打破常規，清晨恭敬把稿子呈到宮殿前。
奏表說自己冒死呈上，要用碑文歌頌皇帝平亂功績。
碑高三丈，字大如斗，還雕著神獸和盤龍裝飾。
文章奇特有力，懂的人卻不多，後來有人向皇帝說它偏袒裴度。
結果百尺長繩把碑拉倒，還用粗砂大石把文字磨掉。
可是韓愈文章的力量像天地元氣，早已進入人們心裡，磨也磨不掉。
古代很多器物雖已消失，文字記錄卻能留下，所以文章特別重要。
可惜英明皇帝和賢相共同建立的功業，本來應該長久流傳。
如果韓愈的碑文不能留給後世，又怎能和古代偉大功業相比？
我真希望抄寫一萬本、讀上一萬遍，讀到嘴乾、手都磨出繭。
再一代代傳下去，讓後人知道這段歷史，作為國家重要記錄。",3,9,visual_plan_v1,draft,"{""v"":""visual_plan_v1"",""entities"":[{""id"":""e01"",""type"":""location"",""label"":""宮中""},{""id"":""e02"",""type"":""object"",""label"":""雪""},{""id"":""e03"",""type"":""location"",""label"":""河岸""},{""id"":""e04"",""type"":""object"",""label"":""風""},{""id"":""e05"",""type"":""animal"",""label"":""馬""},{""id"":""e06"",""type"":""object"",""label"":""石陣""},{""id"":""e07"",""type"":""character"",""label"":""詩人""}],""continuity"":{""recurring_entities"":[""e01"",""e06""]},""scenes"":[{""id"":""p068_s01"",""setting"":""未明示"",""time"":""未明示"",""mood"":""平靜"",""entities"":[],""actions"":[],""focus"":[]},{""id"":""p068_s02"",""setting"":""宮中"",""time"":""冬天"",""mood"":""平靜"",""entities"":[""e01"",""e02""],""actions"":[""前行""],""focus"":[""雪"",""前行""]},{""id"":""p068_s03"",""setting"":""未明示"",""time"":""未明示"",""mood"":""平靜"",""entities"":[],""actions"":[],""focus"":[]},{""id"":""p068_s04"",""setting"":""河岸"",""time"":""未明示"",""mood"":""平靜"",""entities"":[""e03""],""actions"":[],""focus"":[]},{""id"":""p068_s05"",""setting"":""未明示"",""time"":""未明示"",""mood"":""平靜"",""entities"":[],""actions"":[],""focus"":[]},{""id"":""p068_s06"",""setting"":""未明示"",""time"":""未明示"",""mood"":""平靜"",""entities"":[""e04""],""actions"":[],""focus"":[""風""]},{""id"":""p068_s07"",""setting"":""未明示"",""time"":""未明示"",""mood"":""平靜"",""entities"":[],""actions"":[],""focus"":[]},{""id"":""p068_s08"",""setting"":""未明示"",""time"":""未明示"",""mood"":""平靜"",""entities"":[""e05""],""actions"":[],""focus"":[""馬""]},{""id"":""p068_s09"",""setting"":""未明示"",""time"":""未明示"",""mood"":""平靜"",""entities"":[],""actions"":[],""focus"":[]},{""id"":""p068_s10"",""setting"":""未明示"",""time"":""未明示"",""mood"":""平靜"",""entities"":[],""actions"":[],""focus"":[]},{""id"":""p068_s11"",""setting"":""未明示"",""time"":""未明示"",""mood"":""平靜"",""entities"":[""e06""],""actions"":[],""focus"":[""石陣""]},{""id"":""p068_s12"",""setting"":""未明示"",""time"":""未明示"",""mood"":""平靜"",""entities"":[],""actions"":[],""focus"":[]},{""id"":""p068_s13"",""setting"":""未明示"",""time"":""未明示"",""mood"":""平靜"",""entities"":[],""actions"":[""聆聽""],""focus"":[""聆聽""]},{""id"":""p068_s14"",""setting"":""未明示"",""time"":""未明示"",""mood"":""平靜"",""entities"":[],""actions"":[],""focus"":[]},{""id"":""p068_s15"",""setting"":""未明示"",""time"":""未明示"",""mood"":""平靜"",""entities"":[],""actions"":[""看望""],""focus"":[""看望""]},{""id"":""p068_s16"",""setting"":""宮中"",""time"":""未明示"",""mood"":""平靜"",""entities"":[""e01""],""actions"":[],""focus"":[]},{""id"":""p068_s17"",""setting"":""未明示"",""time"":""未明示"",""mood"":""平靜"",""entities"":[],""actions"":[],""focus"":[]},{""id"":""p068_s18"",""setting"":""未明示"",""time"":""未明示"",""mood"":""平靜"",""entities"":[],""actions"":[],""focus"":[]},{""id"":""p068_s19"",""setting"":""未明示"",""time"":""未明示"",""mood"":""平靜"",""entities"":[],""actions"":[],""focus"":[]},{""id"":""p068_s20"",""setting"":""未明示"",""time"":""未明示"",""mood"":""平靜"",""entities"":[""e06""],""actions"":[],""focus"":[""石陣""]},{""id"":""p068_s21"",""setting"":""未明示"",""time"":""未明示"",""mood"":""平靜"",""entities"":[],""actions"":[],""focus"":[]},{""id"":""p068_s22"",""setting"":""未明示"",""time"":""未明示"",""mood"":""平靜"",""entities"":[],""actions"":[],""focus"":[]},{""id"":""p068_s23"",""setting"":""未明示"",""time"":""未明示"",""mood"":""感傷"",""entities"":[],""actions"":[],""focus"":[]},{""id"":""p068_s24"",""setting"":""未明示"",""time"":""未明示"",""mood"":""平靜"",""entities"":[],""actions"":[],""focus"":[]},{""id"":""p068_s25"",""setting"":""未明示"",""time"":""未明示"",""mood"":""平靜"",""entities"":[""e07""],""actions"":[""看望""],""focus"":[""詩人"",""看望""]},{""id"":""p068_s26"",""setting"":""未明示"",""time"":""未明示"",""mood"":""平靜"",""entities"":[],""actions"":[""前行""],""focus"":[""前行""]}]}",依各 Scene 視覺計畫,"p068_s01｜場景：未明示｜畫面核心：｜情緒：平靜
p068_s02｜場景：宮中｜時間：冬天｜畫面核心：雪、前行｜動作：前行｜情緒：平靜｜出現：宮中、雪
p068_s03｜場景：未明示｜畫面核心：｜情緒：平靜
p068_s04｜場景：河岸｜畫面核心：｜情緒：平靜｜出現：河岸
p068_s05｜場景：未明示｜畫面核心：｜情緒：平靜
p068_s06｜場景：未明示｜畫面核心：風｜情緒：平靜｜出現：風
p068_s07｜場景：未明示｜畫面核心：｜情緒：平靜
p068_s08｜場景：未明示｜畫面核心：馬｜情緒：平靜｜出現：馬
p068_s09｜場景：未明示｜畫面核心：｜情緒：平靜
p068_s10｜場景：未明示｜畫面核心：｜情緒：平靜
p068_s11｜場景：未明示｜畫面核心：石陣｜情緒：平靜｜出現：石陣
p068_s12｜場景：未明示｜畫面核心：｜情緒：平靜
p068_s13｜場景：未明示｜畫面核心：聆聽｜動作：聆聽｜情緒：平靜
p068_s14｜場景：未明示｜畫面核心：｜情緒：平靜
p068_s15｜場景：未明示｜畫面核心：看望｜動作：看望｜情緒：平靜
p068_s16｜場景：宮中｜畫面核心：｜情緒：平靜｜出現：宮中
p068_s17｜場景：未明示｜畫面核心：｜情緒：平靜
p068_s18｜場景：未明示｜畫面核心：｜情緒：平靜
p068_s19｜場景：未明示｜畫面核心：｜情緒：平靜
p068_s20｜場景：未明示｜畫面核心：石陣｜情緒：平靜｜出現：石陣
p068_s21｜場景：未明示｜畫面核心：｜情緒：平靜
p068_s22｜場景：未明示｜畫面核心：｜情緒：平靜
p068_s23｜場景：未明示｜畫面核心：｜情緒：感傷
p068_s24｜場景：未明示｜畫面核心：｜情緒：平靜
p068_s25｜場景：未明示｜畫面核心：詩人、看望｜動作：看望｜情緒：平靜｜出現：詩人
p068_s26｜場景：未明示｜畫面核心：前行｜動作：前行｜情緒：平靜","場景｜宮中
物件｜雪
場景｜河岸
物件｜風
動物｜馬
物件｜石陣
人物｜詩人",重複元素：宮中、石陣
69,高適,七言樂府,燕歌行,"開元二十六年，客有從御史大夫張公出塞而還者，作《燕歌行》以示適，感征戍之事，因而和焉。
漢家煙塵在東北，漢將辭家破殘賊。
男兒本自重橫行，天子非常賜顏色。
摐金伐鼓下榆關，旌斾逶迤碣石間。
校尉羽書飛瀚海，單于獵火照狼山。
山川蕭條極邊土，胡騎憑陵雜風雨。
戰士軍前半死生，美人帳下猶歌舞。
大漠窮秋塞草腓，孤城落日鬬兵稀。
身當恩遇恆輕敵，力盡關山未解圍。
鐵衣遠戍辛勤久，玉筯應啼別離後。
少婦城南欲斷腸，征人薊北空回首。
邊庭飄颻那可度，絕域蒼茫更何有。
殺氣三時作陣雲，寒聲一夜傳刁斗。
相看白刃血紛紛，死節從來豈顧勳。
君不見沙場征戰苦，至今猶憶李將軍。","高適說有朋友從邊塞回來寫了《燕歌行》，他想到守邊戰士的辛苦，因此也寫下這首詩。
東北邊境出現戰亂，將領離開家鄉帶兵出征。
男子漢本想建立功業，皇帝也特別賞識、鼓勵他們。
敲鑼打鼓出了榆關，長長軍旗一路延伸到碣石一帶。
緊急軍書飛過大漠，敵軍夜裡的火光照亮狼山。
邊地山河荒涼，敵軍騎兵趁勢衝來，像風雨一樣猛烈。
前線士兵一半在生死間苦戰，將領帳中卻還有人唱歌跳舞。
深秋大漠草都枯了，孤城夕陽下還在苦苦作戰。
將領因受皇恩常輕看敵人，士兵已用盡力氣，包圍仍沒有解除。
穿鐵甲的士兵遠戍多年很辛苦，家中的妻子分別後也日日流淚。
城南少婦想念到心碎，北方征人也只能回頭望向家鄉方向。
邊疆路途飄搖難走，極遠荒地更是什麼都看不到。
白天殺氣像雲籠罩軍陣，夜裡只聽守軍報時器具的寒冷聲音。
大家面對刀劍和鮮血，真正願為國家犧牲的人並不是為了獎賞功名。
你沒看見戰場有多苦嗎？所以人們到現在還懷念真正愛護士兵的李廣將軍。",2,9,visual_plan_v1,draft,"{""v"":""visual_plan_v1"",""entities"":[{""id"":""e01"",""type"":""character"",""label"":""朋友""},{""id"":""e02"",""type"":""animal"",""label"":""鳥""},{""id"":""e03"",""type"":""location"",""label"":""關塞""},{""id"":""e04"",""type"":""location"",""label"":""古道""},{""id"":""e05"",""type"":""object"",""label"":""石陣""},{""id"":""e06"",""type"":""location"",""label"":""海邊""},{""id"":""e07"",""type"":""location"",""label"":""溪流""},{""id"":""e08"",""type"":""location"",""label"":""河岸""},{""id"":""e09"",""type"":""object"",""label"":""雨""},{""id"":""e10"",""type"":""object"",""label"":""風""},{""id"":""e11"",""type"":""plant"",""label"":""青草""},{""id"":""e12"",""type"":""location"",""label"":""城中""},{""id"":""e13"",""type"":""object"",""label"":""太陽""},{""id"":""e14"",""type"":""location"",""label"":""庭院""},{""id"":""e15"",""type"":""object"",""label"":""雲""},{""id"":""e16"",""type"":""object"",""label"":""刀""},{""id"":""e17"",""type"":""character"",""label"":""將軍""}],""continuity"":{""recurring_entities"":[""e03"",""e04"",""e12""]},""scenes"":[{""id"":""p069_s01"",""setting"":""關塞"",""time"":""未明示"",""mood"":""平靜"",""entities"":[""e01"",""e02"",""e03""],""actions"":[""前行""],""focus"":[""朋友"",""鳥"",""前行""]},{""id"":""p069_s02"",""setting"":""未明示"",""time"":""未明示"",""mood"":""平靜"",""entities"":[],""actions"":[],""focus"":[]},{""id"":""p069_s03"",""setting"":""未明示"",""time"":""未明示"",""mood"":""平靜"",""entities"":[],""actions"":[],""focus"":[]},{""id"":""p069_s04"",""setting"":""古道"",""time"":""未明示"",""mood"":""平靜"",""entities"":[""e04"",""e03"",""e05""],""actions"":[],""focus"":[""石陣""]},{""id"":""p069_s05"",""setting"":""海邊"",""time"":""夜晚"",""mood"":""平靜"",""entities"":[""e06""],""actions"":[],""focus"":[]},{""id"":""p069_s06"",""setting"":""溪流"",""time"":""未明示"",""mood"":""平靜"",""entities"":[""e07"",""e08"",""e09"",""e10""],""actions"":[],""focus"":[""雨"",""風""]},{""id"":""p069_s07"",""setting"":""未明示"",""time"":""未明示"",""mood"":""平靜"",""entities"":[],""actions"":[],""focus"":[]},{""id"":""p069_s08"",""setting"":""城中"",""time"":""黃昏"",""mood"":""平靜"",""entities"":[""e11"",""e12"",""e03"",""e13""],""actions"":[],""focus"":[""青草"",""太陽""]},{""id"":""p069_s09"",""setting"":""關塞"",""time"":""未明示"",""mood"":""平靜"",""entities"":[""e03""],""actions"":[""看望""],""focus"":[""看望""]},{""id"":""p069_s10"",""setting"":""未明示"",""time"":""未明示"",""mood"":""感傷"",""entities"":[],""actions"":[""哭泣""],""focus"":[""哭泣""]},{""id"":""p069_s11"",""setting"":""城中"",""time"":""未明示"",""mood"":""思念"",""entities"":[""e12""],""actions"":[""看望"",""思念""],""focus"":[""看望"",""思念""]},{""id"":""p069_s12"",""setting"":""庭院"",""time"":""未明示"",""mood"":""平靜"",""entities"":[""e14"",""e04""],""actions"":[""看望"",""前行""],""focus"":[""看望"",""前行""]},{""id"":""p069_s13"",""setting"":""未明示"",""time"":""夜晚"",""mood"":""平靜"",""entities"":[""e15""],""actions"":[""聆聽""],""focus"":[""雲"",""聆聽""]},{""id"":""p069_s14"",""setting"":""未明示"",""time"":""未明示"",""mood"":""平靜"",""entities"":[""e16""],""actions"":[],""focus"":[""刀""]},{""id"":""p069_s15"",""setting"":""未明示"",""time"":""未明示"",""mood"":""平靜"",""entities"":[""e17""],""actions"":[""看望"",""思念""],""focus"":[""將軍"",""看望"",""思念""]}]}",依各 Scene 視覺計畫,"p069_s01｜場景：關塞｜畫面核心：朋友、鳥、前行｜動作：前行｜情緒：平靜｜出現：朋友、鳥、關塞
p069_s02｜場景：未明示｜畫面核心：｜情緒：平靜
p069_s03｜場景：未明示｜畫面核心：｜情緒：平靜
p069_s04｜場景：古道｜畫面核心：石陣｜情緒：平靜｜出現：古道、關塞、石陣
p069_s05｜場景：海邊｜時間：夜晚｜畫面核心：｜情緒：平靜｜出現：海邊
p069_s06｜場景：溪流｜畫面核心：雨、風｜情緒：平靜｜出現：溪流、河岸、雨、風
p069_s07｜場景：未明示｜畫面核心：｜情緒：平靜
p069_s08｜場景：城中｜時間：黃昏｜畫面核心：青草、太陽｜情緒：平靜｜出現：青草、城中、關塞、太陽
p069_s09｜場景：關塞｜畫面核心：看望｜動作：看望｜情緒：平靜｜出現：關塞
p069_s10｜場景：未明示｜畫面核心：哭泣｜動作：哭泣｜情緒：感傷
p069_s11｜場景：城中｜畫面核心：看望、思念｜動作：看望、思念｜情緒：思念｜出現：城中
p069_s12｜場景：庭院｜畫面核心：看望、前行｜動作：看望、前行｜情緒：平靜｜出現：庭院、古道
p069_s13｜場景：未明示｜時間：夜晚｜畫面核心：雲、聆聽｜動作：聆聽｜情緒：平靜｜出現：雲
p069_s14｜場景：未明示｜畫面核心：刀｜情緒：平靜｜出現：刀
p069_s15｜場景：未明示｜畫面核心：將軍、看望、思念｜動作：看望、思念｜情緒：平靜｜出現：將軍","人物｜朋友
動物｜鳥
場景｜關塞
場景｜古道
物件｜石陣
場景｜海邊
場景｜溪流
場景｜河岸
物件｜雨
物件｜風
植物｜青草
場景｜城中
物件｜太陽
場景｜庭院
物件｜雲
物件｜刀
人物｜將軍",重複元素：關塞、古道、城中
70,李頎,七言樂府,古從軍行,"白日登山望烽火，黃昏飲馬傍交河。
行人刁斗風沙暗，公主琵琶幽怨多。
野雲萬里無城郭，雨雪紛紛連大漠。
胡鴈哀鳴夜夜飛，胡兒眼淚雙雙落。
聞道玉門猶被遮，應將性命逐輕車。
年年戰骨埋荒外，空見蒲桃入漢家。","白天登山遠望烽火，黃昏到交河邊讓戰馬喝水。
軍中報時聲在風沙裡響起，琵琶曲也帶著幽幽哀愁。
荒野萬里看不到城郭，雨雪一直落在大漠上。
北方大雁夜夜悲鳴，連當地孩子都因戰亂流淚。
聽說玉門關還封著不讓回去，士兵只好拿生命跟著軍隊奔走。
年年都有戰士埋骨荒野，最後帶回中原的卻只是葡萄等物產。",1,9,visual_plan_v1,draft,"{""v"":""visual_plan_v1"",""entities"":[{""id"":""e01"",""type"":""animal"",""label"":""馬""},{""id"":""e02"",""type"":""location"",""label"":""河岸""},{""id"":""e03"",""type"":""object"",""label"":""太陽""},{""id"":""e04"",""type"":""object"",""label"":""風""},{""id"":""e05"",""type"":""location"",""label"":""城中""},{""id"":""e06"",""type"":""object"",""label"":""雲""},{""id"":""e07"",""type"":""object"",""label"":""雨""},{""id"":""e08"",""type"":""object"",""label"":""雪""},{""id"":""e09"",""type"":""character"",""label"":""童子""},{""id"":""e10"",""type"":""animal"",""label"":""鳥""},{""id"":""e11"",""type"":""location"",""label"":""關塞""}],""continuity"":{""recurring_entities"":[]},""scenes"":[{""id"":""p070_s01"",""setting"":""河岸"",""time"":""未明示"",""mood"":""平靜"",""entities"":[""e01"",""e02"",""e03""],""actions"":[""看望"",""前行""],""focus"":[""馬"",""太陽"",""看望"",""前行""]},{""id"":""p070_s02"",""setting"":""未明示"",""time"":""未明示"",""mood"":""平靜"",""entities"":[""e04""],""actions"":[],""focus"":[""風""]},{""id"":""p070_s03"",""setting"":""城中"",""time"":""冬天"",""mood"":""平靜"",""entities"":[""e05"",""e06"",""e07"",""e08""],""actions"":[""看望""],""focus"":[""雲"",""雨"",""雪"",""看望""]},{""id"":""p070_s04"",""setting"":""未明示"",""time"":""夜晚"",""mood"":""感傷"",""entities"":[""e09"",""e10""],""actions"":[""哭泣""],""focus"":[""童子"",""鳥"",""哭泣""]},{""id"":""p070_s05"",""setting"":""關塞"",""time"":""未明示"",""mood"":""平靜"",""entities"":[""e11""],""actions"":[""聆聽"",""前行""],""focus"":[""聆聽"",""前行""]},{""id"":""p070_s06"",""setting"":""未明示"",""time"":""未明示"",""mood"":""平靜"",""entities"":[],""actions"":[],""focus"":[]}]}",依各 Scene 視覺計畫,"p070_s01｜場景：河岸｜畫面核心：馬、太陽、看望、前行｜動作：看望、前行｜情緒：平靜｜出現：馬、河岸、太陽
p070_s02｜場景：未明示｜畫面核心：風｜情緒：平靜｜出現：風
p070_s03｜場景：城中｜時間：冬天｜畫面核心：雲、雨、雪、看望｜動作：看望｜情緒：平靜｜出現：城中、雲、雨、雪
p070_s04｜場景：未明示｜時間：夜晚｜畫面核心：童子、鳥、哭泣｜動作：哭泣｜情緒：感傷｜出現：童子、鳥
p070_s05｜場景：關塞｜畫面核心：聆聽、前行｜動作：聆聽、前行｜情緒：平靜｜出現：關塞
p070_s06｜場景：未明示｜畫面核心：｜情緒：平靜","動物｜馬
場景｜河岸
物件｜太陽
物件｜風
場景｜城中
物件｜雲
物件｜雨
物件｜雪
人物｜童子
動物｜鳥
場景｜關塞",
71,王維,七言樂府,洛陽女兒行,"洛陽女兒對門居，纔可容顏十五餘。
良人玉勒乘驄馬，侍女金盤鱠鯉魚。
畫閣朱樓盡相望，紅桃綠柳垂簷向。
羅幃送上七香車，寶扇迎歸九華帳。
狂夫富貴在青春，意氣驕奢劇季倫。
自憐碧玉親教舞，不惜珊瑚持與人。
春窗曙滅九微火，九微片片飛花璅。
戲罷曾無理曲時，妝成秪是薰香坐。
城中相識盡繁華，日夜經過趙李家。
誰憐越女顏如玉，貧賤江頭自浣紗。","洛陽有位住在對門的女孩，大約才十五歲，容貌已很美麗。
丈夫騎著配玉轡的青白馬，侍女用金盤送上切好的鮮魚。
她家畫樓紅閣彼此相望，紅桃綠柳都垂到屋簷旁。
出門有香車接送，回家有寶扇迎入華麗帳幕。
年輕丈夫正富貴得意，生活豪奢得像古代大富豪。
他親自教妻子跳舞，也不吝把珍貴珊瑚送人。
春晨窗前燈火熄滅，燈上裝飾像片片花瓣。
玩樂完也沒有時間練習樂曲，梳妝後只是坐著薰香。
城中認識的人全是富貴之家，日夜往來於權勢人家。
可又有誰會注意江邊那位同樣美麗、卻因貧窮只能自己洗紗的女子呢？",3,9,visual_plan_v1,draft,"{""v"":""visual_plan_v1"",""entities"":[{""id"":""e01"",""type"":""animal"",""label"":""魚""},{""id"":""e02"",""type"":""animal"",""label"":""馬""},{""id"":""e03"",""type"":""plant"",""label"":""柳樹""},{""id"":""e04"",""type"":""location"",""label"":""房間""},{""id"":""e05"",""type"":""location"",""label"":""樓台""},{""id"":""e06"",""type"":""plant"",""label"":""花樹""},{""id"":""e07"",""type"":""object"",""label"":""花瓣""},{""id"":""e08"",""type"":""object"",""label"":""窗戶""},{""id"":""e09"",""type"":""object"",""label"":""燈火""},{""id"":""e10"",""type"":""location"",""label"":""城中""},{""id"":""e11"",""type"":""character"",""label"":""女子""},{""id"":""e12"",""type"":""location"",""label"":""江邊""}],""continuity"":{""recurring_entities"":[""e04""]},""scenes"":[{""id"":""p071_s01"",""setting"":""未明示"",""time"":""未明示"",""mood"":""平靜"",""entities"":[],""actions"":[],""focus"":[]},{""id"":""p071_s02"",""setting"":""未明示"",""time"":""未明示"",""mood"":""平靜"",""entities"":[""e01"",""e02""],""actions"":[],""focus"":[""魚"",""馬""]},{""id"":""p071_s03"",""setting"":""房間"",""time"":""未明示"",""mood"":""平靜"",""entities"":[""e03"",""e04"",""e05""],""actions"":[""看望""],""focus"":[""柳樹"",""看望""]},{""id"":""p071_s04"",""setting"":""未明示"",""time"":""未明示"",""mood"":""平靜"",""entities"":[],""actions"":[],""focus"":[]},{""id"":""p071_s05"",""setting"":""未明示"",""time"":""春天"",""mood"":""平靜"",""entities"":[],""actions"":[],""focus"":[]},{""id"":""p071_s06"",""setting"":""未明示"",""time"":""未明示"",""mood"":""平靜"",""entities"":[],""actions"":[],""focus"":[]},{""id"":""p071_s07"",""setting"":""房間"",""time"":""春天"",""mood"":""平靜"",""entities"":[""e06"",""e04"",""e07"",""e08"",""e09""],""actions"":[],""focus"":[""花樹"",""花瓣"",""窗戶"",""燈火""]},{""id"":""p071_s08"",""setting"":""未明示"",""time"":""未明示"",""mood"":""平靜"",""entities"":[],""actions"":[],""focus"":[]},{""id"":""p071_s09"",""setting"":""城中"",""time"":""夜晚"",""mood"":""平靜"",""entities"":[""e10""],""actions"":[],""focus"":[]},{""id"":""p071_s10"",""setting"":""江邊"",""time"":""未明示"",""mood"":""平靜"",""entities"":[""e11"",""e12""],""actions"":[],""focus"":[""女子""]}]}",依各 Scene 視覺計畫,"p071_s01｜場景：未明示｜畫面核心：｜情緒：平靜
p071_s02｜場景：未明示｜畫面核心：魚、馬｜情緒：平靜｜出現：魚、馬
p071_s03｜場景：房間｜畫面核心：柳樹、看望｜動作：看望｜情緒：平靜｜出現：柳樹、房間、樓台
p071_s04｜場景：未明示｜畫面核心：｜情緒：平靜
p071_s05｜場景：未明示｜時間：春天｜畫面核心：｜情緒：平靜
p071_s06｜場景：未明示｜畫面核心：｜情緒：平靜
p071_s07｜場景：房間｜時間：春天｜畫面核心：花樹、花瓣、窗戶、燈火｜情緒：平靜｜出現：花樹、房間、花瓣、窗戶、燈火
p071_s08｜場景：未明示｜畫面核心：｜情緒：平靜
p071_s09｜場景：城中｜時間：夜晚｜畫面核心：｜情緒：平靜｜出現：城中
p071_s10｜場景：江邊｜畫面核心：女子｜情緒：平靜｜出現：女子、江邊","動物｜魚
動物｜馬
植物｜柳樹
場景｜房間
場景｜樓台
植物｜花樹
物件｜花瓣
物件｜窗戶
物件｜燈火
場景｜城中
人物｜女子
場景｜江邊",重複元素：房間
72,王維,七言樂府,老將行,"少年十五二十時，步行奪得胡馬騎。
射殺山中白額虎，肯數鄴下黃鬚兒。
一身轉戰三千里，一劒曾當百萬師。
漢兵奮迅如霹靂，虜騎崩騰畏蒺藜。
衞青不敗由天幸，李廣無功緣數奇。
自從棄置便衰朽，世事磋跎成白首。
昔時飛箭無全目，今日垂楊生左肘。
路傍時賣故侯瓜，門前學種先生柳。
蒼茫古木連窮巷，寥落寒山對虛牖。
誓令疏勒出飛泉，不似潁川空使酒。
賀蘭山下陣如雲，羽檄交馳日夕聞。
節使三河募年少，詔書五道出將軍。
試拂鐵衣如雪色，聊持寶劒動星文。
願得燕弓射天將，恥令越甲鳴吳軍。
莫嫌舊日雲中守，猶堪一戰取功勳。","他十五二十歲時就很勇敢，徒步也能奪下敵人的馬來騎。
能射死山中的猛虎，哪會把別的勇少年放在眼裡。
一個人轉戰三千里，一把劍也曾像能抵擋千軍萬馬。
朝廷軍隊出擊快如雷電，敵方騎兵遇上也大亂退縮。
有些將軍常勝有運氣幫助，有些勇將沒功勞卻只是命運不好。
自從被棄用後，他慢慢衰老，歲月蹉跎直到滿頭白髮。
以前射箭本領極高，如今手臂老病，連身體都不如從前。
他有時在路旁賣瓜，也在門前種柳，過著平凡生活。
古樹和窮巷連在一起，寒山對著空空窗戶，住處很冷清。
他仍有志氣，希望像古代守將一樣建立功勞，不願只靠喝酒解悶。
賀蘭山下軍情緊急，軍書日夜奔來奔去。
地方長官正在招募年輕勇士，皇帝也從各路派出將軍。
老將擦去鐵甲上的灰塵，甲光亮得像雪，又重新拿起寶劍。
他仍願拉弓射敵方大將，不願讓自己的軍隊受到羞辱。
別嫌他只是以前的老守將，他仍有能力再打一仗、建立功勳。",3,9,visual_plan_v1,draft,"{""v"":""visual_plan_v1"",""entities"":[{""id"":""e01"",""type"":""animal"",""label"":""馬""},{""id"":""e02"",""type"":""location"",""label"":""山中""},{""id"":""e03"",""type"":""character"",""label"":""將軍""},{""id"":""e04"",""type"":""object"",""label"":""月亮""},{""id"":""e05"",""type"":""plant"",""label"":""柳樹""},{""id"":""e06"",""type"":""location"",""label"":""古道""},{""id"":""e07"",""type"":""plant"",""label"":""樹木""},{""id"":""e08"",""type"":""location"",""label"":""房間""},{""id"":""e09"",""type"":""object"",""label"":""窗戶""},{""id"":""e10"",""type"":""location"",""label"":""溪流""},{""id"":""e11"",""type"":""object"",""label"":""酒""},{""id"":""e12"",""type"":""object"",""label"":""雲""},{""id"":""e13"",""type"":""location"",""label"":""河岸""},{""id"":""e14"",""type"":""object"",""label"":""雪""},{""id"":""e15"",""type"":""animal"",""label"":""鳥""}],""continuity"":{""recurring_entities"":[""e01"",""e03"",""e06"",""e12""]},""scenes"":[{""id"":""p072_s01"",""setting"":""未明示"",""time"":""未明示"",""mood"":""平靜"",""entities"":[""e01""],""actions"":[],""focus"":[""馬""]},{""id"":""p072_s02"",""setting"":""山中"",""time"":""未明示"",""mood"":""平靜"",""entities"":[""e02""],""actions"":[],""focus"":[]},{""id"":""p072_s03"",""setting"":""未明示"",""time"":""未明示"",""mood"":""平靜"",""entities"":[""e01""],""actions"":[],""focus"":[""馬""]},{""id"":""p072_s04"",""setting"":""未明示"",""time"":""未明示"",""mood"":""平靜"",""entities"":[],""actions"":[],""focus"":[]},{""id"":""p072_s05"",""setting"":""未明示"",""time"":""未明示"",""mood"":""平靜"",""entities"":[""e03""],""actions"":[],""focus"":[""將軍""]},{""id"":""p072_s06"",""setting"":""未明示"",""time"":""未明示"",""mood"":""平靜"",""entities"":[""e04""],""actions"":[],""focus"":[""月亮""]},{""id"":""p072_s07"",""setting"":""未明示"",""time"":""未明示"",""mood"":""平靜"",""entities"":[],""actions"":[],""focus"":[]},{""id"":""p072_s08"",""setting"":""古道"",""time"":""未明示"",""mood"":""平靜"",""entities"":[""e05"",""e06""],""actions"":[],""focus"":[""柳樹""]},{""id"":""p072_s09"",""setting"":""房間"",""time"":""未明示"",""mood"":""平靜"",""entities"":[""e07"",""e08"",""e09""],""actions"":[],""focus"":[""樹木"",""窗戶""]},{""id"":""p072_s10"",""setting"":""溪流"",""time"":""未明示"",""mood"":""平靜"",""entities"":[""e10"",""e11""],""actions"":[""看望"",""飲酒""],""focus"":[""酒"",""看望"",""飲酒""]},{""id"":""p072_s11"",""setting"":""未明示"",""time"":""夜晚"",""mood"":""平靜"",""entities"":[""e12""],""actions"":[""前行""],""focus"":[""雲"",""前行""]},{""id"":""p072_s12"",""setting"":""河岸"",""time"":""未明示"",""mood"":""平靜"",""entities"":[""e03"",""e13"",""e06""],""actions"":[],""focus"":[""將軍""]},{""id"":""p072_s13"",""setting"":""未明示"",""time"":""夜晚"",""mood"":""平靜"",""entities"":[""e14""],""actions"":[""前行""],""focus"":[""雪"",""前行""]},{""id"":""p072_s14"",""setting"":""未明示"",""time"":""未明示"",""mood"":""平靜"",""entities"":[""e15""],""actions"":[],""focus"":[""鳥""]},{""id"":""p072_s15"",""setting"":""未明示"",""time"":""未明示"",""mood"":""平靜"",""entities"":[""e12""],""actions"":[],""focus"":[""雲""]}]}",依各 Scene 視覺計畫,"p072_s01｜場景：未明示｜畫面核心：馬｜情緒：平靜｜出現：馬
p072_s02｜場景：山中｜畫面核心：｜情緒：平靜｜出現：山中
p072_s03｜場景：未明示｜畫面核心：馬｜情緒：平靜｜出現：馬
p072_s04｜場景：未明示｜畫面核心：｜情緒：平靜
p072_s05｜場景：未明示｜畫面核心：將軍｜情緒：平靜｜出現：將軍
p072_s06｜場景：未明示｜畫面核心：月亮｜情緒：平靜｜出現：月亮
p072_s07｜場景：未明示｜畫面核心：｜情緒：平靜
p072_s08｜場景：古道｜畫面核心：柳樹｜情緒：平靜｜出現：柳樹、古道
p072_s09｜場景：房間｜畫面核心：樹木、窗戶｜情緒：平靜｜出現：樹木、房間、窗戶
p072_s10｜場景：溪流｜畫面核心：酒、看望、飲酒｜動作：看望、飲酒｜情緒：平靜｜出現：溪流、酒
p072_s11｜場景：未明示｜時間：夜晚｜畫面核心：雲、前行｜動作：前行｜情緒：平靜｜出現：雲
p072_s12｜場景：河岸｜畫面核心：將軍｜情緒：平靜｜出現：將軍、河岸、古道
p072_s13｜場景：未明示｜時間：夜晚｜畫面核心：雪、前行｜動作：前行｜情緒：平靜｜出現：雪
p072_s14｜場景：未明示｜畫面核心：鳥｜情緒：平靜｜出現：鳥
p072_s15｜場景：未明示｜畫面核心：雲｜情緒：平靜｜出現：雲","動物｜馬
場景｜山中
人物｜將軍
物件｜月亮
植物｜柳樹
場景｜古道
植物｜樹木
場景｜房間
物件｜窗戶
場景｜溪流
物件｜酒
物件｜雲
場景｜河岸
物件｜雪
動物｜鳥",重複元素：馬、將軍、古道、雲
73,王維,七言樂府,桃源行,"漁舟逐水愛山春，兩岸桃花夾去津。
坐看紅樹不知遠，行盡青溪不見人。
山口潛行始隈隩，山開曠望旋平陸。
遙看一處攢雲樹，近入千家散花竹。
樵客初傳漢姓名，居人未改秦衣服。
居人共住武陵源，還從物外起田園。
月明松下房櫳靜，日出雲中雞犬喧。
驚聞俗客爭來集，競引還家問都邑。
平明閭巷埽花開，薄暮漁樵乘水入。
初因避地去人間，及至成仙遂不還。
峽裏誰知有人事，世中遙望空雲山。
不疑靈境難聞見，塵心未盡思鄉縣。
出洞無論隔山水，辭家終擬長游衍。
自謂經過舊不迷，安知峰壑今來變。
當時只記入山深，青溪幾曲到雲林。
春來遍是桃花水，不辨仙源何處尋。","漁船順水前行，喜愛春天山景，兩岸桃花一路夾著渡口。
看著紅花忘了走多遠，沿青溪走到盡頭也見不到人。
悄悄進入狹窄山口後，山勢忽然打開，眼前出現平坦土地。
遠看有樹木聚在雲下，走近才看見許多人家散在花竹之間。
樵夫第一次聽到外面還有漢朝後的朝代，村人衣著卻像還停在秦代。
大家共同住在武陵源裡，和外界隔開，在這裡開田生活。
月光下松樹旁房屋安靜，太陽升起時雲中傳來雞犬聲。
村人驚訝有外客來，全都聚來，把他帶回家問外面的世界。
清晨巷子掃得乾淨花朵盛開，傍晚漁人樵夫又沿水回村。
祖先當初為躲戰亂離開人世，到了這裡就再也沒有回去。
山峽裡的人不知道外面發生什麼，外面的人也只望見雲山。
漁人知道這仙境很難再見，可心裡仍沒有完全放下故鄉。
出了洞口後不管隔多少山水，他本來還想有機會再回來遊玩。
他以為走過的路不會忘，沒想到再來時山峰溪谷都像變了。
當時只記得進山很深，青溪彎了好幾道才進到雲林。
等到春天滿溪都是桃花水，卻再也分不清仙境入口在哪裡。",3,9,visual_plan_v1,draft,"{""v"":""visual_plan_v1"",""entities"":[{""id"":""e01"",""type"":""plant"",""label"":""花樹""},{""id"":""e02"",""type"":""location"",""label"":""船上""},{""id"":""e03"",""type"":""location"",""label"":""古道""},{""id"":""e04"",""type"":""object"",""label"":""小船""},{""id"":""e05"",""type"":""plant"",""label"":""樹木""},{""id"":""e06"",""type"":""location"",""label"":""溪流""},{""id"":""e07"",""type"":""plant"",""label"":""竹子""},{""id"":""e08"",""type"":""object"",""label"":""雲""},{""id"":""e09"",""type"":""location"",""label"":""村莊""},{""id"":""e10"",""type"":""location"",""label"":""田野""},{""id"":""e11"",""type"":""animal"",""label"":""犬""},{""id"":""e12"",""type"":""plant"",""label"":""松樹""},{""id"":""e13"",""type"":""location"",""label"":""房間""},{""id"":""e14"",""type"":""object"",""label"":""月亮""},{""id"":""e15"",""type"":""character"",""label"":""旅人""},{""id"":""e16"",""type"":""location"",""label"":""山谷""}],""continuity"":{""recurring_entities"":[""e01"",""e03"",""e05"",""e06"",""e08"",""e09""]},""scenes"":[{""id"":""p073_s01"",""setting"":""船上"",""time"":""春天"",""mood"":""平靜"",""entities"":[""e01"",""e02"",""e03"",""e04""],""actions"":[""前行""],""focus"":[""花樹"",""小船"",""前行""]},{""id"":""p073_s02"",""setting"":""溪流"",""time"":""未明示"",""mood"":""平靜"",""entities"":[""e01"",""e05"",""e06""],""actions"":[""看望"",""前行""],""focus"":[""花樹"",""樹木"",""看望"",""前行""]},{""id"":""p073_s03"",""setting"":""未明示"",""time"":""未明示"",""mood"":""平靜"",""entities"":[],""actions"":[],""focus"":[]},{""id"":""p073_s04"",""setting"":""未明示"",""time"":""未明示"",""mood"":""平靜"",""entities"":[""e07"",""e01"",""e05"",""e08""],""actions"":[""看望"",""前行""],""focus"":[""竹子"",""花樹"",""樹木"",""雲"",""看望""]},{""id"":""p073_s05"",""setting"":""村莊"",""time"":""未明示"",""mood"":""平靜"",""entities"":[""e09""],""actions"":[""聆聽""],""focus"":[""聆聽""]},{""id"":""p073_s06"",""setting"":""田野"",""time"":""未明示"",""mood"":""平靜"",""entities"":[""e10""],""actions"":[],""focus"":[]},{""id"":""p073_s07"",""setting"":""房間"",""time"":""夜晚"",""mood"":""安靜"",""entities"":[""e11"",""e12"",""e05"",""e13"",""e14"",""e08""],""actions"":[],""focus"":[""犬"",""松樹"",""樹木"",""月亮"",""雲""]},{""id"":""p073_s08"",""setting"":""村莊"",""time"":""未明示"",""mood"":""平靜"",""entities"":[""e15"",""e09""],""actions"":[],""focus"":[""旅人""]},{""id"":""p073_s09"",""setting"":""村莊"",""time"":""黃昏"",""mood"":""平靜"",""entities"":[""e01"",""e09""],""actions"":[],""focus"":[""花樹""]},{""id"":""p073_s10"",""setting"":""未明示"",""time"":""未明示"",""mood"":""平靜"",""entities"":[],""actions"":[""前行""],""focus"":[""前行""]},{""id"":""p073_s11"",""setting"":""未明示"",""time"":""未明示"",""mood"":""平靜"",""entities"":[""e08""],""actions"":[""看望""],""focus"":[""雲"",""看望""]},{""id"":""p073_s12"",""setting"":""未明示"",""time"":""未明示"",""mood"":""平靜"",""entities"":[],""actions"":[],""focus"":[]},{""id"":""p073_s13"",""setting"":""未明示"",""time"":""未明示"",""mood"":""平靜"",""entities"":[],""actions"":[],""focus"":[]},{""id"":""p073_s14"",""setting"":""溪流"",""time"":""未明示"",""mood"":""平靜"",""entities"":[""e06"",""e03"",""e16""],""actions"":[""前行""],""focus"":[""前行""]},{""id"":""p073_s15"",""setting"":""溪流"",""time"":""未明示"",""mood"":""平靜"",""entities"":[""e06"",""e08""],""actions"":[],""focus"":[""雲""]},{""id"":""p073_s16"",""setting"":""溪流"",""time"":""春天"",""mood"":""平靜"",""entities"":[""e01"",""e06""],""actions"":[],""focus"":[""花樹""]}]}",依各 Scene 視覺計畫,"p073_s01｜場景：船上｜時間：春天｜畫面核心：花樹、小船、前行｜動作：前行｜情緒：平靜｜出現：花樹、船上、古道、小船
p073_s02｜場景：溪流｜畫面核心：花樹、樹木、看望、前行｜動作：看望、前行｜情緒：平靜｜出現：花樹、樹木、溪流
p073_s03｜場景：未明示｜畫面核心：｜情緒：平靜
p073_s04｜場景：未明示｜畫面核心：竹子、花樹、樹木、雲、看望｜動作：看望、前行｜情緒：平靜｜出現：竹子、花樹、樹木、雲
p073_s05｜場景：村莊｜畫面核心：聆聽｜動作：聆聽｜情緒：平靜｜出現：村莊
p073_s06｜場景：田野｜畫面核心：｜情緒：平靜｜出現：田野
p073_s07｜場景：房間｜時間：夜晚｜畫面核心：犬、松樹、樹木、月亮、雲｜情緒：安靜｜出現：犬、松樹、樹木、房間、月亮、雲
p073_s08｜場景：村莊｜畫面核心：旅人｜情緒：平靜｜出現：旅人、村莊
p073_s09｜場景：村莊｜時間：黃昏｜畫面核心：花樹｜情緒：平靜｜出現：花樹、村莊
p073_s10｜場景：未明示｜畫面核心：前行｜動作：前行｜情緒：平靜
p073_s11｜場景：未明示｜畫面核心：雲、看望｜動作：看望｜情緒：平靜｜出現：雲
p073_s12｜場景：未明示｜畫面核心：｜情緒：平靜
p073_s13｜場景：未明示｜畫面核心：｜情緒：平靜
p073_s14｜場景：溪流｜畫面核心：前行｜動作：前行｜情緒：平靜｜出現：溪流、古道、山谷
p073_s15｜場景：溪流｜畫面核心：雲｜情緒：平靜｜出現：溪流、雲
p073_s16｜場景：溪流｜時間：春天｜畫面核心：花樹｜情緒：平靜｜出現：花樹、溪流","植物｜花樹
場景｜船上
場景｜古道
物件｜小船
植物｜樹木
場景｜溪流
植物｜竹子
物件｜雲
場景｜村莊
場景｜田野
動物｜犬
植物｜松樹
場景｜房間
物件｜月亮
人物｜旅人
場景｜山谷",重複元素：花樹、古道、樹木、溪流、雲、村莊
74,李白,七言樂府,蜀道難,"噫吁嚱！危乎高哉！
蜀道之難，難於上青天！
蠶叢及魚鳧，開國何茫然！
爾來四萬八千歲，不與秦塞通人煙。
西當太白有鳥道，可以橫絶峨眉巔。
地崩山摧壯士死，然後天梯石棧相鉤連。
上有六龍回日之高標，
下有衝波逆折之回川。
黃鶴之飛尚不得過，猿猱欲度愁攀援。
青泥何盤盤！百步九折縈巖巒。
捫參歷井仰脅息，以手撫膺坐長歎。
問君西遊何時還？畏途巉巖不可攀。
但見悲鳥號古木，雄飛雌從繞林間。
又聞子規啼夜月，愁空山。
蜀道之難，難於上青天，
使人聽此凋朱顏！
連峯去天不盈尺，枯松倒挂倚絶壁。
飛湍瀑流爭喧豗，砯崖轉石萬壑雷。
其險也若此，嗟爾遠道之人胡爲乎來哉？
劍閣崢嶸而崔嵬，一夫當關，萬夫莫開。
所守或匪親，化爲狼與豺。
朝避猛虎，夕避長蛇。
磨牙吮血，殺人如麻。
錦城雖云樂，不如早還家。
蜀道之難，難於上青天，
側身西望長咨嗟！","唉呀！這山路實在太高、太危險了！
通往蜀地的道路，比登上青天還困難！
從蠶叢、魚鳧那些古代蜀王開始，蜀國歷史已久遠得難以說清。
好幾萬年來，蜀地和秦地之間都很少有人能往來。
西邊太白山只有鳥飛的小路，似乎能越過峨眉山頂。
後來山崩地裂，才逐漸有了像天梯般的山路和架在崖邊的棧道。
上面山峰高到像能擋住太陽神的車子，
下面則有急流撞山後轉彎奔騰。
連高飛的黃鶴都難過，猿猴想通過也要為攀爬發愁。
青泥嶺彎彎曲曲，走一百步就要繞九個彎。
人像伸手就能摸到星星，只能屏住呼吸、摸著胸口坐下嘆氣。
朋友啊，你向西走到底什麼時候回來？前面山路太險，幾乎爬不上去。
只見悲鳥在古樹間鳴叫，公鳥母鳥成對繞著森林飛。
又聽見杜鵑在月夜啼叫，聲音讓空山更顯憂愁。
蜀道真的太難走了，比登天還難，
光聽人說這些危險，就足以讓臉色都變了。
一座座山峰離天空近得像不到一尺，枯松倒掛在懸崖絕壁。
急流瀑布互相怒吼，水擊山崖、石頭滾落，像萬座山谷一起打雷。
既然這裡這麼危險，遠方來的人啊，你為什麼還要到這裡？
劍閣高大險峻，一個人守住關口，就能擋住一萬人。
如果守關的人不是可信的人，危險時甚至可能變成豺狼般的敵人。
早上要躲猛虎，晚上又要防長蛇。
那些危險勢力像猛獸磨牙吸血，殺人多得可怕。
成都雖然是快樂繁華的地方，還是早點回家比較安全。
蜀道真的太難走了，比登上青天還困難，
我只能側身向西遠望，一再長長嘆氣。",5,9,visual_plan_v1,draft,"{""v"":""visual_plan_v1"",""entities"":[{""id"":""e01"",""type"":""location"",""label"":""山中""},{""id"":""e02"",""type"":""location"",""label"":""古道""},{""id"":""e03"",""type"":""animal"",""label"":""魚""},{""id"":""e04"",""type"":""location"",""label"":""關塞""},{""id"":""e05"",""type"":""animal"",""label"":""鳥""},{""id"":""e06"",""type"":""object"",""label"":""石陣""},{""id"":""e07"",""type"":""location"",""label"":""溪流""},{""id"":""e08"",""type"":""animal"",""label"":""猿""},{""id"":""e09"",""type"":""animal"",""label"":""鶴""},{""id"":""e10"",""type"":""character"",""label"":""朋友""},{""id"":""e11"",""type"":""plant"",""label"":""樹木""},{""id"":""e12"",""type"":""object"",""label"":""月亮""},{""id"":""e13"",""type"":""plant"",""label"":""松樹""},{""id"":""e14"",""type"":""location"",""label"":""山谷""},{""id"":""e15"",""type"":""location"",""label"":""城中""},{""id"":""e16"",""type"":""character"",""label"":""詩人""}],""continuity"":{""recurring_entities"":[""e01"",""e02"",""e04"",""e05"",""e06""]},""scenes"":[{""id"":""p074_s01"",""setting"":""山中"",""time"":""未明示"",""mood"":""平靜"",""entities"":[""e01"",""e02""],""actions"":[],""focus"":[]},{""id"":""p074_s02"",""setting"":""古道"",""time"":""未明示"",""mood"":""平靜"",""entities"":[""e02""],""actions"":[""前行""],""focus"":[""前行""]},{""id"":""p074_s03"",""setting"":""未明示"",""time"":""未明示"",""mood"":""平靜"",""entities"":[""e03""],""actions"":[],""focus"":[""魚""]},{""id"":""p074_s04"",""setting"":""關塞"",""time"":""未明示"",""mood"":""平靜"",""entities"":[""e04""],""actions"":[],""focus"":[]},{""id"":""p074_s05"",""setting"":""古道"",""time"":""未明示"",""mood"":""平靜"",""entities"":[""e05"",""e02""],""actions"":[],""focus"":[""鳥""]},{""id"":""p074_s06"",""setting"":""山中"",""time"":""未明示"",""mood"":""平靜"",""entities"":[""e01"",""e02"",""e06""],""actions"":[],""focus"":[""石陣""]},{""id"":""p074_s07"",""setting"":""未明示"",""time"":""未明示"",""mood"":""平靜"",""entities"":[],""actions"":[],""focus"":[]},{""id"":""p074_s08"",""setting"":""溪流"",""time"":""未明示"",""mood"":""平靜"",""entities"":[""e07""],""actions"":[],""focus"":[]},{""id"":""p074_s09"",""setting"":""未明示"",""time"":""未明示"",""mood"":""感傷"",""entities"":[""e08"",""e09""],""actions"":[],""focus"":[""猿"",""鶴""]},{""id"":""p074_s10"",""setting"":""未明示"",""time"":""未明示"",""mood"":""平靜"",""entities"":[],""actions"":[""前行""],""focus"":[""前行""]},{""id"":""p074_s11"",""setting"":""未明示"",""time"":""夜晚"",""mood"":""平靜"",""entities"":[],""actions"":[],""focus"":[]},{""id"":""p074_s12"",""setting"":""山中"",""time"":""未明示"",""mood"":""平靜"",""entities"":[""e10"",""e01"",""e02""],""actions"":[""前行"",""等待""],""focus"":[""朋友"",""前行"",""等待""]},{""id"":""p074_s13"",""setting"":""未明示"",""time"":""未明示"",""mood"":""平靜"",""entities"":[""e05"",""e11""],""actions"":[],""focus"":[""鳥"",""樹木""]},{""id"":""p074_s14"",""setting"":""未明示"",""time"":""夜晚"",""mood"":""平靜"",""entities"":[""e12""],""actions"":[""聆聽""],""focus"":[""月亮"",""聆聽""]},{""id"":""p074_s15"",""setting"":""未明示"",""time"":""未明示"",""mood"":""平靜"",""entities"":[],""actions"":[""前行""],""focus"":[""前行""]},{""id"":""p074_s16"",""setting"":""未明示"",""time"":""未明示"",""mood"":""平靜"",""entities"":[],""actions"":[""聆聽""],""focus"":[""聆聽""]},{""id"":""p074_s17"",""setting"":""未明示"",""time"":""未明示"",""mood"":""平靜"",""entities"":[""e13""],""actions"":[],""focus"":[""松樹""]},{""id"":""p074_s18"",""setting"":""山谷"",""time"":""未明示"",""mood"":""平靜"",""entities"":[""e14"",""e06""],""actions"":[],""focus"":[""石陣""]},{""id"":""p074_s19"",""setting"":""未明示"",""time"":""未明示"",""mood"":""平靜"",""entities"":[],""actions"":[],""focus"":[]},{""id"":""p074_s20"",""setting"":""關塞"",""time"":""未明示"",""mood"":""平靜"",""entities"":[""e04""],""actions"":[],""focus"":[]},{""id"":""p074_s21"",""setting"":""關塞"",""time"":""未明示"",""mood"":""平靜"",""entities"":[""e04""],""actions"":[],""focus"":[]},{""id"":""p074_s22"",""setting"":""未明示"",""time"":""未明示"",""mood"":""平靜"",""entities"":[],""actions"":[],""focus"":[]},{""id"":""p074_s23"",""setting"":""未明示"",""time"":""未明示"",""mood"":""平靜"",""entities"":[],""actions"":[],""focus"":[]},{""id"":""p074_s24"",""setting"":""城中"",""time"":""未明示"",""mood"":""平靜"",""entities"":[""e15""],""actions"":[],""focus"":[]},{""id"":""p074_s25"",""setting"":""未明示"",""time"":""未明示"",""mood"":""平靜"",""entities"":[],""actions"":[""前行""],""focus"":[""前行""]},{""id"":""p074_s26"",""setting"":""未明示"",""time"":""未明示"",""mood"":""平靜"",""entities"":[""e16""],""actions"":[""看望""],""focus"":[""詩人"",""看望""]}]}",依各 Scene 視覺計畫,"p074_s01｜場景：山中｜畫面核心：｜情緒：平靜｜出現：山中、古道
p074_s02｜場景：古道｜畫面核心：前行｜動作：前行｜情緒：平靜｜出現：古道
p074_s03｜場景：未明示｜畫面核心：魚｜情緒：平靜｜出現：魚
p074_s04｜場景：關塞｜畫面核心：｜情緒：平靜｜出現：關塞
p074_s05｜場景：古道｜畫面核心：鳥｜情緒：平靜｜出現：鳥、古道
p074_s06｜場景：山中｜畫面核心：石陣｜情緒：平靜｜出現：山中、古道、石陣
p074_s07｜場景：未明示｜畫面核心：｜情緒：平靜
p074_s08｜場景：溪流｜畫面核心：｜情緒：平靜｜出現：溪流
p074_s09｜場景：未明示｜畫面核心：猿、鶴｜情緒：感傷｜出現：猿、鶴
p074_s10｜場景：未明示｜畫面核心：前行｜動作：前行｜情緒：平靜
p074_s11｜場景：未明示｜時間：夜晚｜畫面核心：｜情緒：平靜
p074_s12｜場景：山中｜畫面核心：朋友、前行、等待｜動作：前行、等待｜情緒：平靜｜出現：朋友、山中、古道
p074_s13｜場景：未明示｜畫面核心：鳥、樹木｜情緒：平靜｜出現：鳥、樹木
p074_s14｜場景：未明示｜時間：夜晚｜畫面核心：月亮、聆聽｜動作：聆聽｜情緒：平靜｜出現：月亮
p074_s15｜場景：未明示｜畫面核心：前行｜動作：前行｜情緒：平靜
p074_s16｜場景：未明示｜畫面核心：聆聽｜動作：聆聽｜情緒：平靜
p074_s17｜場景：未明示｜畫面核心：松樹｜情緒：平靜｜出現：松樹
p074_s18｜場景：山谷｜畫面核心：石陣｜情緒：平靜｜出現：山谷、石陣
p074_s19｜場景：未明示｜畫面核心：｜情緒：平靜
p074_s20｜場景：關塞｜畫面核心：｜情緒：平靜｜出現：關塞
p074_s21｜場景：關塞｜畫面核心：｜情緒：平靜｜出現：關塞
p074_s22｜場景：未明示｜畫面核心：｜情緒：平靜
p074_s23｜場景：未明示｜畫面核心：｜情緒：平靜
p074_s24｜場景：城中｜畫面核心：｜情緒：平靜｜出現：城中
p074_s25｜場景：未明示｜畫面核心：前行｜動作：前行｜情緒：平靜
p074_s26｜場景：未明示｜畫面核心：詩人、看望｜動作：看望｜情緒：平靜｜出現：詩人","場景｜山中
場景｜古道
動物｜魚
場景｜關塞
動物｜鳥
物件｜石陣
場景｜溪流
動物｜猿
動物｜鶴
人物｜朋友
植物｜樹木
物件｜月亮
植物｜松樹
場景｜山谷
場景｜城中
人物｜詩人",重複元素：山中、古道、關塞、鳥、石陣
75,李白,七言樂府,長相思二首之一,"長相思，在長安，絡緯秋啼金井闌，微霜淒淒簟色寒。
孤燈不明思欲絕，卷帷望月空長歎，美人如花隔雲端。
上有青冥之長天，下有淥水之波瀾。
天長路遠魂飛苦，夢魂不到關山難。
長相思，摧心肝！","我一直深深思念遠在長安的人；秋蟲在井欄旁鳴叫，微霜讓竹席也變得寒冷。
孤燈昏暗，我想念得快受不了，只能捲起簾子望月長嘆；想念的人像花一樣美，卻遠隔雲端。
上面是無邊青天，下面是綠水波浪。
天空長、道路遠，連夢魂想飛去都很辛苦，關山重重讓夢也到不了。
這麼長久的思念，真讓人心都痛了。",3,9,visual_plan_v1,draft,"{""v"":""visual_plan_v1"",""entities"":[{""id"":""e01"",""type"":""character"",""label"":""詩人""},{""id"":""e02"",""type"":""plant"",""label"":""竹子""},{""id"":""e03"",""type"":""object"",""label"":""霜""},{""id"":""e04"",""type"":""plant"",""label"":""花樹""},{""id"":""e05"",""type"":""location"",""label"":""房間""},{""id"":""e06"",""type"":""object"",""label"":""月亮""},{""id"":""e07"",""type"":""object"",""label"":""雲""},{""id"":""e08"",""type"":""object"",""label"":""燈火""},{""id"":""e09"",""type"":""location"",""label"":""古道""},{""id"":""e10"",""type"":""location"",""label"":""關塞""}],""continuity"":{""recurring_entities"":[""e01""]},""scenes"":[{""id"":""p075_s01"",""setting"":""未明示"",""time"":""秋天"",""mood"":""思念"",""entities"":[""e01"",""e02"",""e03""],""actions"":[],""focus"":[""詩人"",""竹子"",""霜""]},{""id"":""p075_s02"",""setting"":""房間"",""time"":""未明示"",""mood"":""思念"",""entities"":[""e01"",""e04"",""e05"",""e06"",""e07"",""e08""],""actions"":[""看望"",""思念""],""focus"":[""詩人"",""花樹"",""月亮"",""雲"",""燈火""]},{""id"":""p075_s03"",""setting"":""未明示"",""time"":""未明示"",""mood"":""平靜"",""entities"":[],""actions"":[],""focus"":[]},{""id"":""p075_s04"",""setting"":""古道"",""time"":""未明示"",""mood"":""平靜"",""entities"":[""e09"",""e10""],""actions"":[""前行""],""focus"":[""前行""]},{""id"":""p075_s05"",""setting"":""未明示"",""time"":""未明示"",""mood"":""思念"",""entities"":[],""actions"":[],""focus"":[]}]}",依各 Scene 視覺計畫,"p075_s01｜場景：未明示｜時間：秋天｜畫面核心：詩人、竹子、霜｜情緒：思念｜出現：詩人、竹子、霜
p075_s02｜場景：房間｜畫面核心：詩人、花樹、月亮、雲、燈火｜動作：看望、思念｜情緒：思念｜出現：詩人、花樹、房間、月亮、雲、燈火
p075_s03｜場景：未明示｜畫面核心：｜情緒：平靜
p075_s04｜場景：古道｜畫面核心：前行｜動作：前行｜情緒：平靜｜出現：古道、關塞
p075_s05｜場景：未明示｜畫面核心：｜情緒：思念","人物｜詩人
植物｜竹子
物件｜霜
植物｜花樹
場景｜房間
物件｜月亮
物件｜雲
物件｜燈火
場景｜古道
場景｜關塞",重複元素：詩人
76,李白,七言樂府,長相思二首之二,"日色欲盡花含煙，月明如素愁不眠。
趙瑟初停鳳凰柱，蜀琴欲奏鴛鴦弦。
此曲有意無人傳，願隨春風寄燕然，憶君迢迢隔青天。
昔日橫波目，今成流淚泉。
不信妾腸斷，歸來看取明鏡前。","夕陽快落下，花間像罩著煙霧；月光潔白，我卻憂愁得睡不著。
剛停下趙地的瑟，又想拿蜀琴彈奏象徵成雙的琴弦。
這首曲子裡的心意沒有人替我傳，我希望它隨春風吹到遠方，因為你離我像隔著整片青天。
以前我的眼睛明亮動人，如今卻整天變成流淚的泉水。
如果你不相信我有多麼想你，回來看看鏡子前憔悴的我就知道了。",3,9,visual_plan_v1,draft,"{""v"":""visual_plan_v1"",""entities"":[{""id"":""e01"",""type"":""character"",""label"":""詩人""},{""id"":""e02"",""type"":""plant"",""label"":""花樹""},{""id"":""e03"",""type"":""object"",""label"":""月亮""},{""id"":""e04"",""type"":""object"",""label"":""太陽""},{""id"":""e05"",""type"":""object"",""label"":""古琴""},{""id"":""e06"",""type"":""animal"",""label"":""鳥""},{""id"":""e07"",""type"":""object"",""label"":""風""}],""continuity"":{""recurring_entities"":[""e01""]},""scenes"":[{""id"":""p076_s01"",""setting"":""未明示"",""time"":""黃昏"",""mood"":""平靜"",""entities"":[""e01"",""e02"",""e03"",""e04""],""actions"":[""休息""],""focus"":[""詩人"",""花樹"",""月亮"",""太陽"",""休息""]},{""id"":""p076_s02"",""setting"":""未明示"",""time"":""未明示"",""mood"":""平靜"",""entities"":[""e05""],""actions"":[""彈奏""],""focus"":[""古琴"",""彈奏""]},{""id"":""p076_s03"",""setting"":""未明示"",""time"":""春天"",""mood"":""平靜"",""entities"":[""e01"",""e06"",""e07""],""actions"":[""看望""],""focus"":[""詩人"",""鳥"",""風"",""看望""]},{""id"":""p076_s04"",""setting"":""未明示"",""time"":""未明示"",""mood"":""感傷"",""entities"":[""e01""],""actions"":[""哭泣""],""focus"":[""詩人"",""哭泣""]},{""id"":""p076_s05"",""setting"":""未明示"",""time"":""未明示"",""mood"":""平靜"",""entities"":[""e01""],""actions"":[""看望""],""focus"":[""詩人"",""看望""]}]}",依各 Scene 視覺計畫,"p076_s01｜場景：未明示｜時間：黃昏｜畫面核心：詩人、花樹、月亮、太陽、休息｜動作：休息｜情緒：平靜｜出現：詩人、花樹、月亮、太陽
p076_s02｜場景：未明示｜畫面核心：古琴、彈奏｜動作：彈奏｜情緒：平靜｜出現：古琴
p076_s03｜場景：未明示｜時間：春天｜畫面核心：詩人、鳥、風、看望｜動作：看望｜情緒：平靜｜出現：詩人、鳥、風
p076_s04｜場景：未明示｜畫面核心：詩人、哭泣｜動作：哭泣｜情緒：感傷｜出現：詩人
p076_s05｜場景：未明示｜畫面核心：詩人、看望｜動作：看望｜情緒：平靜｜出現：詩人","人物｜詩人
植物｜花樹
物件｜月亮
物件｜太陽
物件｜古琴
動物｜鳥
物件｜風",重複元素：詩人
77,李白,七言樂府,行路難,"金樽清酒斗十千，玉盤珍羞直萬錢。
停杯投筯不能食，拔劍四顧心茫然。
欲渡黃河冰塞川，將登太行雪满山。
閒來垂釣碧溪上，忽復乘舟夢日邊。
行路難！行路難！多岐路，今安在？
長風破浪會有時，直挂雲帆濟滄海。","金杯裡盛著昂貴好酒，玉盤中放著珍貴佳餚。
可是我放下酒杯和筷子吃不下，拔劍四望，心裡一片迷茫。
想渡黃河卻被冰塞住，想登太行山又被大雪封住。
我想起姜太公曾在溪邊垂釣、伊尹也曾夢見乘船到日邊，人才總有被重用的一天。
人生道路真難啊！岔路這麼多，我現在到底該往哪裡走？
但總有一天我會乘長風破萬里浪，掛起高帆渡過大海。",5,8,visual_plan_v1,draft,"{""v"":""visual_plan_v1"",""entities"":[{""id"":""e01"",""type"":""object"",""label"":""酒""},{""id"":""e02"",""type"":""character"",""label"":""詩人""},{""id"":""e03"",""type"":""location"",""label"":""溪流""},{""id"":""e04"",""type"":""location"",""label"":""河岸""},{""id"":""e05"",""type"":""location"",""label"":""關塞""},{""id"":""e06"",""type"":""object"",""label"":""雪""},{""id"":""e07"",""type"":""location"",""label"":""船上""},{""id"":""e08"",""type"":""object"",""label"":""小船""},{""id"":""e09"",""type"":""location"",""label"":""古道""},{""id"":""e10"",""type"":""location"",""label"":""海邊""},{""id"":""e11"",""type"":""object"",""label"":""雲""},{""id"":""e12"",""type"":""object"",""label"":""風""}],""continuity"":{""recurring_entities"":[""e01"",""e02"",""e03""]},""scenes"":[{""id"":""p077_s01"",""setting"":""未明示"",""time"":""未明示"",""mood"":""平靜"",""entities"":[""e01""],""actions"":[""飲酒""],""focus"":[""酒"",""飲酒""]},{""id"":""p077_s02"",""setting"":""未明示"",""time"":""未明示"",""mood"":""平靜"",""entities"":[""e02"",""e01""],""actions"":[""看望"",""飲酒""],""focus"":[""詩人"",""酒"",""看望"",""飲酒""]},{""id"":""p077_s03"",""setting"":""溪流"",""time"":""冬天"",""mood"":""平靜"",""entities"":[""e03"",""e04"",""e05"",""e06""],""actions"":[""前行""],""focus"":[""雪"",""前行""]},{""id"":""p077_s04"",""setting"":""溪流"",""time"":""未明示"",""mood"":""平靜"",""entities"":[""e02"",""e03"",""e07"",""e08""],""actions"":[],""focus"":[""詩人"",""小船""]},{""id"":""p077_s05"",""setting"":""古道"",""time"":""未明示"",""mood"":""平靜"",""entities"":[""e02"",""e09""],""actions"":[""前行""],""focus"":[""詩人"",""前行""]},{""id"":""p077_s06"",""setting"":""海邊"",""time"":""未明示"",""mood"":""平靜"",""entities"":[""e02"",""e10"",""e11"",""e12""],""actions"":[],""focus"":[""詩人"",""雲"",""風""]}]}",依各 Scene 視覺計畫,"p077_s01｜場景：未明示｜畫面核心：酒、飲酒｜動作：飲酒｜情緒：平靜｜出現：酒
p077_s02｜場景：未明示｜畫面核心：詩人、酒、看望、飲酒｜動作：看望、飲酒｜情緒：平靜｜出現：詩人、酒
p077_s03｜場景：溪流｜時間：冬天｜畫面核心：雪、前行｜動作：前行｜情緒：平靜｜出現：溪流、河岸、關塞、雪
p077_s04｜場景：溪流｜畫面核心：詩人、小船｜情緒：平靜｜出現：詩人、溪流、船上、小船
p077_s05｜場景：古道｜畫面核心：詩人、前行｜動作：前行｜情緒：平靜｜出現：詩人、古道
p077_s06｜場景：海邊｜畫面核心：詩人、雲、風｜情緒：平靜｜出現：詩人、海邊、雲、風","物件｜酒
人物｜詩人
場景｜溪流
場景｜河岸
場景｜關塞
物件｜雪
場景｜船上
物件｜小船
場景｜古道
場景｜海邊
物件｜雲
物件｜風",重複元素：酒、詩人、溪流
78,李白,七言樂府,將進酒,"君不見，黃河之水天上來，奔流到海不復回！
君不見，高堂明鏡悲白髮，朝如青絲暮成雪！
人生得意須盡歡，莫使金樽空對月。
天生我材必有用，千金散盡還復來。
烹羊宰牛且爲樂，會須一飲三百杯。
岑夫子，丹丘生。將進酒，君莫停。
與君歌一曲，請君爲我傾耳聽。
鐘鼓饌玉不足貴，但願長醉不復醒。
古來聖賢皆寂寞，惟有飲者留其名。
陳王昔時宴平樂，斗酒十千恣歡謔。
主人何為言少錢？徑須沽取對君酌。
五花馬，千金裘。
呼兒將出換美酒，與爾同銷萬古愁。","你沒看見黃河水像從天上奔來，一路流進大海，再也不回頭嗎？
你沒看見人照鏡子為白髮難過，早上還像黑絲，轉眼就像白雪嗎？
人生得意時就該好好珍惜快樂，不要讓酒杯空空對著明月。
老天既然讓我有才能，就一定有用處；錢花完了，以後還能再得到。
今天煮羊宰牛一起歡樂，真想痛快喝上好多杯。
岑夫子、丹丘生，來吧，繼續喝酒，不要停下來。
我要為你們唱一首歌，請仔細聽我說。
鐘鼓、美食和富貴不算最珍貴，我只想暫時忘掉煩惱，不願醒來。
古來許多聰明賢人都感到寂寞，反而那些豪飲的人留下不少傳說。
從前陳王在平樂觀宴飲，一斗酒再貴也照樣痛快歡笑。
主人為什麼說錢不夠？只管去買酒，大家繼續一起喝。
就算是漂亮名馬和昂貴皮衣，
也叫孩子拿去換成美酒，讓我們一起消去像從古到今都存在的愁。",5,9,visual_plan_v1,draft,"{""v"":""visual_plan_v1"",""entities"":[{""id"":""e01"",""type"":""location"",""label"":""河岸""},{""id"":""e02"",""type"":""location"",""label"":""海邊""},{""id"":""e03"",""type"":""location"",""label"":""古道""},{""id"":""e04"",""type"":""object"",""label"":""雪""},{""id"":""e05"",""type"":""object"",""label"":""月亮""},{""id"":""e06"",""type"":""object"",""label"":""酒""},{""id"":""e07"",""type"":""character"",""label"":""詩人""},{""id"":""e08"",""type"":""plant"",""label"":""花樹""},{""id"":""e09"",""type"":""animal"",""label"":""牛""},{""id"":""e10"",""type"":""object"",""label"":""鐘""},{""id"":""e11"",""type"":""animal"",""label"":""馬""},{""id"":""e12"",""type"":""character"",""label"":""童子""}],""continuity"":{""recurring_entities"":[""e06"",""e07"",""e08""]},""scenes"":[{""id"":""p078_s01"",""setting"":""河岸"",""time"":""未明示"",""mood"":""平靜"",""entities"":[""e01"",""e02"",""e03""],""actions"":[""看望""],""focus"":[""看望""]},{""id"":""p078_s02"",""setting"":""未明示"",""time"":""黃昏"",""mood"":""感傷"",""entities"":[""e04""],""actions"":[""看望""],""focus"":[""雪"",""看望""]},{""id"":""p078_s03"",""setting"":""未明示"",""time"":""夜晚"",""mood"":""平靜"",""entities"":[""e05"",""e06""],""actions"":[""飲酒""],""focus"":[""月亮"",""酒"",""飲酒""]},{""id"":""p078_s04"",""setting"":""未明示"",""time"":""未明示"",""mood"":""平靜"",""entities"":[""e07"",""e08""],""actions"":[],""focus"":[""詩人"",""花樹""]},{""id"":""p078_s05"",""setting"":""未明示"",""time"":""未明示"",""mood"":""平靜"",""entities"":[""e09""],""actions"":[""烹煮""],""focus"":[""牛"",""烹煮""]},{""id"":""p078_s06"",""setting"":""未明示"",""time"":""未明示"",""mood"":""平靜"",""entities"":[""e06""],""actions"":[""飲酒""],""focus"":[""酒"",""飲酒""]},{""id"":""p078_s07"",""setting"":""未明示"",""time"":""未明示"",""mood"":""平靜"",""entities"":[""e07""],""actions"":[""聆聽""],""focus"":[""詩人"",""聆聽""]},{""id"":""p078_s08"",""setting"":""未明示"",""time"":""未明示"",""mood"":""平靜"",""entities"":[""e07"",""e10""],""actions"":[],""focus"":[""詩人"",""鐘""]},{""id"":""p078_s09"",""setting"":""未明示"",""time"":""未明示"",""mood"":""孤寂"",""entities"":[],""actions"":[],""focus"":[]},{""id"":""p078_s10"",""setting"":""未明示"",""time"":""未明示"",""mood"":""平靜"",""entities"":[""e06""],""actions"":[""飲酒""],""focus"":[""酒"",""飲酒""]},{""id"":""p078_s11"",""setting"":""未明示"",""time"":""未明示"",""mood"":""平靜"",""entities"":[""e06""],""actions"":[""前行"",""飲酒""],""focus"":[""酒"",""前行"",""飲酒""]},{""id"":""p078_s12"",""setting"":""未明示"",""time"":""未明示"",""mood"":""平靜"",""entities"":[""e11"",""e08""],""actions"":[],""focus"":[""馬"",""花樹""]},{""id"":""p078_s13"",""setting"":""未明示"",""time"":""未明示"",""mood"":""平靜"",""entities"":[""e07"",""e12"",""e06""],""actions"":[""前行"",""飲酒""],""focus"":[""詩人"",""童子"",""酒"",""前行"",""飲酒""]}]}",依各 Scene 視覺計畫,"p078_s01｜場景：河岸｜畫面核心：看望｜動作：看望｜情緒：平靜｜出現：河岸、海邊、古道
p078_s02｜場景：未明示｜時間：黃昏｜畫面核心：雪、看望｜動作：看望｜情緒：感傷｜出現：雪
p078_s03｜場景：未明示｜時間：夜晚｜畫面核心：月亮、酒、飲酒｜動作：飲酒｜情緒：平靜｜出現：月亮、酒
p078_s04｜場景：未明示｜畫面核心：詩人、花樹｜情緒：平靜｜出現：詩人、花樹
p078_s05｜場景：未明示｜畫面核心：牛、烹煮｜動作：烹煮｜情緒：平靜｜出現：牛
p078_s06｜場景：未明示｜畫面核心：酒、飲酒｜動作：飲酒｜情緒：平靜｜出現：酒
p078_s07｜場景：未明示｜畫面核心：詩人、聆聽｜動作：聆聽｜情緒：平靜｜出現：詩人
p078_s08｜場景：未明示｜畫面核心：詩人、鐘｜情緒：平靜｜出現：詩人、鐘
p078_s09｜場景：未明示｜畫面核心：｜情緒：孤寂
p078_s10｜場景：未明示｜畫面核心：酒、飲酒｜動作：飲酒｜情緒：平靜｜出現：酒
p078_s11｜場景：未明示｜畫面核心：酒、前行、飲酒｜動作：前行、飲酒｜情緒：平靜｜出現：酒
p078_s12｜場景：未明示｜畫面核心：馬、花樹｜情緒：平靜｜出現：馬、花樹
p078_s13｜場景：未明示｜畫面核心：詩人、童子、酒、前行、飲酒｜動作：前行、飲酒｜情緒：平靜｜出現：詩人、童子、酒","場景｜河岸
場景｜海邊
場景｜古道
物件｜雪
物件｜月亮
物件｜酒
人物｜詩人
植物｜花樹
動物｜牛
物件｜鐘
動物｜馬
人物｜童子",重複元素：酒、詩人、花樹
79,杜甫,七言樂府,兵車行,"車轔轔，馬蕭蕭，行人弓箭各在腰，
爺娘妻子走相送，塵埃不見咸陽橋。
牽衣頓足攔道哭，哭聲直上干雲霄。
道旁過者問行人，行人但云點行頻。
或從十五北防河，便至四十西營田。
去時里正與裹頭，歸來頭白還戍邊。
邊庭流血成海水，武皇開邊意未已。
君不聞漢家山東二百州，千村萬落生荊杞。
縱有健婦把鋤犁，禾生隴畝無東西。
況復秦兵耐苦戰，被驅不異犬與雞。
長者雖有問，役夫敢伸恨？
且如今年冬，未休關西卒。
縣官急索租，租稅從何出？
信知生男惡，反是生女好；
生女猶得嫁比鄰，生男埋沒隨百草。
君不見青海頭，古來白骨無人收，
新鬼煩冤舊鬼哭，天陰雨濕聲啾啾！","戰車隆隆、馬匹嘶叫，出征的人腰間都帶著弓箭。
父母、妻子和孩子一路跑來送行，揚起的灰塵甚至遮住咸陽橋。
家人拉著衣服、跺腳攔路哭喊，哭聲像直衝天空。
路旁有人問士兵怎麼回事，士兵只說徵兵實在太頻繁了。
有人十五歲就去北方守河，到四十歲還被派到西邊屯田。
出發時還是少年，村官替他包頭，回來頭都白了仍要再去守邊。
邊疆流的血多得像海水，皇帝想向外擴張的念頭卻還沒停止。
你沒聽說中原兩百多州，很多村落因沒人耕種都長滿野草嗎？
即使有強壯婦女拿著鋤犁耕田，莊稼也亂長得不成行列。
更何況秦地士兵最能吃苦作戰，被趕來趕去卻像雞狗一樣沒有選擇。
您雖然關心地問，我們這些服役的人又哪敢把怨恨說出來？
像今年冬天，關西士兵到現在還不能回家休息。
官府又急著催收租稅，可家裡沒人種田，要從哪裡拿錢糧？
在這種情況下，人們竟覺得生男孩反而辛苦，生女孩還比較好。
女兒長大還能嫁在附近，兒子卻可能死在戰場埋進荒草。
你沒看見青海湖邊嗎？從古到今多少白骨都沒有人收葬，
新死的人含冤，舊鬼也在哭，陰雨潮濕的日子彷彿到處都是悲鳴聲。",3,9,visual_plan_v1,draft,"{""v"":""visual_plan_v1"",""entities"":[{""id"":""e01"",""type"":""animal"",""label"":""馬""},{""id"":""e02"",""type"":""character"",""label"":""童子""},{""id"":""e03"",""type"":""location"",""label"":""古道""},{""id"":""e04"",""type"":""object"",""label"":""雲""},{""id"":""e05"",""type"":""location"",""label"":""河岸""},{""id"":""e06"",""type"":""location"",""label"":""田野""},{""id"":""e07"",""type"":""location"",""label"":""村莊""},{""id"":""e08"",""type"":""location"",""label"":""海邊""},{""id"":""e09"",""type"":""location"",""label"":""庭院""},{""id"":""e10"",""type"":""plant"",""label"":""青草""},{""id"":""e11"",""type"":""animal"",""label"":""犬""},{""id"":""e12"",""type"":""character"",""label"":""詩人""},{""id"":""e13"",""type"":""location"",""label"":""關塞""},{""id"":""e14"",""type"":""location"",""label"":""湖邊""},{""id"":""e15"",""type"":""object"",""label"":""雨""}],""continuity"":{""recurring_entities"":[""e03"",""e06"",""e07"",""e08"",""e10"",""e13""]},""scenes"":[{""id"":""p079_s01"",""setting"":""未明示"",""time"":""未明示"",""mood"":""平靜"",""entities"":[""e01""],""actions"":[],""focus"":[""馬""]},{""id"":""p079_s02"",""setting"":""古道"",""time"":""未明示"",""mood"":""平靜"",""entities"":[""e02"",""e03""],""actions"":[""前行"",""送別""],""focus"":[""童子"",""前行"",""送別""]},{""id"":""p079_s03"",""setting"":""古道"",""time"":""未明示"",""mood"":""平靜"",""entities"":[""e03"",""e04""],""actions"":[""哭泣""],""focus"":[""雲"",""哭泣""]},{""id"":""p079_s04"",""setting"":""古道"",""time"":""未明示"",""mood"":""平靜"",""entities"":[""e03""],""actions"":[],""focus"":[]},{""id"":""p079_s05"",""setting"":""河岸"",""time"":""未明示"",""mood"":""平靜"",""entities"":[""e05"",""e06""],""actions"":[""前行""],""focus"":[""前行""]},{""id"":""p079_s06"",""setting"":""村莊"",""time"":""未明示"",""mood"":""平靜"",""entities"":[""e07""],""actions"":[""前行""],""focus"":[""前行""]},{""id"":""p079_s07"",""setting"":""海邊"",""time"":""未明示"",""mood"":""平靜"",""entities"":[""e08"",""e09""],""actions"":[],""focus"":[]},{""id"":""p079_s08"",""setting"":""村莊"",""time"":""未明示"",""mood"":""平靜"",""entities"":[""e10"",""e07""],""actions"":[""聆聽""],""focus"":[""青草"",""聆聽""]},{""id"":""p079_s09"",""setting"":""田野"",""time"":""未明示"",""mood"":""平靜"",""entities"":[""e06""],""actions"":[""前行""],""focus"":[""前行""]},{""id"":""p079_s10"",""setting"":""未明示"",""time"":""未明示"",""mood"":""平靜"",""entities"":[""e11""],""actions"":[""前行""],""focus"":[""犬"",""前行""]},{""id"":""p079_s11"",""setting"":""關塞"",""time"":""未明示"",""mood"":""平靜"",""entities"":[""e12"",""e13""],""actions"":[],""focus"":[""詩人""]},{""id"":""p079_s12"",""setting"":""關塞"",""time"":""冬天"",""mood"":""平靜"",""entities"":[""e13""],""actions"":[],""focus"":[]},{""id"":""p079_s13"",""setting"":""田野"",""time"":""未明示"",""mood"":""平靜"",""entities"":[""e06""],""actions"":[],""focus"":[]},{""id"":""p079_s14"",""setting"":""未明示"",""time"":""未明示"",""mood"":""平靜"",""entities"":[],""actions"":[],""focus"":[]},{""id"":""p079_s15"",""setting"":""未明示"",""time"":""未明示"",""mood"":""平靜"",""entities"":[""e10""],""actions"":[],""focus"":[""青草""]},{""id"":""p079_s16"",""setting"":""湖邊"",""time"":""未明示"",""mood"":""平靜"",""entities"":[""e14"",""e08""],""actions"":[""看望""],""focus"":[""看望""]},{""id"":""p079_s17"",""setting"":""未明示"",""time"":""未明示"",""mood"":""平靜"",""entities"":[""e15""],""actions"":[""哭泣""],""focus"":[""雨"",""哭泣""]}]}",依各 Scene 視覺計畫,"p079_s01｜場景：未明示｜畫面核心：馬｜情緒：平靜｜出現：馬
p079_s02｜場景：古道｜畫面核心：童子、前行、送別｜動作：前行、送別｜情緒：平靜｜出現：童子、古道
p079_s03｜場景：古道｜畫面核心：雲、哭泣｜動作：哭泣｜情緒：平靜｜出現：古道、雲
p079_s04｜場景：古道｜畫面核心：｜情緒：平靜｜出現：古道
p079_s05｜場景：河岸｜畫面核心：前行｜動作：前行｜情緒：平靜｜出現：河岸、田野
p079_s06｜場景：村莊｜畫面核心：前行｜動作：前行｜情緒：平靜｜出現：村莊
p079_s07｜場景：海邊｜畫面核心：｜情緒：平靜｜出現：海邊、庭院
p079_s08｜場景：村莊｜畫面核心：青草、聆聽｜動作：聆聽｜情緒：平靜｜出現：青草、村莊
p079_s09｜場景：田野｜畫面核心：前行｜動作：前行｜情緒：平靜｜出現：田野
p079_s10｜場景：未明示｜畫面核心：犬、前行｜動作：前行｜情緒：平靜｜出現：犬
p079_s11｜場景：關塞｜畫面核心：詩人｜情緒：平靜｜出現：詩人、關塞
p079_s12｜場景：關塞｜時間：冬天｜畫面核心：｜情緒：平靜｜出現：關塞
p079_s13｜場景：田野｜畫面核心：｜情緒：平靜｜出現：田野
p079_s14｜場景：未明示｜畫面核心：｜情緒：平靜
p079_s15｜場景：未明示｜畫面核心：青草｜情緒：平靜｜出現：青草
p079_s16｜場景：湖邊｜畫面核心：看望｜動作：看望｜情緒：平靜｜出現：湖邊、海邊
p079_s17｜場景：未明示｜畫面核心：雨、哭泣｜動作：哭泣｜情緒：平靜｜出現：雨","動物｜馬
人物｜童子
場景｜古道
物件｜雲
場景｜河岸
場景｜田野
場景｜村莊
場景｜海邊
場景｜庭院
植物｜青草
動物｜犬
人物｜詩人
場景｜關塞
場景｜湖邊
物件｜雨",重複元素：古道、田野、村莊、海邊、青草、關塞
80,杜甫,七言樂府,麗人行,"三月三日天氣新，長安水邊多麗人。
態濃意遠淑且真，肌理細膩骨肉勻。
繡羅衣裳照暮春，蹙金孔雀銀麒麟。
頭上何所有？翠微盍葉垂鬢脣。
背後何所見？珠壓腰衱穩稱身。
就中雲幕椒房親，賜名大國虢與秦。
紫駝之峯出翠釜，水精之盤行素鱗。
犀箸厭飫久未下，鸞刀縷切空紛綸。
黃門飛鞚不動塵，御廚絡繹送八珍。
簫鼓哀吟感鬼神，賓從雜遝實要津。
後來鞍馬何逡巡，當軒下馬入錦茵。
楊花雪落覆白蘋，青鳥飛去銜紅巾。
炙手可熱勢絕倫，慎莫近前丞相嗔。","三月三日天氣清新，長安水邊聚集許多打扮華麗的女子。
她們姿態優雅、神情端莊，皮膚細緻，身形勻稱。
繡花絲衣在暮春陽光下閃亮，上面有金孔雀和銀麒麟圖案。
她們頭上戴著翠綠華麗頭飾，垂在鬢邊。
背後又可看見珠飾壓著衣襟，穿戴得十分合身。
其中最受注目的，是和皇宮有親戚關係的虢國夫人、秦國夫人等人。
宴席上端出珍貴駝峰，用翠色鍋具烹煮，又用水晶盤盛鮮魚。
她們早已吃膩美食，拿著犀角筷子也久久不下筷，廚師仍不停細切菜餚。
宮中使者飛馬送菜卻幾乎不起塵土，御廚一道又一道送來珍饈。
簫鼓音樂響得動人，賓客隨從擠滿道路，全是有權勢的人物。
後來又有一隊車馬慢慢來到，主人在門前下馬走上錦毯。
楊花像雪落在水草上，傳信的青鳥似乎又銜著紅巾飛去。
這家人的權勢熱得像火、無人能比，最好別靠太近，免得惹丞相生氣。",3,9,visual_plan_v1,draft,"{""v"":""visual_plan_v1"",""entities"":[{""id"":""e01"",""type"":""character"",""label"":""女子""},{""id"":""e02"",""type"":""object"",""label"":""月亮""},{""id"":""e03"",""type"":""animal"",""label"":""鳥""},{""id"":""e04"",""type"":""plant"",""label"":""花樹""},{""id"":""e05"",""type"":""location"",""label"":""房間""},{""id"":""e06"",""type"":""location"",""label"":""宮中""},{""id"":""e07"",""type"":""location"",""label"":""關塞""},{""id"":""e08"",""type"":""object"",""label"":""雲""},{""id"":""e09"",""type"":""animal"",""label"":""魚""},{""id"":""e10"",""type"":""location"",""label"":""廚房""},{""id"":""e11"",""type"":""object"",""label"":""刀""},{""id"":""e12"",""type"":""animal"",""label"":""馬""},{""id"":""e13"",""type"":""character"",""label"":""旅人""},{""id"":""e14"",""type"":""location"",""label"":""古道""},{""id"":""e15"",""type"":""plant"",""label"":""青草""},{""id"":""e16"",""type"":""object"",""label"":""雪""}],""continuity"":{""recurring_entities"":[""e03"",""e04"",""e06"",""e10"",""e12""]},""scenes"":[{""id"":""p080_s01"",""setting"":""未明示"",""time"":""未明示"",""mood"":""平靜"",""entities"":[""e01"",""e02""],""actions"":[],""focus"":[""女子"",""月亮""]},{""id"":""p080_s02"",""setting"":""未明示"",""time"":""未明示"",""mood"":""平靜"",""entities"":[],""actions"":[],""focus"":[]},{""id"":""p080_s03"",""setting"":""未明示"",""time"":""黃昏"",""mood"":""平靜"",""entities"":[""e03"",""e04""],""actions"":[],""focus"":[""鳥"",""花樹""]},{""id"":""p080_s04"",""setting"":""未明示"",""time"":""未明示"",""mood"":""平靜"",""entities"":[],""actions"":[],""focus"":[]},{""id"":""p080_s05"",""setting"":""未明示"",""time"":""未明示"",""mood"":""平靜"",""entities"":[],""actions"":[""看望""],""focus"":[""看望""]},{""id"":""p080_s06"",""setting"":""房間"",""time"":""未明示"",""mood"":""平靜"",""entities"":[""e05"",""e06"",""e07"",""e08""],""actions"":[],""focus"":[""雲""]},{""id"":""p080_s07"",""setting"":""未明示"",""time"":""未明示"",""mood"":""平靜"",""entities"":[""e09""],""actions"":[""烹煮""],""focus"":[""魚"",""烹煮""]},{""id"":""p080_s08"",""setting"":""廚房"",""time"":""未明示"",""mood"":""平靜"",""entities"":[""e10"",""e11""],""actions"":[],""focus"":[""刀""]},{""id"":""p080_s09"",""setting"":""宮中"",""time"":""未明示"",""mood"":""平靜"",""entities"":[""e12"",""e06"",""e10""],""actions"":[],""focus"":[""馬""]},{""id"":""p080_s10"",""setting"":""古道"",""time"":""未明示"",""mood"":""平靜"",""entities"":[""e13"",""e14""],""actions"":[],""focus"":[""旅人""]},{""id"":""p080_s11"",""setting"":""未明示"",""time"":""未明示"",""mood"":""平靜"",""entities"":[""e12""],""actions"":[""前行""],""focus"":[""馬"",""前行""]},{""id"":""p080_s12"",""setting"":""未明示"",""time"":""冬天"",""mood"":""平靜"",""entities"":[""e03"",""e15"",""e04"",""e16""],""actions"":[""前行""],""focus"":[""鳥"",""青草"",""花樹"",""雪"",""前行""]},{""id"":""p080_s13"",""setting"":""未明示"",""time"":""未明示"",""mood"":""平靜"",""entities"":[],""actions"":[],""focus"":[]}]}",依各 Scene 視覺計畫,"p080_s01｜場景：未明示｜畫面核心：女子、月亮｜情緒：平靜｜出現：女子、月亮
p080_s02｜場景：未明示｜畫面核心：｜情緒：平靜
p080_s03｜場景：未明示｜時間：黃昏｜畫面核心：鳥、花樹｜情緒：平靜｜出現：鳥、花樹
p080_s04｜場景：未明示｜畫面核心：｜情緒：平靜
p080_s05｜場景：未明示｜畫面核心：看望｜動作：看望｜情緒：平靜
p080_s06｜場景：房間｜畫面核心：雲｜情緒：平靜｜出現：房間、宮中、關塞、雲
p080_s07｜場景：未明示｜畫面核心：魚、烹煮｜動作：烹煮｜情緒：平靜｜出現：魚
p080_s08｜場景：廚房｜畫面核心：刀｜情緒：平靜｜出現：廚房、刀
p080_s09｜場景：宮中｜畫面核心：馬｜情緒：平靜｜出現：馬、宮中、廚房
p080_s10｜場景：古道｜畫面核心：旅人｜情緒：平靜｜出現：旅人、古道
p080_s11｜場景：未明示｜畫面核心：馬、前行｜動作：前行｜情緒：平靜｜出現：馬
p080_s12｜場景：未明示｜時間：冬天｜畫面核心：鳥、青草、花樹、雪、前行｜動作：前行｜情緒：平靜｜出現：鳥、青草、花樹、雪
p080_s13｜場景：未明示｜畫面核心：｜情緒：平靜","人物｜女子
物件｜月亮
動物｜鳥
植物｜花樹
場景｜房間
場景｜宮中
場景｜關塞
物件｜雲
動物｜魚
場景｜廚房
物件｜刀
動物｜馬
人物｜旅人
場景｜古道
植物｜青草
物件｜雪",重複元素：鳥、花樹、宮中、廚房、馬
81,杜甫,七言樂府,哀江頭,"少陵野老吞聲哭，春日潛行曲江曲。
江頭宮殿鎖千門，細柳新蒲爲誰綠？
憶昔霓旌下南苑，苑中萬物生顏色。
昭陽殿裏第一人，同輦隨君侍君側。
輦前才人帶弓箭，白馬嚼齧黃金勒。
翻身向天仰射雲，一笑正墜雙飛翼。
明眸皓齒今何在？血污遊魂歸不得。
清渭東流劍閣深，去住彼此無消息。
人生有情淚沾臆，江水江花豈終極！
黃昏胡騎塵滿城，欲往城南望城北。","我這個住在少陵的老人忍著哭聲，在春天偷偷走到曲江邊。
江邊宮殿千門緊鎖，新柳嫩蒲依舊變綠，卻不知道是為誰而美。
想起從前皇帝儀仗來到南苑，整個園子都因熱鬧而像有了光彩。
宮中最受寵愛的女子陪在皇帝身邊，還能和他同坐車輦。
車前的宮女帶著弓箭，白馬咬著金色馬勒。
她翻身向天空射箭，一笑之間就射下成雙飛鳥。
那雙明亮眼睛和潔白牙齒如今在哪裡？她死於亂世，連魂也像無處可歸。
渭水向東流，皇帝遠到劍閣，留下的人和離去的人彼此沒有消息。
人有感情，所以眼淚會沾濕胸前；江水和江花卻還是年年不停。
黃昏敵軍騎兵揚起滿城塵土，我慌亂得想往城南，卻望向了城北。",3,9,visual_plan_v1,draft,"{""v"":""visual_plan_v1"",""entities"":[{""id"":""e01"",""type"":""character"",""label"":""詩人""},{""id"":""e02"",""type"":""character"",""label"":""老人""},{""id"":""e03"",""type"":""location"",""label"":""江邊""},{""id"":""e04"",""type"":""plant"",""label"":""柳樹""},{""id"":""e05"",""type"":""location"",""label"":""宮中""},{""id"":""e06"",""type"":""character"",""label"":""女子""},{""id"":""e07"",""type"":""character"",""label"":""宮女""},{""id"":""e08"",""type"":""animal"",""label"":""馬""},{""id"":""e09"",""type"":""animal"",""label"":""鳥""},{""id"":""e10"",""type"":""object"",""label"":""雲""},{""id"":""e11"",""type"":""plant"",""label"":""花樹""},{""id"":""e12"",""type"":""location"",""label"":""城中""}],""continuity"":{""recurring_entities"":[""e01"",""e03"",""e05""]},""scenes"":[{""id"":""p081_s01"",""setting"":""江邊"",""time"":""春天"",""mood"":""平靜"",""entities"":[""e01"",""e02"",""e03""],""actions"":[""前行"",""哭泣""],""focus"":[""詩人"",""老人"",""前行"",""哭泣""]},{""id"":""p081_s02"",""setting"":""江邊"",""time"":""未明示"",""mood"":""平靜"",""entities"":[""e04"",""e03"",""e05""],""actions"":[],""focus"":[""柳樹""]},{""id"":""p081_s03"",""setting"":""未明示"",""time"":""未明示"",""mood"":""平靜"",""entities"":[],""actions"":[],""focus"":[]},{""id"":""p081_s04"",""setting"":""宮中"",""time"":""未明示"",""mood"":""平靜"",""entities"":[""e06"",""e05""],""actions"":[],""focus"":[""女子""]},{""id"":""p081_s05"",""setting"":""宮中"",""time"":""未明示"",""mood"":""平靜"",""entities"":[""e07"",""e08"",""e05""],""actions"":[],""focus"":[""宮女"",""馬""]},{""id"":""p081_s06"",""setting"":""未明示"",""time"":""未明示"",""mood"":""平靜"",""entities"":[""e09"",""e10""],""actions"":[],""focus"":[""鳥"",""雲""]},{""id"":""p081_s07"",""setting"":""未明示"",""time"":""未明示"",""mood"":""平靜"",""entities"":[],""actions"":[""前行""],""focus"":[""前行""]},{""id"":""p081_s08"",""setting"":""未明示"",""time"":""未明示"",""mood"":""平靜"",""entities"":[],""actions"":[""前行""],""focus"":[""前行""]},{""id"":""p081_s09"",""setting"":""江邊"",""time"":""未明示"",""mood"":""感傷"",""entities"":[""e11"",""e03""],""actions"":[""哭泣""],""focus"":[""花樹"",""哭泣""]},{""id"":""p081_s10"",""setting"":""城中"",""time"":""未明示"",""mood"":""平靜"",""entities"":[""e01"",""e12""],""actions"":[""看望""],""focus"":[""詩人"",""看望""]}]}",依各 Scene 視覺計畫,"p081_s01｜場景：江邊｜時間：春天｜畫面核心：詩人、老人、前行、哭泣｜動作：前行、哭泣｜情緒：平靜｜出現：詩人、老人、江邊
p081_s02｜場景：江邊｜畫面核心：柳樹｜情緒：平靜｜出現：柳樹、江邊、宮中
p081_s03｜場景：未明示｜畫面核心：｜情緒：平靜
p081_s04｜場景：宮中｜畫面核心：女子｜情緒：平靜｜出現：女子、宮中
p081_s05｜場景：宮中｜畫面核心：宮女、馬｜情緒：平靜｜出現：宮女、馬、宮中
p081_s06｜場景：未明示｜畫面核心：鳥、雲｜情緒：平靜｜出現：鳥、雲
p081_s07｜場景：未明示｜畫面核心：前行｜動作：前行｜情緒：平靜
p081_s08｜場景：未明示｜畫面核心：前行｜動作：前行｜情緒：平靜
p081_s09｜場景：江邊｜畫面核心：花樹、哭泣｜動作：哭泣｜情緒：感傷｜出現：花樹、江邊
p081_s10｜場景：城中｜畫面核心：詩人、看望｜動作：看望｜情緒：平靜｜出現：詩人、城中","人物｜詩人
人物｜老人
場景｜江邊
植物｜柳樹
場景｜宮中
人物｜女子
人物｜宮女
動物｜馬
動物｜鳥
物件｜雲
植物｜花樹
場景｜城中",重複元素：詩人、江邊、宮中
82,杜甫,七言樂府,哀王孫,"長安城頭頭白烏，夜飛延秋門上呼。
又向人家啄大屋，屋底達官走避胡。
金鞭斷折九馬死，骨肉不待同馳驅。
腰下寶玦青珊瑚，可憐王孫泣路隅。
問之不肯道姓名，但道困苦乞爲奴。
已經百日竄荊棘，身上無有完肌膚。
高帝子孫盡隆準，龍種自與常人殊。
豺狼在邑龍在野，王孫善保千金軀。
不敢長語臨交衢，且爲王孫立斯須。
昨夜東風吹血腥，東來橐駝滿舊都。
朔方健兒好身手，昔何勇銳今何愚。
竊聞天子已傳位，聖德北服南單于。
花門剺面請雪恥，愼勿出口他人狙。
哀哉王孫愼勿疏，五陵佳氣無時無。","長安城頭有白頭烏鴉，夜裡飛到延秋門不停鳴叫。
牠又飛到人家屋上啄著大屋，屋下高官正逃避敵軍。
逃難時金鞭折斷、好幾匹馬倒下，親人甚至來不及一起走。
一位王孫腰上還掛著寶玉和青珊瑚，卻只能在路邊哭泣。
問他姓名他不肯說，只說自己太困苦，寧願求人收作奴僕。
他已在荊棘間躲了一百多天，身上到處都是傷。
皇族子孫外貌有自己的特徵，本來一眼就容易被認出。
如今壞人占著城市、皇族流落野外，請你一定保護好自己的性命。
我不敢在大路邊和你說太久，只能暫時陪你站一會兒。
昨夜東風吹來血腥味，東方又有許多駱駝進入舊都。
北方軍隊本來很能作戰，從前那麼勇猛，如今怎會陷入這樣局面？
聽說皇帝已傳位，新君也得到許多人的支持。
援軍甚至願意割面表示決心，要替國家雪恥，但這消息別隨便說出去。
可憐的王孫啊，千萬不要放棄，希望長安終究會重新出現好氣象。",3,9,visual_plan_v1,draft,"{""v"":""visual_plan_v1"",""entities"":[{""id"":""e01"",""type"":""character"",""label"":""老人""},{""id"":""e02"",""type"":""animal"",""label"":""鳥""},{""id"":""e03"",""type"":""location"",""label"":""城中""},{""id"":""e04"",""type"":""location"",""label"":""房間""},{""id"":""e05"",""type"":""animal"",""label"":""馬""},{""id"":""e06"",""type"":""location"",""label"":""古道""},{""id"":""e07"",""type"":""character"",""label"":""詩人""},{""id"":""e08"",""type"":""object"",""label"":""風""},{""id"":""e09"",""type"":""character"",""label"":""朋友""},{""id"":""e10"",""type"":""plant"",""label"":""花樹""},{""id"":""e11"",""type"":""object"",""label"":""雪""}],""continuity"":{""recurring_entities"":[""e03"",""e06""]},""scenes"":[{""id"":""p082_s01"",""setting"":""城中"",""time"":""夜晚"",""mood"":""平靜"",""entities"":[""e01"",""e02"",""e03""],""actions"":[],""focus"":[""老人"",""鳥""]},{""id"":""p082_s02"",""setting"":""房間"",""time"":""未明示"",""mood"":""平靜"",""entities"":[""e04""],""actions"":[],""focus"":[]},{""id"":""p082_s03"",""setting"":""未明示"",""time"":""未明示"",""mood"":""平靜"",""entities"":[""e05""],""actions"":[""前行""],""focus"":[""馬"",""前行""]},{""id"":""p082_s04"",""setting"":""古道"",""time"":""未明示"",""mood"":""平靜"",""entities"":[""e06""],""actions"":[""哭泣""],""focus"":[""哭泣""]},{""id"":""p082_s05"",""setting"":""未明示"",""time"":""未明示"",""mood"":""平靜"",""entities"":[],""actions"":[],""focus"":[]},{""id"":""p082_s06"",""setting"":""未明示"",""time"":""未明示"",""mood"":""平靜"",""entities"":[],""actions"":[],""focus"":[]},{""id"":""p082_s07"",""setting"":""未明示"",""time"":""未明示"",""mood"":""平靜"",""entities"":[],""actions"":[],""focus"":[]},{""id"":""p082_s08"",""setting"":""城中"",""time"":""未明示"",""mood"":""平靜"",""entities"":[""e03""],""actions"":[],""focus"":[]},{""id"":""p082_s09"",""setting"":""古道"",""time"":""未明示"",""mood"":""平靜"",""entities"":[""e07"",""e06""],""actions"":[],""focus"":[""詩人""]},{""id"":""p082_s10"",""setting"":""未明示"",""time"":""夜晚"",""mood"":""平靜"",""entities"":[""e08""],""actions"":[],""focus"":[""風""]},{""id"":""p082_s11"",""setting"":""未明示"",""time"":""未明示"",""mood"":""平靜"",""entities"":[],""actions"":[],""focus"":[]},{""id"":""p082_s12"",""setting"":""未明示"",""time"":""未明示"",""mood"":""平靜"",""entities"":[""e09""],""actions"":[""聆聽""],""focus"":[""朋友"",""聆聽""]},{""id"":""p082_s13"",""setting"":""未明示"",""time"":""冬天"",""mood"":""平靜"",""entities"":[""e10"",""e11""],""actions"":[""前行""],""focus"":[""花樹"",""雪"",""前行""]},{""id"":""p082_s14"",""setting"":""未明示"",""time"":""未明示"",""mood"":""平靜"",""entities"":[],""actions"":[""看望""],""focus"":[""看望""]}]}",依各 Scene 視覺計畫,"p082_s01｜場景：城中｜時間：夜晚｜畫面核心：老人、鳥｜情緒：平靜｜出現：老人、鳥、城中
p082_s02｜場景：房間｜畫面核心：｜情緒：平靜｜出現：房間
p082_s03｜場景：未明示｜畫面核心：馬、前行｜動作：前行｜情緒：平靜｜出現：馬
p082_s04｜場景：古道｜畫面核心：哭泣｜動作：哭泣｜情緒：平靜｜出現：古道
p082_s05｜場景：未明示｜畫面核心：｜情緒：平靜
p082_s06｜場景：未明示｜畫面核心：｜情緒：平靜
p082_s07｜場景：未明示｜畫面核心：｜情緒：平靜
p082_s08｜場景：城中｜畫面核心：｜情緒：平靜｜出現：城中
p082_s09｜場景：古道｜畫面核心：詩人｜情緒：平靜｜出現：詩人、古道
p082_s10｜場景：未明示｜時間：夜晚｜畫面核心：風｜情緒：平靜｜出現：風
p082_s11｜場景：未明示｜畫面核心：｜情緒：平靜
p082_s12｜場景：未明示｜畫面核心：朋友、聆聽｜動作：聆聽｜情緒：平靜｜出現：朋友
p082_s13｜場景：未明示｜時間：冬天｜畫面核心：花樹、雪、前行｜動作：前行｜情緒：平靜｜出現：花樹、雪
p082_s14｜場景：未明示｜畫面核心：看望｜動作：看望｜情緒：平靜","人物｜老人
動物｜鳥
場景｜城中
場景｜房間
動物｜馬
場景｜古道
人物｜詩人
物件｜風
人物｜朋友
植物｜花樹
物件｜雪",重複元素：城中、古道
83,唐玄宗,五言律詩,經魯祭孔子而嘆之,"夫子何爲者，棲棲一代中。
地猶鄹氏邑，宅即魯王宮。
嘆鳳嗟身否，傷麟怨道窮。
今看兩楹奠，當與夢時同。","孔子一生到底在忙些什麼呢？他為理想四處奔走，總不得安定。
這裡仍是他家鄉鄹邑，後來他的住宅也成了紀念他的地方。
他曾感嘆理想難實現，又因麒麟之死感到自己的道路走到盡頭。
如今人們在堂前祭拜他，大概就像他生前夢見受到尊重的情景。",1,9,visual_plan_v1,draft,"{""v"":""visual_plan_v1"",""entities"":[{""id"":""e01"",""type"":""location"",""label"":""宮中""},{""id"":""e02"",""type"":""location"",""label"":""古道""}],""continuity"":{""recurring_entities"":[]},""scenes"":[{""id"":""p083_s01"",""setting"":""未明示"",""time"":""未明示"",""mood"":""平靜"",""entities"":[],""actions"":[""前行""],""focus"":[""前行""]},{""id"":""p083_s02"",""setting"":""宮中"",""time"":""未明示"",""mood"":""平靜"",""entities"":[""e01""],""actions"":[],""focus"":[]},{""id"":""p083_s03"",""setting"":""古道"",""time"":""未明示"",""mood"":""平靜"",""entities"":[""e02""],""actions"":[""前行""],""focus"":[""前行""]},{""id"":""p083_s04"",""setting"":""未明示"",""time"":""未明示"",""mood"":""平靜"",""entities"":[],""actions"":[],""focus"":[]}]}",依各 Scene 視覺計畫,"p083_s01｜場景：未明示｜畫面核心：前行｜動作：前行｜情緒：平靜
p083_s02｜場景：宮中｜畫面核心：｜情緒：平靜｜出現：宮中
p083_s03｜場景：古道｜畫面核心：前行｜動作：前行｜情緒：平靜｜出現：古道
p083_s04｜場景：未明示｜畫面核心：｜情緒：平靜","場景｜宮中
場景｜古道",
84,張九齡,五言律詩,望月懷遠,"海上生明月，天涯共此時。
情人怨遙夜，竟夕起相思。
滅燭憐光滿，披衣覺露滋。
不堪盈手贈，還寢夢佳期。","明月從海面升起，遠在天涯的人此刻也能看見同一輪月亮。
有情的人覺得長夜太漫長，整個晚上都在想念遠方的人。
吹熄蠟燭後更覺得月光滿屋，披衣走出來才發現露水已很重。
月光沒辦法用手捧起來送給你，只好回去睡，希望夢裡能相見。",4,8,visual_plan_v1,draft,"{""v"":""visual_plan_v1"",""entities"":[{""id"":""e01"",""type"":""location"",""label"":""海邊""},{""id"":""e02"",""type"":""object"",""label"":""月亮""},{""id"":""e03"",""type"":""location"",""label"":""房間""},{""id"":""e04"",""type"":""object"",""label"":""露水""},{""id"":""e05"",""type"":""object"",""label"":""燈火""}],""continuity"":{""recurring_entities"":[""e02""]},""scenes"":[{""id"":""p084_s01"",""setting"":""海邊"",""time"":""夜晚"",""mood"":""平靜"",""entities"":[""e01"",""e02""],""actions"":[""看望""],""focus"":[""月亮"",""看望""]},{""id"":""p084_s02"",""setting"":""未明示"",""time"":""夜晚"",""mood"":""思念"",""entities"":[],""actions"":[""思念""],""focus"":[""思念""]},{""id"":""p084_s03"",""setting"":""房間"",""time"":""夜晚"",""mood"":""平靜"",""entities"":[""e03"",""e02"",""e04"",""e05""],""actions"":[""前行""],""focus"":[""月亮"",""露水"",""燈火"",""前行""]},{""id"":""p084_s04"",""setting"":""未明示"",""time"":""夜晚"",""mood"":""平靜"",""entities"":[""e02""],""actions"":[""看望"",""前行"",""休息""],""focus"":[""月亮"",""看望"",""前行"",""休息""]}]}",依各 Scene 視覺計畫,"p084_s01｜場景：海邊｜時間：夜晚｜畫面核心：月亮、看望｜動作：看望｜情緒：平靜｜出現：海邊、月亮
p084_s02｜場景：未明示｜時間：夜晚｜畫面核心：思念｜動作：思念｜情緒：思念
p084_s03｜場景：房間｜時間：夜晚｜畫面核心：月亮、露水、燈火、前行｜動作：前行｜情緒：平靜｜出現：房間、月亮、露水、燈火
p084_s04｜場景：未明示｜時間：夜晚｜畫面核心：月亮、看望、前行、休息｜動作：看望、前行、休息｜情緒：平靜｜出現：月亮","場景｜海邊
物件｜月亮
場景｜房間
物件｜露水
物件｜燈火",重複元素：月亮
85,王勃,五言律詩,杜少府之任蜀州,"城闕輔三秦，風煙望五津。
與君離別意，同是宦遊人。
海內存知己，天涯若比隣。
無爲在岐路，兒女共霑巾。","長安城有三秦大地環繞，遠望蜀地渡口只見風煙迷濛。
我和你都有離別的感受，因為我們都是離鄉做官的人。
只要天下有真正懂你的朋友，就算在天涯也像住在隔壁一樣近。
所以在分岔路口不要像小孩子一樣哭得手帕都濕了。",4,7,visual_plan_v1,draft,"{""v"":""visual_plan_v1"",""entities"":[{""id"":""e01"",""type"":""location"",""label"":""城中""},{""id"":""e02"",""type"":""object"",""label"":""風""},{""id"":""e03"",""type"":""character"",""label"":""詩人""},{""id"":""e04"",""type"":""character"",""label"":""朋友""},{""id"":""e05"",""type"":""location"",""label"":""海邊""},{""id"":""e06"",""type"":""character"",""label"":""童子""},{""id"":""e07"",""type"":""location"",""label"":""古道""}],""continuity"":{""recurring_entities"":[]},""scenes"":[{""id"":""p085_s01"",""setting"":""城中"",""time"":""未明示"",""mood"":""平靜"",""entities"":[""e01"",""e02""],""actions"":[""看望""],""focus"":[""風"",""看望""]},{""id"":""p085_s02"",""setting"":""未明示"",""time"":""未明示"",""mood"":""感傷"",""entities"":[""e03""],""actions"":[],""focus"":[""詩人""]},{""id"":""p085_s03"",""setting"":""海邊"",""time"":""未明示"",""mood"":""平靜"",""entities"":[""e04"",""e05""],""actions"":[],""focus"":[""朋友""]},{""id"":""p085_s04"",""setting"":""古道"",""time"":""未明示"",""mood"":""平靜"",""entities"":[""e06"",""e07""],""actions"":[""哭泣""],""focus"":[""童子"",""哭泣""]}]}",依各 Scene 視覺計畫,"p085_s01｜場景：城中｜畫面核心：風、看望｜動作：看望｜情緒：平靜｜出現：城中、風
p085_s02｜場景：未明示｜畫面核心：詩人｜情緒：感傷｜出現：詩人
p085_s03｜場景：海邊｜畫面核心：朋友｜情緒：平靜｜出現：朋友、海邊
p085_s04｜場景：古道｜畫面核心：童子、哭泣｜動作：哭泣｜情緒：平靜｜出現：童子、古道","場景｜城中
物件｜風
人物｜詩人
人物｜朋友
場景｜海邊
人物｜童子
場景｜古道",
86,駱賓王,五言律詩,在獄詠蟬并序,"余禁所禁垣西，是法廳事也。有古槐數株焉，雖生意可知，同殷仲文之古樹，而聽訟斯在，即周召伯之甘棠。每至夕照低陰，秋蟬疏引，發聲幽息，有切嘗聞；豈人心異於曩時，將蟲響悲於前聽？嗟乎！聲以動容，德以象賢，故潔其身也，稟君子達人之高行；蛻其皮也，有仙都羽化之靈姿。候時而來，順陰陽之數；應節為變，審藏用之機。有目斯開，不以道昏而昧其視；有翼自薄，不以俗厚而易其真。吟喬樹之微風，韻資天縱；飲高秋之墜露，清畏人知。僕失路艱虞，遭時徽纆，不哀傷而自怨，未搖落而先衰。聞蟪蛄之流聲，悟平反之已奏；見螳螂之抱影，怯危機之未安。感而綴詩，貽諸知己。庶情沿物應，哀弱羽之飄零；道寄人知，憫餘聲之寂寞。非謂文墨，取代幽憂云爾。

西陸蟬聲唱，南冠客思深。
那堪玄鬢影，來對白頭吟。
露重飛難進，風多響易沉。
無人信高潔，誰爲表予心。","駱賓王先說自己在獄中聽見秋蟬，想到蟬高潔、飲露、順時而變的形象，也想到自己受困卻希望有人了解清白，因此寫下這首詩。

秋天蟬聲響起，我這個被囚的人聽了更想念自由和家鄉。
我已滿頭白髮，怎忍心再看著蟬烏黑的翅膀，聽牠不停鳴叫。
露水太重，蟬難以高飛；風又太多，牠的叫聲很容易被吹散。
沒有人相信我像蟬一樣清白高潔，又有誰能替我說出真心呢？",1,9,visual_plan_v1,draft,"{""v"":""visual_plan_v1"",""entities"":[{""id"":""e01"",""type"":""plant"",""label"":""樹木""},{""id"":""e02"",""type"":""location"",""label"":""古道""},{""id"":""e03"",""type"":""object"",""label"":""風""},{""id"":""e04"",""type"":""object"",""label"":""露水""},{""id"":""e05"",""type"":""character"",""label"":""詩人""}],""continuity"":{""recurring_entities"":[""e03"",""e04"",""e05""]},""scenes"":[{""id"":""p086_s01"",""setting"":""古道"",""time"":""秋天"",""mood"":""平靜"",""entities"":[""e01"",""e02"",""e03"",""e04""],""actions"":[""看望"",""聆聽""],""focus"":[""樹木"",""風"",""露水"",""看望"",""聆聽""]},{""id"":""p086_s02"",""setting"":""未明示"",""time"":""未明示"",""mood"":""平靜"",""entities"":[],""actions"":[],""focus"":[]},{""id"":""p086_s03"",""setting"":""未明示"",""time"":""秋天"",""mood"":""思念"",""entities"":[""e05""],""actions"":[""聆聽"",""思念""],""focus"":[""詩人"",""聆聽"",""思念""]},{""id"":""p086_s04"",""setting"":""未明示"",""time"":""未明示"",""mood"":""平靜"",""entities"":[""e05""],""actions"":[""看望"",""聆聽""],""focus"":[""詩人"",""看望"",""聆聽""]},{""id"":""p086_s05"",""setting"":""未明示"",""time"":""未明示"",""mood"":""平靜"",""entities"":[""e03"",""e04""],""actions"":[],""focus"":[""風"",""露水""]},{""id"":""p086_s06"",""setting"":""未明示"",""time"":""未明示"",""mood"":""平靜"",""entities"":[""e05""],""actions"":[],""focus"":[""詩人""]}]}",依各 Scene 視覺計畫,"p086_s01｜場景：古道｜時間：秋天｜畫面核心：樹木、風、露水、看望、聆聽｜動作：看望、聆聽｜情緒：平靜｜出現：樹木、古道、風、露水
p086_s02｜場景：未明示｜畫面核心：｜情緒：平靜
p086_s03｜場景：未明示｜時間：秋天｜畫面核心：詩人、聆聽、思念｜動作：聆聽、思念｜情緒：思念｜出現：詩人
p086_s04｜場景：未明示｜畫面核心：詩人、看望、聆聽｜動作：看望、聆聽｜情緒：平靜｜出現：詩人
p086_s05｜場景：未明示｜畫面核心：風、露水｜情緒：平靜｜出現：風、露水
p086_s06｜場景：未明示｜畫面核心：詩人｜情緒：平靜｜出現：詩人","植物｜樹木
場景｜古道
物件｜風
物件｜露水
人物｜詩人",重複元素：風、露水、詩人
87,杜審言,五言律詩,和晉陵陸丞早春遊望,"獨有宦遊人，偏驚物候新。
雲霞出海曙，梅柳渡江春。
淑氣催黃鳥，晴光轉綠蘋。
忽聞歌古調，歸思欲沾巾。","只有離鄉在外做官的人，對春天剛到的變化特別敏感。
清晨雲霞從海上升起，梅花和柳樹也把春意帶過江來。
溫暖氣息催黃鳥鳴叫，晴光照著水面綠色浮萍。
忽然聽見朋友唱起古老曲調，我想家的心情湧上來，眼淚都快掉下來。",1,9,visual_plan_v1,draft,"{""v"":""visual_plan_v1"",""entities"":[{""id"":""e01"",""type"":""plant"",""label"":""花樹""},{""id"":""e02"",""type"":""plant"",""label"":""柳樹""},{""id"":""e03"",""type"":""plant"",""label"":""梅花""},{""id"":""e04"",""type"":""plant"",""label"":""樹木""},{""id"":""e05"",""type"":""location"",""label"":""江邊""},{""id"":""e06"",""type"":""location"",""label"":""海邊""},{""id"":""e07"",""type"":""object"",""label"":""雲""},{""id"":""e08"",""type"":""animal"",""label"":""鳥""},{""id"":""e09"",""type"":""character"",""label"":""詩人""},{""id"":""e10"",""type"":""character"",""label"":""朋友""}],""continuity"":{""recurring_entities"":[]},""scenes"":[{""id"":""p087_s01"",""setting"":""未明示"",""time"":""春天"",""mood"":""平靜"",""entities"":[],""actions"":[],""focus"":[]},{""id"":""p087_s02"",""setting"":""江邊"",""time"":""春天"",""mood"":""平靜"",""entities"":[""e01"",""e02"",""e03"",""e04"",""e05"",""e06"",""e07""],""actions"":[],""focus"":[""花樹"",""柳樹"",""梅花"",""樹木"",""雲""]},{""id"":""p087_s03"",""setting"":""未明示"",""time"":""未明示"",""mood"":""平靜"",""entities"":[""e08""],""actions"":[],""focus"":[""鳥""]},{""id"":""p087_s04"",""setting"":""未明示"",""time"":""未明示"",""mood"":""感傷"",""entities"":[""e09"",""e10""],""actions"":[""聆聽"",""哭泣""],""focus"":[""詩人"",""朋友"",""聆聽"",""哭泣""]}]}",依各 Scene 視覺計畫,"p087_s01｜場景：未明示｜時間：春天｜畫面核心：｜情緒：平靜
p087_s02｜場景：江邊｜時間：春天｜畫面核心：花樹、柳樹、梅花、樹木、雲｜情緒：平靜｜出現：花樹、柳樹、梅花、樹木、江邊、海邊、雲
p087_s03｜場景：未明示｜畫面核心：鳥｜情緒：平靜｜出現：鳥
p087_s04｜場景：未明示｜畫面核心：詩人、朋友、聆聽、哭泣｜動作：聆聽、哭泣｜情緒：感傷｜出現：詩人、朋友","植物｜花樹
植物｜柳樹
植物｜梅花
植物｜樹木
場景｜江邊
場景｜海邊
物件｜雲
動物｜鳥
人物｜詩人
人物｜朋友",
88,沈佺期,五言律詩,雜詩,"聞道黃龍戍，頻年不解兵。
可憐閨裡月，長在漢家營。
少婦今春意，良人昨夜情。
誰能將旗鼓，一為取龍城？","聽說黃龍一帶長年駐軍，好多年都沒有停止戰事。
可憐家中閨房裡看到的月亮，也總照著遙遠軍營。
年輕妻子今年春天又在想丈夫，丈夫昨夜大概也在思念她。
誰能帶著軍隊打敗敵人、拿下龍城，讓大家早點回家呢？",1,9,visual_plan_v1,draft,"{""v"":""visual_plan_v1"",""entities"":[{""id"":""e01"",""type"":""location"",""label"":""房間""},{""id"":""e02"",""type"":""object"",""label"":""月亮""},{""id"":""e03"",""type"":""location"",""label"":""城中""}],""continuity"":{""recurring_entities"":[]},""scenes"":[{""id"":""p088_s01"",""setting"":""未明示"",""time"":""未明示"",""mood"":""平靜"",""entities"":[],""actions"":[""聆聽""],""focus"":[""聆聽""]},{""id"":""p088_s02"",""setting"":""房間"",""time"":""未明示"",""mood"":""平靜"",""entities"":[""e01"",""e02""],""actions"":[""看望""],""focus"":[""月亮"",""看望""]},{""id"":""p088_s03"",""setting"":""未明示"",""time"":""夜晚"",""mood"":""思念"",""entities"":[],""actions"":[],""focus"":[]},{""id"":""p088_s04"",""setting"":""城中"",""time"":""未明示"",""mood"":""平靜"",""entities"":[""e03""],""actions"":[],""focus"":[]}]}",依各 Scene 視覺計畫,"p088_s01｜場景：未明示｜畫面核心：聆聽｜動作：聆聽｜情緒：平靜
p088_s02｜場景：房間｜畫面核心：月亮、看望｜動作：看望｜情緒：平靜｜出現：房間、月亮
p088_s03｜場景：未明示｜時間：夜晚｜畫面核心：｜情緒：思念
p088_s04｜場景：城中｜畫面核心：｜情緒：平靜｜出現：城中","場景｜房間
物件｜月亮
場景｜城中",
89,宋之問,五言律詩,題大庾嶺北驛,"陽月南飛雁，傳聞至此回。
我行殊未已，何日復歸來。
江靜潮初落，林昏瘴不開。
明朝望鄉處，應見隴頭梅。","冬月大雁向南飛，聽說飛到大庾嶺就會轉回去。
可是我的路還沒走完，不知道哪一天才能回家。
江水安靜、潮水剛退，林子昏暗，濕熱霧氣一直不散。
明天登高望向故鄉方向，大概只能看見山頭梅花。",1,9,visual_plan_v1,draft,"{""v"":""visual_plan_v1"",""entities"":[{""id"":""e01"",""type"":""animal"",""label"":""鳥""},{""id"":""e02"",""type"":""object"",""label"":""月亮""},{""id"":""e03"",""type"":""character"",""label"":""詩人""},{""id"":""e04"",""type"":""location"",""label"":""古道""},{""id"":""e05"",""type"":""location"",""label"":""江邊""},{""id"":""e06"",""type"":""plant"",""label"":""花樹""},{""id"":""e07"",""type"":""plant"",""label"":""梅花""}],""continuity"":{""recurring_entities"":[]},""scenes"":[{""id"":""p089_s01"",""setting"":""未明示"",""time"":""冬天"",""mood"":""平靜"",""entities"":[""e01"",""e02""],""actions"":[""聆聽"",""前行""],""focus"":[""鳥"",""月亮"",""聆聽"",""前行""]},{""id"":""p089_s02"",""setting"":""古道"",""time"":""未明示"",""mood"":""平靜"",""entities"":[""e03"",""e04""],""actions"":[""前行""],""focus"":[""詩人"",""前行""]},{""id"":""p089_s03"",""setting"":""江邊"",""time"":""未明示"",""mood"":""安靜"",""entities"":[""e05""],""actions"":[],""focus"":[]},{""id"":""p089_s04"",""setting"":""未明示"",""time"":""未明示"",""mood"":""平靜"",""entities"":[""e06"",""e07""],""actions"":[""看望"",""前行""],""focus"":[""花樹"",""梅花"",""看望"",""前行""]}]}",依各 Scene 視覺計畫,"p089_s01｜場景：未明示｜時間：冬天｜畫面核心：鳥、月亮、聆聽、前行｜動作：聆聽、前行｜情緒：平靜｜出現：鳥、月亮
p089_s02｜場景：古道｜畫面核心：詩人、前行｜動作：前行｜情緒：平靜｜出現：詩人、古道
p089_s03｜場景：江邊｜畫面核心：｜情緒：安靜｜出現：江邊
p089_s04｜場景：未明示｜畫面核心：花樹、梅花、看望、前行｜動作：看望、前行｜情緒：平靜｜出現：花樹、梅花","動物｜鳥
物件｜月亮
人物｜詩人
場景｜古道
場景｜江邊
植物｜花樹
植物｜梅花",
90,王灣,五言律詩,次北固山下,"客路青山外，行舟綠水前。
潮平兩岸闊，風正一帆懸。
海日生殘夜，江春入舊年。
鄉書何處達，歸雁洛陽邊。","我走的旅路在青山之外，船正行在綠水之前。
潮水漲平後江面變得寬闊，順風把一面船帆高高掛起。
夜還沒完全退去，海上太陽已升起；舊年還沒結束，江南已出現春意。
寫給家人的信要怎麼送到呢？希望北歸大雁能把消息帶到洛陽。",4,8,visual_plan_v1,draft,"{""v"":""visual_plan_v1"",""entities"":[{""id"":""e01"",""type"":""character"",""label"":""詩人""},{""id"":""e02"",""type"":""location"",""label"":""山中""},{""id"":""e03"",""type"":""location"",""label"":""船上""},{""id"":""e04"",""type"":""location"",""label"":""古道""},{""id"":""e05"",""type"":""object"",""label"":""小船""},{""id"":""e06"",""type"":""location"",""label"":""江邊""},{""id"":""e07"",""type"":""object"",""label"":""風""},{""id"":""e08"",""type"":""location"",""label"":""海邊""},{""id"":""e09"",""type"":""animal"",""label"":""鳥""}],""continuity"":{""recurring_entities"":[""e03"",""e05"",""e06""]},""scenes"":[{""id"":""p090_s01"",""setting"":""山中"",""time"":""未明示"",""mood"":""平靜"",""entities"":[""e01"",""e02"",""e03"",""e04"",""e05""],""actions"":[""前行""],""focus"":[""詩人"",""小船"",""前行""]},{""id"":""p090_s02"",""setting"":""江邊"",""time"":""未明示"",""mood"":""平靜"",""entities"":[""e06"",""e03"",""e07"",""e05""],""actions"":[],""focus"":[""風"",""小船""]},{""id"":""p090_s03"",""setting"":""江邊"",""time"":""夜晚"",""mood"":""平靜"",""entities"":[""e06"",""e08""],""actions"":[""前行""],""focus"":[""前行""]},{""id"":""p090_s04"",""setting"":""未明示"",""time"":""未明示"",""mood"":""平靜"",""entities"":[""e09""],""actions"":[""看望"",""前行""],""focus"":[""鳥"",""看望"",""前行""]}]}",依各 Scene 視覺計畫,"p090_s01｜場景：山中｜畫面核心：詩人、小船、前行｜動作：前行｜情緒：平靜｜出現：詩人、山中、船上、古道、小船
p090_s02｜場景：江邊｜畫面核心：風、小船｜情緒：平靜｜出現：江邊、船上、風、小船
p090_s03｜場景：江邊｜時間：夜晚｜畫面核心：前行｜動作：前行｜情緒：平靜｜出現：江邊、海邊
p090_s04｜場景：未明示｜畫面核心：鳥、看望、前行｜動作：看望、前行｜情緒：平靜｜出現：鳥","人物｜詩人
場景｜山中
場景｜船上
場景｜古道
物件｜小船
場景｜江邊
物件｜風
場景｜海邊
動物｜鳥",重複元素：船上、小船、江邊
91,常建,五言律詩,題破山寺後禪院,"清晨入古寺，初日照高林。
曲徑通幽處，禪房花木深。
山光悅鳥性，潭影空人心。
萬籟此俱寂，惟聞鐘磬音。","清晨我走進古老寺院，初升太陽照著高高樹林。
彎曲小路通往幽靜地方，禪房藏在花木深處。
山光讓鳥兒自在快樂，清潭倒影也讓人的心變得空靜。
四周各種聲音都安靜下來，只剩寺裡鐘磬聲。",1,9,visual_plan_v1,draft,"{""v"":""visual_plan_v1"",""entities"":[{""id"":""e01"",""type"":""character"",""label"":""詩人""},{""id"":""e02"",""type"":""plant"",""label"":""樹木""},{""id"":""e03"",""type"":""location"",""label"":""庭院""},{""id"":""e04"",""type"":""location"",""label"":""寺院""},{""id"":""e05"",""type"":""plant"",""label"":""花樹""},{""id"":""e06"",""type"":""location"",""label"":""房間""},{""id"":""e07"",""type"":""location"",""label"":""古道""},{""id"":""e08"",""type"":""animal"",""label"":""鳥""},{""id"":""e09"",""type"":""object"",""label"":""鐘""}],""continuity"":{""recurring_entities"":[""e04""]},""scenes"":[{""id"":""p091_s01"",""setting"":""庭院"",""time"":""未明示"",""mood"":""平靜"",""entities"":[""e01"",""e02"",""e03"",""e04""],""actions"":[""前行""],""focus"":[""詩人"",""樹木"",""前行""]},{""id"":""p091_s02"",""setting"":""房間"",""time"":""未明示"",""mood"":""安靜"",""entities"":[""e05"",""e06"",""e07""],""actions"":[],""focus"":[""花樹""]},{""id"":""p091_s03"",""setting"":""未明示"",""time"":""未明示"",""mood"":""悠閒"",""entities"":[""e08""],""actions"":[],""focus"":[""鳥""]},{""id"":""p091_s04"",""setting"":""寺院"",""time"":""未明示"",""mood"":""安靜"",""entities"":[""e04"",""e09""],""actions"":[],""focus"":[""鐘""]}]}",依各 Scene 視覺計畫,"p091_s01｜場景：庭院｜畫面核心：詩人、樹木、前行｜動作：前行｜情緒：平靜｜出現：詩人、樹木、庭院、寺院
p091_s02｜場景：房間｜畫面核心：花樹｜情緒：安靜｜出現：花樹、房間、古道
p091_s03｜場景：未明示｜畫面核心：鳥｜情緒：悠閒｜出現：鳥
p091_s04｜場景：寺院｜畫面核心：鐘｜情緒：安靜｜出現：寺院、鐘","人物｜詩人
植物｜樹木
場景｜庭院
場景｜寺院
植物｜花樹
場景｜房間
場景｜古道
動物｜鳥
物件｜鐘",重複元素：寺院
92,岑參,五言律詩,寄左省杜拾遺,"聯步趨丹陛，分曹限紫微。
曉隨天仗入，暮惹御香歸。
白髮悲花落，青雲羨鳥飛。
聖朝無闕事，自覺諫書稀。","以前我們一起走向宮殿台階，如今卻分到不同官署工作。
清晨跟著皇帝儀仗進宮，傍晚衣服上還帶著宮中的香氣回去。
看見花落，我想到自己白髮漸多；看鳥飛上青天，也羨慕那份自在。
太平朝廷似乎沒有太多缺失，連勸諫的奏章也變少了。",3,8,visual_plan_v1,draft,"{""v"":""visual_plan_v1"",""entities"":[{""id"":""e01"",""type"":""character"",""label"":""詩人""},{""id"":""e02"",""type"":""location"",""label"":""宮中""},{""id"":""e03"",""type"":""location"",""label"":""樓台""},{""id"":""e04"",""type"":""animal"",""label"":""鳥""},{""id"":""e05"",""type"":""plant"",""label"":""花樹""},{""id"":""e06"",""type"":""object"",""label"":""雲""},{""id"":""e07"",""type"":""object"",""label"":""花瓣""}],""continuity"":{""recurring_entities"":[""e01"",""e02""]},""scenes"":[{""id"":""p092_s01"",""setting"":""宮中"",""time"":""未明示"",""mood"":""平靜"",""entities"":[""e01"",""e02"",""e03""],""actions"":[""前行""],""focus"":[""詩人"",""前行""]},{""id"":""p092_s02"",""setting"":""宮中"",""time"":""清晨"",""mood"":""平靜"",""entities"":[""e02""],""actions"":[""前行""],""focus"":[""前行""]},{""id"":""p092_s03"",""setting"":""未明示"",""time"":""未明示"",""mood"":""悠閒"",""entities"":[""e01"",""e04"",""e05"",""e06"",""e07""],""actions"":[""看望""],""focus"":[""詩人"",""鳥"",""花樹"",""雲"",""花瓣""]},{""id"":""p092_s04"",""setting"":""未明示"",""time"":""未明示"",""mood"":""平靜"",""entities"":[],""actions"":[],""focus"":[]}]}",依各 Scene 視覺計畫,"p092_s01｜場景：宮中｜畫面核心：詩人、前行｜動作：前行｜情緒：平靜｜出現：詩人、宮中、樓台
p092_s02｜場景：宮中｜時間：清晨｜畫面核心：前行｜動作：前行｜情緒：平靜｜出現：宮中
p092_s03｜場景：未明示｜畫面核心：詩人、鳥、花樹、雲、花瓣｜動作：看望｜情緒：悠閒｜出現：詩人、鳥、花樹、雲、花瓣
p092_s04｜場景：未明示｜畫面核心：｜情緒：平靜","人物｜詩人
場景｜宮中
場景｜樓台
動物｜鳥
植物｜花樹
物件｜雲
物件｜花瓣",重複元素：詩人、宮中
93,李白,五言律詩,贈孟浩然,"吾愛孟夫子，風流天下聞。
紅顏棄軒冕，白首臥松雲。
醉月頻中聖，迷花不事君。
高山安可仰，徒此挹清芬。","我很敬愛孟浩然先生，他瀟灑高潔的名聲天下都知道。
年輕時就不在意官位，到老仍願睡在松林白雲之間。
他喜歡對著月亮飲酒，也愛花草山水，不願為做官失去自由。
這樣高尚的人我難以追上，只能敬仰他留下的清雅品格。",3,8,visual_plan_v1,draft,"{""v"":""visual_plan_v1"",""entities"":[{""id"":""e01"",""type"":""character"",""label"":""詩人""},{""id"":""e02"",""type"":""object"",""label"":""風""},{""id"":""e03"",""type"":""plant"",""label"":""松樹""},{""id"":""e04"",""type"":""location"",""label"":""森林""},{""id"":""e05"",""type"":""object"",""label"":""雲""},{""id"":""e06"",""type"":""plant"",""label"":""青草""},{""id"":""e07"",""type"":""plant"",""label"":""花樹""},{""id"":""e08"",""type"":""object"",""label"":""月亮""},{""id"":""e09"",""type"":""object"",""label"":""酒""},{""id"":""e10"",""type"":""location"",""label"":""山中""}],""continuity"":{""recurring_entities"":[""e01""]},""scenes"":[{""id"":""p093_s01"",""setting"":""未明示"",""time"":""未明示"",""mood"":""平靜"",""entities"":[""e01"",""e02""],""actions"":[],""focus"":[""詩人"",""風""]},{""id"":""p093_s02"",""setting"":""森林"",""time"":""未明示"",""mood"":""平靜"",""entities"":[""e03"",""e04"",""e05""],""actions"":[""休息""],""focus"":[""松樹"",""雲"",""休息""]},{""id"":""p093_s03"",""setting"":""未明示"",""time"":""未明示"",""mood"":""愉快"",""entities"":[""e06"",""e07"",""e08"",""e09""],""actions"":[""前行"",""飲酒""],""focus"":[""青草"",""花樹"",""月亮"",""酒"",""前行""]},{""id"":""p093_s04"",""setting"":""山中"",""time"":""未明示"",""mood"":""平靜"",""entities"":[""e01"",""e10""],""actions"":[],""focus"":[""詩人""]}]}",依各 Scene 視覺計畫,"p093_s01｜場景：未明示｜畫面核心：詩人、風｜情緒：平靜｜出現：詩人、風
p093_s02｜場景：森林｜畫面核心：松樹、雲、休息｜動作：休息｜情緒：平靜｜出現：松樹、森林、雲
p093_s03｜場景：未明示｜畫面核心：青草、花樹、月亮、酒、前行｜動作：前行、飲酒｜情緒：愉快｜出現：青草、花樹、月亮、酒
p093_s04｜場景：山中｜畫面核心：詩人｜情緒：平靜｜出現：詩人、山中","人物｜詩人
物件｜風
植物｜松樹
場景｜森林
物件｜雲
植物｜青草
植物｜花樹
物件｜月亮
物件｜酒
場景｜山中",重複元素：詩人
94,李白,五言律詩,渡荊門送別,"渡遠荆門外，來從楚國遊。
山隨平野盡，江入大荒流。
月下飛天鏡，雲生結海樓。
仍怜故鄉水，萬里送行舟。","我坐船遠遠渡過荊門，從蜀地來到楚地遊覽。
高山隨著平原出現而漸漸消失，大江流進遼闊原野。
月亮倒映江面像從天空飛下的鏡子，雲彩又像海市蜃樓般的城郭。
我還是最愛故鄉流來的江水，它好像一路送著我的船走了萬里。",3,8,visual_plan_v1,draft,"{""v"":""visual_plan_v1"",""entities"":[{""id"":""e01"",""type"":""character"",""label"":""詩人""},{""id"":""e02"",""type"":""location"",""label"":""船上""},{""id"":""e03"",""type"":""object"",""label"":""小船""},{""id"":""e04"",""type"":""location"",""label"":""山中""},{""id"":""e05"",""type"":""location"",""label"":""江邊""},{""id"":""e06"",""type"":""location"",""label"":""田野""},{""id"":""e07"",""type"":""location"",""label"":""海邊""},{""id"":""e08"",""type"":""location"",""label"":""城中""},{""id"":""e09"",""type"":""location"",""label"":""樓台""},{""id"":""e10"",""type"":""object"",""label"":""月亮""},{""id"":""e11"",""type"":""object"",""label"":""雲""},{""id"":""e12"",""type"":""location"",""label"":""古道""}],""continuity"":{""recurring_entities"":[""e01"",""e02"",""e03"",""e05""]},""scenes"":[{""id"":""p094_s01"",""setting"":""船上"",""time"":""未明示"",""mood"":""平靜"",""entities"":[""e01"",""e02"",""e03""],""actions"":[],""focus"":[""詩人"",""小船""]},{""id"":""p094_s02"",""setting"":""山中"",""time"":""未明示"",""mood"":""平靜"",""entities"":[""e04"",""e05"",""e06""],""actions"":[],""focus"":[]},{""id"":""p094_s03"",""setting"":""江邊"",""time"":""未明示"",""mood"":""平靜"",""entities"":[""e05"",""e07"",""e08"",""e09"",""e10"",""e11""],""actions"":[],""focus"":[""月亮"",""雲""]},{""id"":""p094_s04"",""setting"":""江邊"",""time"":""未明示"",""mood"":""平靜"",""entities"":[""e01"",""e05"",""e02"",""e12"",""e03""],""actions"":[""前行""],""focus"":[""詩人"",""小船"",""前行""]}]}",依各 Scene 視覺計畫,"p094_s01｜場景：船上｜畫面核心：詩人、小船｜情緒：平靜｜出現：詩人、船上、小船
p094_s02｜場景：山中｜畫面核心：｜情緒：平靜｜出現：山中、江邊、田野
p094_s03｜場景：江邊｜畫面核心：月亮、雲｜情緒：平靜｜出現：江邊、海邊、城中、樓台、月亮、雲
p094_s04｜場景：江邊｜畫面核心：詩人、小船、前行｜動作：前行｜情緒：平靜｜出現：詩人、江邊、船上、古道、小船","人物｜詩人
場景｜船上
物件｜小船
場景｜山中
場景｜江邊
場景｜田野
場景｜海邊
場景｜城中
場景｜樓台
物件｜月亮
物件｜雲
場景｜古道",重複元素：詩人、船上、小船、江邊
95,李白,五言律詩,送友人,"青山橫北郭，白水繞東城。
此地一為別，孤蓬萬里征。
浮雲遊子意，落日故人情。
揮手自茲去，蕭蕭班馬鳴。","青山橫在城北，白水繞過城東。
我們就在這裡分別，你將像飄飛的蓬草一樣遠行萬里。
天空浮雲像遊子的漂泊心情，落日則像老朋友捨不得你的情意。
從此揮手告別，連離群的馬也蕭蕭叫著，好像同樣不捨。",3,8,visual_plan_v1,draft,"{""v"":""visual_plan_v1"",""entities"":[{""id"":""e01"",""type"":""location"",""label"":""山中""},{""id"":""e02"",""type"":""location"",""label"":""城中""},{""id"":""e03"",""type"":""character"",""label"":""詩人""},{""id"":""e04"",""type"":""plant"",""label"":""青草""},{""id"":""e05"",""type"":""character"",""label"":""朋友""},{""id"":""e06"",""type"":""character"",""label"":""旅人""},{""id"":""e07"",""type"":""object"",""label"":""雲""},{""id"":""e08"",""type"":""animal"",""label"":""馬""}],""continuity"":{""recurring_entities"":[]},""scenes"":[{""id"":""p095_s01"",""setting"":""山中"",""time"":""未明示"",""mood"":""平靜"",""entities"":[""e01"",""e02""],""actions"":[],""focus"":[]},{""id"":""p095_s02"",""setting"":""未明示"",""time"":""未明示"",""mood"":""平靜"",""entities"":[""e03"",""e04""],""actions"":[""前行""],""focus"":[""詩人"",""青草"",""前行""]},{""id"":""p095_s03"",""setting"":""未明示"",""time"":""未明示"",""mood"":""平靜"",""entities"":[""e05"",""e06"",""e07""],""actions"":[],""focus"":[""朋友"",""旅人"",""雲""]},{""id"":""p095_s04"",""setting"":""未明示"",""time"":""未明示"",""mood"":""感傷"",""entities"":[""e08""],""actions"":[],""focus"":[""馬""]}]}",依各 Scene 視覺計畫,"p095_s01｜場景：山中｜畫面核心：｜情緒：平靜｜出現：山中、城中
p095_s02｜場景：未明示｜畫面核心：詩人、青草、前行｜動作：前行｜情緒：平靜｜出現：詩人、青草
p095_s03｜場景：未明示｜畫面核心：朋友、旅人、雲｜情緒：平靜｜出現：朋友、旅人、雲
p095_s04｜場景：未明示｜畫面核心：馬｜情緒：感傷｜出現：馬","場景｜山中
場景｜城中
人物｜詩人
植物｜青草
人物｜朋友
人物｜旅人
物件｜雲
動物｜馬",
96,李白,五言律詩,聽蜀僧濬彈琴,"蜀僧抱綠綺，西下峨眉峰。
爲我一揮手，如聽萬壑松。
客心洗流水，餘響入霜鐘。
不覺碧山暮，秋雲暗幾重。","蜀地和尚抱著名琴，從峨眉山一路向西而來。
他為我一揮手彈琴，聲音像萬座山谷裡的松風同時響起。
琴聲像流水洗去旅人的煩惱，餘音又和晚鐘融合在一起。
我聽得太入神，不知不覺青山已暗，秋雲也一層層變深。",3,8,visual_plan_v1,draft,"{""v"":""visual_plan_v1"",""entities"":[{""id"":""e01"",""type"":""character"",""label"":""僧人""},{""id"":""e02"",""type"":""location"",""label"":""古道""},{""id"":""e03"",""type"":""object"",""label"":""古琴""},{""id"":""e04"",""type"":""character"",""label"":""詩人""},{""id"":""e05"",""type"":""plant"",""label"":""松樹""},{""id"":""e06"",""type"":""location"",""label"":""山谷""},{""id"":""e07"",""type"":""object"",""label"":""風""},{""id"":""e08"",""type"":""character"",""label"":""旅人""},{""id"":""e09"",""type"":""object"",""label"":""霜""},{""id"":""e10"",""type"":""object"",""label"":""鐘""},{""id"":""e11"",""type"":""location"",""label"":""山中""},{""id"":""e12"",""type"":""object"",""label"":""雲""}],""continuity"":{""recurring_entities"":[""e03"",""e04""]},""scenes"":[{""id"":""p096_s01"",""setting"":""古道"",""time"":""未明示"",""mood"":""平靜"",""entities"":[""e01"",""e02"",""e03""],""actions"":[],""focus"":[""僧人"",""古琴""]},{""id"":""p096_s02"",""setting"":""山谷"",""time"":""未明示"",""mood"":""平靜"",""entities"":[""e04"",""e05"",""e06"",""e07"",""e03""],""actions"":[""彈奏""],""focus"":[""詩人"",""松樹"",""風"",""古琴"",""彈奏""]},{""id"":""p096_s03"",""setting"":""未明示"",""time"":""未明示"",""mood"":""平靜"",""entities"":[""e08"",""e09"",""e10"",""e03""],""actions"":[""前行""],""focus"":[""旅人"",""霜"",""鐘"",""古琴"",""前行""]},{""id"":""p096_s04"",""setting"":""山中"",""time"":""黃昏"",""mood"":""平靜"",""entities"":[""e04"",""e11"",""e12""],""actions"":[""聆聽""],""focus"":[""詩人"",""雲"",""聆聽""]}]}",依各 Scene 視覺計畫,"p096_s01｜場景：古道｜畫面核心：僧人、古琴｜情緒：平靜｜出現：僧人、古道、古琴
p096_s02｜場景：山谷｜畫面核心：詩人、松樹、風、古琴、彈奏｜動作：彈奏｜情緒：平靜｜出現：詩人、松樹、山谷、風、古琴
p096_s03｜場景：未明示｜畫面核心：旅人、霜、鐘、古琴、前行｜動作：前行｜情緒：平靜｜出現：旅人、霜、鐘、古琴
p096_s04｜場景：山中｜時間：黃昏｜畫面核心：詩人、雲、聆聽｜動作：聆聽｜情緒：平靜｜出現：詩人、山中、雲","人物｜僧人
場景｜古道
物件｜古琴
人物｜詩人
植物｜松樹
場景｜山谷
物件｜風
人物｜旅人
物件｜霜
物件｜鐘
場景｜山中
物件｜雲",重複元素：古琴、詩人
97,李白,五言律詩,夜泊牛渚懷古,"牛渚西江夜，青天無片雲。
登舟望秋月，空憶謝將軍。
余亦能高詠，斯人不可聞。
明朝挂帆席，楓葉落紛紛。","夜裡停船在牛渚西江，天空乾淨得沒有一片雲。
我登船望著秋月，想起古代謝尚在這裡賞識詩人的故事。
我也能高聲吟詩，可惜如今沒有像謝將軍那樣懂我的人來聽。
明天就要掛帆離開，只見楓葉紛紛落下。",3,8,visual_plan_v1,draft,"{""v"":""visual_plan_v1"",""entities"":[{""id"":""e01"",""type"":""animal"",""label"":""牛""},{""id"":""e02"",""type"":""location"",""label"":""江邊""},{""id"":""e03"",""type"":""location"",""label"":""船上""},{""id"":""e04"",""type"":""object"",""label"":""雲""},{""id"":""e05"",""type"":""object"",""label"":""小船""},{""id"":""e06"",""type"":""character"",""label"":""詩人""},{""id"":""e07"",""type"":""object"",""label"":""月亮""},{""id"":""e08"",""type"":""character"",""label"":""將軍""}],""continuity"":{""recurring_entities"":[""e03"",""e05"",""e06""]},""scenes"":[{""id"":""p097_s01"",""setting"":""江邊"",""time"":""夜晚"",""mood"":""平靜"",""entities"":[""e01"",""e02"",""e03"",""e04"",""e05""],""actions"":[],""focus"":[""牛"",""雲"",""小船""]},{""id"":""p097_s02"",""setting"":""船上"",""time"":""秋天"",""mood"":""平靜"",""entities"":[""e06"",""e03"",""e07"",""e05""],""actions"":[""看望"",""前行""],""focus"":[""詩人"",""月亮"",""小船"",""看望"",""前行""]},{""id"":""p097_s03"",""setting"":""未明示"",""time"":""未明示"",""mood"":""感傷"",""entities"":[""e06"",""e08""],""actions"":[""聆聽""],""focus"":[""詩人"",""將軍"",""聆聽""]},{""id"":""p097_s04"",""setting"":""未明示"",""time"":""未明示"",""mood"":""平靜"",""entities"":[],""actions"":[],""focus"":[]}]}",依各 Scene 視覺計畫,"p097_s01｜場景：江邊｜時間：夜晚｜畫面核心：牛、雲、小船｜情緒：平靜｜出現：牛、江邊、船上、雲、小船
p097_s02｜場景：船上｜時間：秋天｜畫面核心：詩人、月亮、小船、看望、前行｜動作：看望、前行｜情緒：平靜｜出現：詩人、船上、月亮、小船
p097_s03｜場景：未明示｜畫面核心：詩人、將軍、聆聽｜動作：聆聽｜情緒：感傷｜出現：詩人、將軍
p097_s04｜場景：未明示｜畫面核心：｜情緒：平靜","動物｜牛
場景｜江邊
場景｜船上
物件｜雲
物件｜小船
人物｜詩人
物件｜月亮
人物｜將軍",重複元素：船上、小船、詩人
98,杜甫,五言律詩,春望,"國破山河在，城春草木深。
感時花濺淚，恨別鳥驚心。
烽火連三月，家書抵萬金。
白頭搔更短，渾欲不勝簪。","國家雖遭戰亂，山河還在；春天城裡卻草木長得荒亂深密。
想到時局就連看花都想流淚，痛恨離別，聽鳥叫也讓人心驚。
戰火一連燒了好幾個月，一封家書珍貴得像萬兩黃金。
我愁得一直抓頭，白髮越來越短，幾乎連髮簪都插不住了。",5,8,visual_plan_v1,draft,"{""v"":""visual_plan_v1"",""entities"":[{""id"":""e01"",""type"":""plant"",""label"":""青草""},{""id"":""e02"",""type"":""location"",""label"":""河岸""},{""id"":""e03"",""type"":""location"",""label"":""城中""},{""id"":""e04"",""type"":""animal"",""label"":""鳥""},{""id"":""e05"",""type"":""plant"",""label"":""花樹""},{""id"":""e06"",""type"":""object"",""label"":""月亮""},{""id"":""e07"",""type"":""character"",""label"":""詩人""}],""continuity"":{""recurring_entities"":[]},""scenes"":[{""id"":""p098_s01"",""setting"":""河岸"",""time"":""春天"",""mood"":""平靜"",""entities"":[""e01"",""e02"",""e03""],""actions"":[],""focus"":[""青草""]},{""id"":""p098_s02"",""setting"":""未明示"",""time"":""未明示"",""mood"":""感傷"",""entities"":[""e04"",""e05""],""actions"":[""看望"",""聆聽"",""哭泣""],""focus"":[""鳥"",""花樹"",""看望"",""聆聽"",""哭泣""]},{""id"":""p098_s03"",""setting"":""未明示"",""time"":""未明示"",""mood"":""平靜"",""entities"":[""e06""],""actions"":[],""focus"":[""月亮""]},{""id"":""p098_s04"",""setting"":""未明示"",""time"":""未明示"",""mood"":""平靜"",""entities"":[""e07""],""actions"":[],""focus"":[""詩人""]}]}",依各 Scene 視覺計畫,"p098_s01｜場景：河岸｜時間：春天｜畫面核心：青草｜情緒：平靜｜出現：青草、河岸、城中
p098_s02｜場景：未明示｜畫面核心：鳥、花樹、看望、聆聽、哭泣｜動作：看望、聆聽、哭泣｜情緒：感傷｜出現：鳥、花樹
p098_s03｜場景：未明示｜畫面核心：月亮｜情緒：平靜｜出現：月亮
p098_s04｜場景：未明示｜畫面核心：詩人｜情緒：平靜｜出現：詩人","植物｜青草
場景｜河岸
場景｜城中
動物｜鳥
植物｜花樹
物件｜月亮
人物｜詩人",
99,杜甫,五言律詩,月夜,"今夜鄜州月，閨中只獨看。
遙憐小兒女，未解憶長安。
香霧雲鬟濕，清輝玉臂寒。
何時倚虛幌，雙照淚痕乾。","今晚鄜州的月亮，大概只有妻子一個人在房裡看。
我想念遠方的小兒女，他們年紀還小，不懂得一起思念長安的我。
夜霧會把妻子的頭髮弄濕，清冷月光也會讓她的手臂發涼。
不知道哪天我們才能一起靠著窗簾看月亮，讓彼此臉上的淚痕都乾掉。",3,8,visual_plan_v1,draft,"{""v"":""visual_plan_v1"",""entities"":[{""id"":""e01"",""type"":""location"",""label"":""房間""},{""id"":""e02"",""type"":""object"",""label"":""月亮""},{""id"":""e03"",""type"":""character"",""label"":""詩人""},{""id"":""e04"",""type"":""object"",""label"":""雲""},{""id"":""e05"",""type"":""object"",""label"":""窗戶""}],""continuity"":{""recurring_entities"":[""e01"",""e02"",""e03""]},""scenes"":[{""id"":""p099_s01"",""setting"":""房間"",""time"":""夜晚"",""mood"":""平靜"",""entities"":[""e01"",""e02""],""actions"":[""看望""],""focus"":[""月亮"",""看望""]},{""id"":""p099_s02"",""setting"":""未明示"",""time"":""未明示"",""mood"":""思念"",""entities"":[""e03""],""actions"":[""思念""],""focus"":[""詩人"",""思念""]},{""id"":""p099_s03"",""setting"":""未明示"",""time"":""夜晚"",""mood"":""平靜"",""entities"":[""e02"",""e04""],""actions"":[],""focus"":[""月亮"",""雲""]},{""id"":""p099_s04"",""setting"":""房間"",""time"":""未明示"",""mood"":""感傷"",""entities"":[""e03"",""e01"",""e02"",""e05""],""actions"":[""看望"",""哭泣""],""focus"":[""詩人"",""月亮"",""窗戶"",""看望"",""哭泣""]}]}",依各 Scene 視覺計畫,"p099_s01｜場景：房間｜時間：夜晚｜畫面核心：月亮、看望｜動作：看望｜情緒：平靜｜出現：房間、月亮
p099_s02｜場景：未明示｜畫面核心：詩人、思念｜動作：思念｜情緒：思念｜出現：詩人
p099_s03｜場景：未明示｜時間：夜晚｜畫面核心：月亮、雲｜情緒：平靜｜出現：月亮、雲
p099_s04｜場景：房間｜畫面核心：詩人、月亮、窗戶、看望、哭泣｜動作：看望、哭泣｜情緒：感傷｜出現：詩人、房間、月亮、窗戶","場景｜房間
物件｜月亮
人物｜詩人
物件｜雲
物件｜窗戶",重複元素：房間、月亮、詩人
100,杜甫,五言律詩,春宿左省,"花隱掖垣暮，啾啾棲鳥過。
星臨萬戶動，月傍九霄多。
不寢聽金鑰，因風想玉珂。
明朝有封事，數問夜如何。","傍晚花影藏在宮牆旁，歸巢的鳥啾啾飛過。
星光像靠近千家萬戶，月亮高高照在宮城上空。
我睡不著，聽著宮門金鑰聲；風吹來時又想像官員馬飾的聲音。
明早我要呈上奏章，所以一再問自己現在夜到幾更了。",3,8,visual_plan_v1,draft,"{""v"":""visual_plan_v1"",""entities"":[{""id"":""e01"",""type"":""animal"",""label"":""鳥""},{""id"":""e02"",""type"":""plant"",""label"":""花樹""},{""id"":""e03"",""type"":""location"",""label"":""宮中""},{""id"":""e04"",""type"":""location"",""label"":""城中""},{""id"":""e05"",""type"":""object"",""label"":""月亮""},{""id"":""e06"",""type"":""character"",""label"":""詩人""},{""id"":""e07"",""type"":""animal"",""label"":""馬""},{""id"":""e08"",""type"":""object"",""label"":""風""}],""continuity"":{""recurring_entities"":[""e03"",""e06""]},""scenes"":[{""id"":""p100_s01"",""setting"":""宮中"",""time"":""黃昏"",""mood"":""平靜"",""entities"":[""e01"",""e02"",""e03""],""actions"":[""前行""],""focus"":[""鳥"",""花樹"",""前行""]},{""id"":""p100_s02"",""setting"":""城中"",""time"":""夜晚"",""mood"":""平靜"",""entities"":[""e04"",""e03"",""e05""],""actions"":[],""focus"":[""月亮""]},{""id"":""p100_s03"",""setting"":""宮中"",""time"":""未明示"",""mood"":""平靜"",""entities"":[""e06"",""e07"",""e03"",""e08""],""actions"":[""聆聽"",""休息""],""focus"":[""詩人"",""馬"",""風"",""聆聽"",""休息""]},{""id"":""p100_s04"",""setting"":""未明示"",""time"":""夜晚"",""mood"":""平靜"",""entities"":[""e06""],""actions"":[],""focus"":[""詩人""]}]}",依各 Scene 視覺計畫,"p100_s01｜場景：宮中｜時間：黃昏｜畫面核心：鳥、花樹、前行｜動作：前行｜情緒：平靜｜出現：鳥、花樹、宮中
p100_s02｜場景：城中｜時間：夜晚｜畫面核心：月亮｜情緒：平靜｜出現：城中、宮中、月亮
p100_s03｜場景：宮中｜畫面核心：詩人、馬、風、聆聽、休息｜動作：聆聽、休息｜情緒：平靜｜出現：詩人、馬、宮中、風
p100_s04｜場景：未明示｜時間：夜晚｜畫面核心：詩人｜情緒：平靜｜出現：詩人","動物｜鳥
植物｜花樹
場景｜宮中
場景｜城中
物件｜月亮
人物｜詩人
動物｜馬
物件｜風",重複元素：宮中、詩人
101,杜甫,五言律詩,至德二載甫自京金光門出 間道歸鳳翔 乾元初從左拾遺移華州掾 與親故別 因出此門 有悲往事,"此道昔歸順，西郊胡正繁。
至今殘破膽，應有未招魂。
近得歸京邑，移官豈至尊。
無才日衰老，駐馬望千門。","我以前就是走這條路逃出京城投奔朝廷，那時西郊敵軍很多。
想到當時危險，到現在還心有餘悸，像有一部分魂都沒完全回來。
最近好不容易回到京城，如今調任外職，並不是皇帝特別責怪我。
只是自己才力不足又一天比一天衰老，我停下馬回望京城千門。",3,8,visual_plan_v1,draft,"{""v"":""visual_plan_v1"",""entities"":[{""id"":""e01"",""type"":""character"",""label"":""詩人""},{""id"":""e02"",""type"":""location"",""label"":""城中""},{""id"":""e03"",""type"":""location"",""label"":""古道""},{""id"":""e04"",""type"":""animal"",""label"":""馬""}],""continuity"":{""recurring_entities"":[""e01"",""e02""]},""scenes"":[{""id"":""p101_s01"",""setting"":""城中"",""time"":""未明示"",""mood"":""平靜"",""entities"":[""e01"",""e02"",""e03""],""actions"":[""前行""],""focus"":[""詩人"",""前行""]},{""id"":""p101_s02"",""setting"":""未明示"",""time"":""未明示"",""mood"":""平靜"",""entities"":[],""actions"":[],""focus"":[]},{""id"":""p101_s03"",""setting"":""城中"",""time"":""未明示"",""mood"":""平靜"",""entities"":[""e01"",""e02""],""actions"":[],""focus"":[""詩人""]},{""id"":""p101_s04"",""setting"":""城中"",""time"":""未明示"",""mood"":""平靜"",""entities"":[""e01"",""e04"",""e02""],""actions"":[""看望""],""focus"":[""詩人"",""馬"",""看望""]}]}",依各 Scene 視覺計畫,"p101_s01｜場景：城中｜畫面核心：詩人、前行｜動作：前行｜情緒：平靜｜出現：詩人、城中、古道
p101_s02｜場景：未明示｜畫面核心：｜情緒：平靜
p101_s03｜場景：城中｜畫面核心：詩人｜情緒：平靜｜出現：詩人、城中
p101_s04｜場景：城中｜畫面核心：詩人、馬、看望｜動作：看望｜情緒：平靜｜出現：詩人、馬、城中","人物｜詩人
場景｜城中
場景｜古道
動物｜馬",重複元素：詩人、城中
102,杜甫,五言律詩,月夜憶舍弟,"戍鼓斷人行，邊秋一雁聲。
露從今夜白，月是故鄉明。
有弟皆分散，無家問死生。
寄書長不達，況乃未休兵。","守軍鼓聲響起，路上行人都停止來往；邊地秋夜傳來一聲孤雁。
從今晚開始露水變白，我總覺得還是故鄉的月亮最明亮。
兄弟們全都分散各地，連家都不存在了，不知道彼此是生是死。
寄出的信常常送不到，更何況現在戰爭還沒有停止。",4,9,visual_plan_v1,draft,"{""v"":""visual_plan_v1"",""entities"":[{""id"":""e01"",""type"":""animal"",""label"":""鳥""},{""id"":""e02"",""type"":""location"",""label"":""古道""},{""id"":""e03"",""type"":""character"",""label"":""詩人""},{""id"":""e04"",""type"":""object"",""label"":""月亮""},{""id"":""e05"",""type"":""object"",""label"":""露水""}],""continuity"":{""recurring_entities"":[]},""scenes"":[{""id"":""p102_s01"",""setting"":""古道"",""time"":""夜晚"",""mood"":""平靜"",""entities"":[""e01"",""e02""],""actions"":[""前行""],""focus"":[""鳥"",""前行""]},{""id"":""p102_s02"",""setting"":""未明示"",""time"":""夜晚"",""mood"":""平靜"",""entities"":[""e03"",""e04"",""e05""],""actions"":[],""focus"":[""詩人"",""月亮"",""露水""]},{""id"":""p102_s03"",""setting"":""未明示"",""time"":""未明示"",""mood"":""平靜"",""entities"":[],""actions"":[],""focus"":[]},{""id"":""p102_s04"",""setting"":""未明示"",""time"":""未明示"",""mood"":""平靜"",""entities"":[],""actions"":[],""focus"":[]}]}",依各 Scene 視覺計畫,"p102_s01｜場景：古道｜時間：夜晚｜畫面核心：鳥、前行｜動作：前行｜情緒：平靜｜出現：鳥、古道
p102_s02｜場景：未明示｜時間：夜晚｜畫面核心：詩人、月亮、露水｜情緒：平靜｜出現：詩人、月亮、露水
p102_s03｜場景：未明示｜畫面核心：｜情緒：平靜
p102_s04｜場景：未明示｜畫面核心：｜情緒：平靜","動物｜鳥
場景｜古道
人物｜詩人
物件｜月亮
物件｜露水",
103,杜甫,五言律詩,天末懷李白,"涼風起天末，君子意如何？
鴻雁幾時到？江湖秋水多。
文章憎命達，魑魅喜人過。
應共冤魂語，投詩贈汨羅。","涼風從遙遠天邊吹起，不知道遠方的你現在心情如何？
傳信的大雁什麼時候才會到？秋天江湖水大，路上更危險。
有才華的人好像反而命運不順，邪惡的東西卻最愛趁人倒楣時傷害他。
你大概會想起屈原那樣受冤的人，甚至想寫詩到汨羅江祭他吧。",3,8,visual_plan_v1,draft,"{""v"":""visual_plan_v1"",""entities"":[{""id"":""e01"",""type"":""object"",""label"":""風""},{""id"":""e02"",""type"":""animal"",""label"":""鳥""},{""id"":""e03"",""type"":""location"",""label"":""江邊""},{""id"":""e04"",""type"":""location"",""label"":""湖邊""},{""id"":""e05"",""type"":""location"",""label"":""古道""}],""continuity"":{""recurring_entities"":[""e03""]},""scenes"":[{""id"":""p103_s01"",""setting"":""未明示"",""time"":""未明示"",""mood"":""平靜"",""entities"":[""e01""],""actions"":[],""focus"":[""風""]},{""id"":""p103_s02"",""setting"":""江邊"",""time"":""秋天"",""mood"":""平靜"",""entities"":[""e02"",""e03"",""e04"",""e05""],""actions"":[""等待""],""focus"":[""鳥"",""等待""]},{""id"":""p103_s03"",""setting"":""未明示"",""time"":""未明示"",""mood"":""平靜"",""entities"":[],""actions"":[],""focus"":[]},{""id"":""p103_s04"",""setting"":""江邊"",""time"":""未明示"",""mood"":""平靜"",""entities"":[""e03""],""actions"":[],""focus"":[]}]}",依各 Scene 視覺計畫,"p103_s01｜場景：未明示｜畫面核心：風｜情緒：平靜｜出現：風
p103_s02｜場景：江邊｜時間：秋天｜畫面核心：鳥、等待｜動作：等待｜情緒：平靜｜出現：鳥、江邊、湖邊、古道
p103_s03｜場景：未明示｜畫面核心：｜情緒：平靜
p103_s04｜場景：江邊｜畫面核心：｜情緒：平靜｜出現：江邊","物件｜風
動物｜鳥
場景｜江邊
場景｜湖邊
場景｜古道",重複元素：江邊
104,杜甫,五言律詩,奉濟驛重送嚴公四韻,"遠送從此別，青山空復情。
幾時杯重把？昨夜月同行。
列郡謳歌惜，三朝出入榮。
江村獨歸處，寂寞養殘生。","一路送你到這裡終於要分別了，只剩青山好像還帶著我們的情意。
不知道何時才能再次舉杯？昨夜我們還曾一起在月光下同行。
很多地方的百姓都歌頌、捨不得你，你也曾在三朝出入朝廷，十分榮耀。
而我將獨自回到江村，在寂寞中照顧年老多病的自己。",3,8,visual_plan_v1,draft,"{""v"":""visual_plan_v1"",""entities"":[{""id"":""e01"",""type"":""character"",""label"":""詩人""},{""id"":""e02"",""type"":""location"",""label"":""山中""},{""id"":""e03"",""type"":""location"",""label"":""古道""},{""id"":""e04"",""type"":""object"",""label"":""月亮""},{""id"":""e05"",""type"":""location"",""label"":""江邊""},{""id"":""e06"",""type"":""location"",""label"":""村莊""}],""continuity"":{""recurring_entities"":[""e01""]},""scenes"":[{""id"":""p104_s01"",""setting"":""山中"",""time"":""未明示"",""mood"":""平靜"",""entities"":[""e01"",""e02"",""e03""],""actions"":[],""focus"":[""詩人""]},{""id"":""p104_s02"",""setting"":""未明示"",""time"":""夜晚"",""mood"":""平靜"",""entities"":[""e01"",""e04""],""actions"":[""前行""],""focus"":[""詩人"",""月亮"",""前行""]},{""id"":""p104_s03"",""setting"":""未明示"",""time"":""未明示"",""mood"":""平靜"",""entities"":[],""actions"":[],""focus"":[]},{""id"":""p104_s04"",""setting"":""江邊"",""time"":""未明示"",""mood"":""孤寂"",""entities"":[""e01"",""e05"",""e06""],""actions"":[],""focus"":[""詩人""]}]}",依各 Scene 視覺計畫,"p104_s01｜場景：山中｜畫面核心：詩人｜情緒：平靜｜出現：詩人、山中、古道
p104_s02｜場景：未明示｜時間：夜晚｜畫面核心：詩人、月亮、前行｜動作：前行｜情緒：平靜｜出現：詩人、月亮
p104_s03｜場景：未明示｜畫面核心：｜情緒：平靜
p104_s04｜場景：江邊｜畫面核心：詩人｜情緒：孤寂｜出現：詩人、江邊、村莊","人物｜詩人
場景｜山中
場景｜古道
物件｜月亮
場景｜江邊
場景｜村莊",重複元素：詩人
105,杜甫,五言律詩,別房太尉墓,"他鄉復行役，駐馬別孤墳。
近淚無乾土，低空有斷雲。
對棋陪謝傅，把劍覓徐君。
惟見林花落，鶯啼送客聞。","我又要在異鄉趕路，特地停下馬向朋友孤單的墳墓告別。
最近常來哭祭，墳前泥土幾乎沒有乾過，低空又飄著斷斷續續的雲。
以前我們曾像謝安與朋友一樣對坐下棋，我也曾想像季札守信掛劍的故事。
如今只看見林中花朵落下，黃鶯鳴叫著像在送我這個旅人離去。",3,8,visual_plan_v1,draft,"{""v"":""visual_plan_v1"",""entities"":[{""id"":""e01"",""type"":""character"",""label"":""詩人""},{""id"":""e02"",""type"":""character"",""label"":""朋友""},{""id"":""e03"",""type"":""animal"",""label"":""馬""},{""id"":""e04"",""type"":""location"",""label"":""古道""},{""id"":""e05"",""type"":""object"",""label"":""雲""},{""id"":""e06"",""type"":""character"",""label"":""旅人""},{""id"":""e07"",""type"":""animal"",""label"":""鳥""},{""id"":""e08"",""type"":""plant"",""label"":""花樹""},{""id"":""e09"",""type"":""location"",""label"":""森林""},{""id"":""e10"",""type"":""object"",""label"":""花瓣""}],""continuity"":{""recurring_entities"":[""e01"",""e02""]},""scenes"":[{""id"":""p105_s01"",""setting"":""古道"",""time"":""未明示"",""mood"":""孤寂"",""entities"":[""e01"",""e02"",""e03"",""e04""],""actions"":[],""focus"":[""詩人"",""朋友"",""馬""]},{""id"":""p105_s02"",""setting"":""未明示"",""time"":""未明示"",""mood"":""平靜"",""entities"":[""e05""],""actions"":[""哭泣""],""focus"":[""雲"",""哭泣""]},{""id"":""p105_s03"",""setting"":""未明示"",""time"":""未明示"",""mood"":""平靜"",""entities"":[""e01"",""e02""],""actions"":[],""focus"":[""詩人"",""朋友""]},{""id"":""p105_s04"",""setting"":""森林"",""time"":""未明示"",""mood"":""平靜"",""entities"":[""e01"",""e06"",""e07"",""e08"",""e09"",""e10""],""actions"":[""看望"",""前行""],""focus"":[""詩人"",""旅人"",""鳥"",""花樹"",""花瓣""]}]}",依各 Scene 視覺計畫,"p105_s01｜場景：古道｜畫面核心：詩人、朋友、馬｜情緒：孤寂｜出現：詩人、朋友、馬、古道
p105_s02｜場景：未明示｜畫面核心：雲、哭泣｜動作：哭泣｜情緒：平靜｜出現：雲
p105_s03｜場景：未明示｜畫面核心：詩人、朋友｜情緒：平靜｜出現：詩人、朋友
p105_s04｜場景：森林｜畫面核心：詩人、旅人、鳥、花樹、花瓣｜動作：看望、前行｜情緒：平靜｜出現：詩人、旅人、鳥、花樹、森林、花瓣","人物｜詩人
人物｜朋友
動物｜馬
場景｜古道
物件｜雲
人物｜旅人
動物｜鳥
植物｜花樹
場景｜森林
物件｜花瓣",重複元素：詩人、朋友
106,杜甫,五言律詩,旅夜書懷,"細草微風岸，危檣獨夜舟。
星垂平野闊，月湧大江流。
名豈文章著，官應老病休。
飄飄何所似？天地一沙鷗。","岸邊細草被微風吹動，夜裡只有一艘高桅小船孤單停著。
星星低垂讓平野更顯遼闊，月光隨大江奔流，好像從水面湧出。
我的名聲難道只是因文章而來？離官大概也不是單純因年老生病吧。
我四處漂泊像什麼呢？就像天地間一隻孤單沙鷗。",3,8,visual_plan_v1,draft,"{""v"":""visual_plan_v1"",""entities"":[{""id"":""e01"",""type"":""plant"",""label"":""青草""},{""id"":""e02"",""type"":""location"",""label"":""船上""},{""id"":""e03"",""type"":""object"",""label"":""風""},{""id"":""e04"",""type"":""object"",""label"":""小船""},{""id"":""e05"",""type"":""location"",""label"":""江邊""},{""id"":""e06"",""type"":""object"",""label"":""月亮""},{""id"":""e07"",""type"":""character"",""label"":""詩人""}],""continuity"":{""recurring_entities"":[""e07""]},""scenes"":[{""id"":""p106_s01"",""setting"":""船上"",""time"":""夜晚"",""mood"":""孤寂"",""entities"":[""e01"",""e02"",""e03"",""e04""],""actions"":[],""focus"":[""青草"",""風"",""小船""]},{""id"":""p106_s02"",""setting"":""江邊"",""time"":""夜晚"",""mood"":""平靜"",""entities"":[""e05"",""e06""],""actions"":[],""focus"":[""月亮""]},{""id"":""p106_s03"",""setting"":""未明示"",""time"":""未明示"",""mood"":""平靜"",""entities"":[""e07""],""actions"":[],""focus"":[""詩人""]},{""id"":""p106_s04"",""setting"":""未明示"",""time"":""未明示"",""mood"":""孤寂"",""entities"":[""e07""],""actions"":[],""focus"":[""詩人""]}]}",依各 Scene 視覺計畫,"p106_s01｜場景：船上｜時間：夜晚｜畫面核心：青草、風、小船｜情緒：孤寂｜出現：青草、船上、風、小船
p106_s02｜場景：江邊｜時間：夜晚｜畫面核心：月亮｜情緒：平靜｜出現：江邊、月亮
p106_s03｜場景：未明示｜畫面核心：詩人｜情緒：平靜｜出現：詩人
p106_s04｜場景：未明示｜畫面核心：詩人｜情緒：孤寂｜出現：詩人","植物｜青草
場景｜船上
物件｜風
物件｜小船
場景｜江邊
物件｜月亮
人物｜詩人",重複元素：詩人
107,杜甫,五言律詩,登岳陽樓,"昔聞洞庭水，今上岳陽樓。
吳楚東南坼，乾坤日夜浮。
親朋無一字，老病有孤舟。
戎馬關山北，憑軒涕泗流。","以前只聽說洞庭湖有多大，今天終於登上岳陽樓親眼看見。
湖水像把吳楚大地分開，天地日月也彷彿都浮在水面上。
親友很久沒有一封信，我又老又病，只剩一艘孤船陪著自己。
北方關山仍有戰事，我靠著樓窗想到國家和自己，眼淚不停流下。",4,8,visual_plan_v1,draft,"{""v"":""visual_plan_v1"",""entities"":[{""id"":""e01"",""type"":""location"",""label"":""湖邊""},{""id"":""e02"",""type"":""location"",""label"":""庭院""},{""id"":""e03"",""type"":""location"",""label"":""樓台""},{""id"":""e04"",""type"":""object"",""label"":""月亮""},{""id"":""e05"",""type"":""character"",""label"":""詩人""},{""id"":""e06"",""type"":""location"",""label"":""船上""},{""id"":""e07"",""type"":""object"",""label"":""小船""},{""id"":""e08"",""type"":""animal"",""label"":""馬""},{""id"":""e09"",""type"":""location"",""label"":""房間""},{""id"":""e10"",""type"":""location"",""label"":""關塞""},{""id"":""e11"",""type"":""object"",""label"":""窗戶""}],""continuity"":{""recurring_entities"":[""e01"",""e03"",""e05""]},""scenes"":[{""id"":""p107_s01"",""setting"":""湖邊"",""time"":""未明示"",""mood"":""平靜"",""entities"":[""e01"",""e02"",""e03""],""actions"":[""看望"",""聆聽"",""前行""],""focus"":[""看望"",""聆聽"",""前行""]},{""id"":""p107_s02"",""setting"":""湖邊"",""time"":""夜晚"",""mood"":""平靜"",""entities"":[""e01"",""e04""],""actions"":[],""focus"":[""月亮""]},{""id"":""p107_s03"",""setting"":""船上"",""time"":""未明示"",""mood"":""平靜"",""entities"":[""e05"",""e06"",""e07""],""actions"":[],""focus"":[""詩人"",""小船""]},{""id"":""p107_s04"",""setting"":""房間"",""time"":""未明示"",""mood"":""感傷"",""entities"":[""e05"",""e08"",""e09"",""e03"",""e10"",""e11""],""actions"":[""哭泣""],""focus"":[""詩人"",""馬"",""窗戶"",""哭泣""]}]}",依各 Scene 視覺計畫,"p107_s01｜場景：湖邊｜畫面核心：看望、聆聽、前行｜動作：看望、聆聽、前行｜情緒：平靜｜出現：湖邊、庭院、樓台
p107_s02｜場景：湖邊｜時間：夜晚｜畫面核心：月亮｜情緒：平靜｜出現：湖邊、月亮
p107_s03｜場景：船上｜畫面核心：詩人、小船｜情緒：平靜｜出現：詩人、船上、小船
p107_s04｜場景：房間｜畫面核心：詩人、馬、窗戶、哭泣｜動作：哭泣｜情緒：感傷｜出現：詩人、馬、房間、樓台、關塞、窗戶","場景｜湖邊
場景｜庭院
場景｜樓台
物件｜月亮
人物｜詩人
場景｜船上
物件｜小船
動物｜馬
場景｜房間
場景｜關塞
物件｜窗戶",重複元素：湖邊、樓台、詩人
108,王維,五言律詩,輞川閒居贈裴秀才迪,"寒山轉蒼翠，秋水日潺湲。
倚杖柴門外，臨風聽暮蟬。
渡頭餘落日，墟里上孤煙。
復值接輿醉，狂歌五柳前。","寒冷山色一天比一天青翠，秋水日日潺潺流著。
我拄杖站在柴門外，迎著晚風聽秋蟬鳴叫。
渡口只剩一點落日，村落上方升起一縷炊煙。
這時又遇到喝醉的好友，他像古代狂士一樣在我門前放聲唱歌。",3,8,visual_plan_v1,draft,"{""v"":""visual_plan_v1"",""entities"":[{""id"":""e01"",""type"":""character"",""label"":""詩人""},{""id"":""e02"",""type"":""object"",""label"":""風""},{""id"":""e03"",""type"":""object"",""label"":""柴門""},{""id"":""e04"",""type"":""location"",""label"":""村莊""},{""id"":""e05"",""type"":""plant"",""label"":""柳樹""}],""continuity"":{""recurring_entities"":[""e01""]},""scenes"":[{""id"":""p108_s01"",""setting"":""未明示"",""time"":""秋天"",""mood"":""平靜"",""entities"":[],""actions"":[],""focus"":[]},{""id"":""p108_s02"",""setting"":""未明示"",""time"":""黃昏"",""mood"":""平靜"",""entities"":[""e01"",""e02"",""e03""],""actions"":[""聆聽""],""focus"":[""詩人"",""風"",""柴門"",""聆聽""]},{""id"":""p108_s03"",""setting"":""村莊"",""time"":""未明示"",""mood"":""平靜"",""entities"":[""e04""],""actions"":[],""focus"":[]},{""id"":""p108_s04"",""setting"":""未明示"",""time"":""未明示"",""mood"":""平靜"",""entities"":[""e01"",""e05""],""actions"":[],""focus"":[""詩人"",""柳樹""]}]}",依各 Scene 視覺計畫,"p108_s01｜場景：未明示｜時間：秋天｜畫面核心：｜情緒：平靜
p108_s02｜場景：未明示｜時間：黃昏｜畫面核心：詩人、風、柴門、聆聽｜動作：聆聽｜情緒：平靜｜出現：詩人、風、柴門
p108_s03｜場景：村莊｜畫面核心：｜情緒：平靜｜出現：村莊
p108_s04｜場景：未明示｜畫面核心：詩人、柳樹｜情緒：平靜｜出現：詩人、柳樹","人物｜詩人
物件｜風
物件｜柴門
場景｜村莊
植物｜柳樹",重複元素：詩人
109,王維,五言律詩,山居秋暝,"空山新雨後，天氣晚來秋。
明月松間照，清泉石上流。
竹喧歸浣女，蓮動下漁舟。
隨意春芳歇，王孫自可留。","空山剛下過雨，傍晚天氣已帶著清爽秋意。
明月從松樹間照下，清泉在石頭上流過。
竹林傳來聲音，是洗衣女子回來了；荷葉搖動，是漁船順流而下。
就算春天花草已凋謝也沒關係，這樣的秋山很適合留下來住。",4,7,visual_plan_v1,draft,"{""v"":""visual_plan_v1"",""entities"":[{""id"":""e01"",""type"":""object"",""label"":""雨""},{""id"":""e02"",""type"":""plant"",""label"":""松樹""},{""id"":""e03"",""type"":""plant"",""label"":""樹木""},{""id"":""e04"",""type"":""object"",""label"":""月亮""},{""id"":""e05"",""type"":""object"",""label"":""石陣""},{""id"":""e06"",""type"":""character"",""label"":""女子""},{""id"":""e07"",""type"":""plant"",""label"":""竹子""},{""id"":""e08"",""type"":""plant"",""label"":""荷花""},{""id"":""e09"",""type"":""location"",""label"":""森林""},{""id"":""e10"",""type"":""location"",""label"":""船上""},{""id"":""e11"",""type"":""object"",""label"":""小船""},{""id"":""e12"",""type"":""plant"",""label"":""青草""},{""id"":""e13"",""type"":""plant"",""label"":""花樹""},{""id"":""e14"",""type"":""location"",""label"":""關塞""}],""continuity"":{""recurring_entities"":[]},""scenes"":[{""id"":""p109_s01"",""setting"":""未明示"",""time"":""秋天"",""mood"":""平靜"",""entities"":[""e01""],""actions"":[],""focus"":[""雨""]},{""id"":""p109_s02"",""setting"":""未明示"",""time"":""夜晚"",""mood"":""平靜"",""entities"":[""e02"",""e03"",""e04"",""e05""],""actions"":[],""focus"":[""松樹"",""樹木"",""月亮"",""石陣""]},{""id"":""p109_s03"",""setting"":""森林"",""time"":""未明示"",""mood"":""平靜"",""entities"":[""e06"",""e07"",""e08"",""e09"",""e10"",""e11""],""actions"":[],""focus"":[""女子"",""竹子"",""荷花"",""小船""]},{""id"":""p109_s04"",""setting"":""關塞"",""time"":""春天"",""mood"":""平靜"",""entities"":[""e12"",""e13"",""e14""],""actions"":[],""focus"":[""青草"",""花樹""]}]}",依各 Scene 視覺計畫,"p109_s01｜場景：未明示｜時間：秋天｜畫面核心：雨｜情緒：平靜｜出現：雨
p109_s02｜場景：未明示｜時間：夜晚｜畫面核心：松樹、樹木、月亮、石陣｜情緒：平靜｜出現：松樹、樹木、月亮、石陣
p109_s03｜場景：森林｜畫面核心：女子、竹子、荷花、小船｜情緒：平靜｜出現：女子、竹子、荷花、森林、船上、小船
p109_s04｜場景：關塞｜時間：春天｜畫面核心：青草、花樹｜情緒：平靜｜出現：青草、花樹、關塞","物件｜雨
植物｜松樹
植物｜樹木
物件｜月亮
物件｜石陣
人物｜女子
植物｜竹子
植物｜荷花
場景｜森林
場景｜船上
物件｜小船
植物｜青草
植物｜花樹
場景｜關塞",
110,王維,五言律詩,歸嵩山作,"清川帶長薄，車馬去閑閑。
流水如有意，暮禽相與還。
荒城臨古渡，落日滿秋山。
迢遞嵩高下，歸來且閉關。","清澈溪水繞著長長草木，車馬悠閒向嵩山前進。
流水像有意陪我回去，傍晚的鳥也成群回巢。
荒涼城牆靠著古渡口，落日照滿秋天山嶺。
遠遠來到嵩山腳下，我終於回家，準備關門過安靜生活。",3,8,visual_plan_v1,draft,"{""v"":""visual_plan_v1"",""entities"":[{""id"":""e01"",""type"":""animal"",""label"":""馬""},{""id"":""e02"",""type"":""plant"",""label"":""青草""},{""id"":""e03"",""type"":""location"",""label"":""溪流""},{""id"":""e04"",""type"":""character"",""label"":""詩人""},{""id"":""e05"",""type"":""animal"",""label"":""鳥""},{""id"":""e06"",""type"":""location"",""label"":""城中""},{""id"":""e07"",""type"":""location"",""label"":""關塞""}],""continuity"":{""recurring_entities"":[""e04""]},""scenes"":[{""id"":""p110_s01"",""setting"":""溪流"",""time"":""未明示"",""mood"":""悠閒"",""entities"":[""e01"",""e02"",""e03""],""actions"":[],""focus"":[""馬"",""青草""]},{""id"":""p110_s02"",""setting"":""未明示"",""time"":""黃昏"",""mood"":""平靜"",""entities"":[""e04"",""e05""],""actions"":[""前行""],""focus"":[""詩人"",""鳥"",""前行""]},{""id"":""p110_s03"",""setting"":""城中"",""time"":""秋天"",""mood"":""平靜"",""entities"":[""e06""],""actions"":[],""focus"":[]},{""id"":""p110_s04"",""setting"":""關塞"",""time"":""未明示"",""mood"":""安靜"",""entities"":[""e04"",""e07""],""actions"":[],""focus"":[""詩人""]}]}",依各 Scene 視覺計畫,"p110_s01｜場景：溪流｜畫面核心：馬、青草｜情緒：悠閒｜出現：馬、青草、溪流
p110_s02｜場景：未明示｜時間：黃昏｜畫面核心：詩人、鳥、前行｜動作：前行｜情緒：平靜｜出現：詩人、鳥
p110_s03｜場景：城中｜時間：秋天｜畫面核心：｜情緒：平靜｜出現：城中
p110_s04｜場景：關塞｜畫面核心：詩人｜情緒：安靜｜出現：詩人、關塞","動物｜馬
植物｜青草
場景｜溪流
人物｜詩人
動物｜鳥
場景｜城中
場景｜關塞",重複元素：詩人
111,王維,五言律詩,終南山,"太乙近天都，連山接海隅。
白雲迴望合，青靄入看無。
分野中峰變，陰晴眾壑殊。
欲投人處宿，隔水問樵夫。","終南山最高處像靠近天上的都城，連綿山脈一直伸到海邊。
回頭看白雲像合在一起，走進去時青色霧氣反而看不見了。
站在中峰，山的方向和區域都像分開，許多山谷晴雨也各不相同。
我想找有人家的地方住宿，只好隔著溪水問砍柴的人。",4,8,visual_plan_v1,draft,"{""v"":""visual_plan_v1"",""entities"":[{""id"":""e01"",""type"":""location"",""label"":""海邊""},{""id"":""e02"",""type"":""location"",""label"":""城中""},{""id"":""e03"",""type"":""object"",""label"":""雲""},{""id"":""e04"",""type"":""location"",""label"":""山谷""},{""id"":""e05"",""type"":""object"",""label"":""雨""},{""id"":""e06"",""type"":""character"",""label"":""詩人""},{""id"":""e07"",""type"":""location"",""label"":""溪流""}],""continuity"":{""recurring_entities"":[]},""scenes"":[{""id"":""p111_s01"",""setting"":""海邊"",""time"":""未明示"",""mood"":""平靜"",""entities"":[""e01"",""e02""],""actions"":[],""focus"":[]},{""id"":""p111_s02"",""setting"":""未明示"",""time"":""未明示"",""mood"":""平靜"",""entities"":[""e03""],""actions"":[""看望"",""前行""],""focus"":[""雲"",""看望"",""前行""]},{""id"":""p111_s03"",""setting"":""山谷"",""time"":""未明示"",""mood"":""平靜"",""entities"":[""e04"",""e05""],""actions"":[],""focus"":[""雨""]},{""id"":""p111_s04"",""setting"":""溪流"",""time"":""未明示"",""mood"":""平靜"",""entities"":[""e06"",""e07""],""actions"":[],""focus"":[""詩人""]}]}",依各 Scene 視覺計畫,"p111_s01｜場景：海邊｜畫面核心：｜情緒：平靜｜出現：海邊、城中
p111_s02｜場景：未明示｜畫面核心：雲、看望、前行｜動作：看望、前行｜情緒：平靜｜出現：雲
p111_s03｜場景：山谷｜畫面核心：雨｜情緒：平靜｜出現：山谷、雨
p111_s04｜場景：溪流｜畫面核心：詩人｜情緒：平靜｜出現：詩人、溪流","場景｜海邊
場景｜城中
物件｜雲
場景｜山谷
物件｜雨
人物｜詩人
場景｜溪流",
112,王維,五言律詩,酬張少府,"晚年唯好靜，萬事不關心。
自顧無長策，空知返舊林。
松風吹解帶，山月照彈琴。
君問窮通理，漁歌入浦深。","到了晚年我只喜歡安靜，對世上許多事情都不太掛心。
想想自己沒有什麼治國大計，只知道回到以前喜歡的山林。
松風吹來，我解開衣帶放鬆，山月照著我彈琴。
你問人生窮困或通達的道理，我只聽遠處漁歌慢慢進入水灣深處。",3,8,visual_plan_v1,draft,"{""v"":""visual_plan_v1"",""entities"":[{""id"":""e01"",""type"":""character"",""label"":""詩人""},{""id"":""e02"",""type"":""location"",""label"":""關塞""},{""id"":""e03"",""type"":""plant"",""label"":""松樹""},{""id"":""e04"",""type"":""object"",""label"":""月亮""},{""id"":""e05"",""type"":""object"",""label"":""風""},{""id"":""e06"",""type"":""object"",""label"":""古琴""}],""continuity"":{""recurring_entities"":[""e01""]},""scenes"":[{""id"":""p112_s01"",""setting"":""關塞"",""time"":""未明示"",""mood"":""愉快"",""entities"":[""e01"",""e02""],""actions"":[],""focus"":[""詩人""]},{""id"":""p112_s02"",""setting"":""未明示"",""time"":""未明示"",""mood"":""愉快"",""entities"":[],""actions"":[],""focus"":[]},{""id"":""p112_s03"",""setting"":""未明示"",""time"":""未明示"",""mood"":""平靜"",""entities"":[""e01"",""e03"",""e04"",""e05"",""e06""],""actions"":[""彈奏""],""focus"":[""詩人"",""松樹"",""月亮"",""風"",""古琴""]},{""id"":""p112_s04"",""setting"":""未明示"",""time"":""未明示"",""mood"":""平靜"",""entities"":[""e01""],""actions"":[""聆聽""],""focus"":[""詩人"",""聆聽""]}]}",依各 Scene 視覺計畫,"p112_s01｜場景：關塞｜畫面核心：詩人｜情緒：愉快｜出現：詩人、關塞
p112_s02｜場景：未明示｜畫面核心：｜情緒：愉快
p112_s03｜場景：未明示｜畫面核心：詩人、松樹、月亮、風、古琴｜動作：彈奏｜情緒：平靜｜出現：詩人、松樹、月亮、風、古琴
p112_s04｜場景：未明示｜畫面核心：詩人、聆聽｜動作：聆聽｜情緒：平靜｜出現：詩人","人物｜詩人
場景｜關塞
植物｜松樹
物件｜月亮
物件｜風
物件｜古琴",重複元素：詩人
113,王維,五言律詩,過香積寺,"不知香積寺，數里入雲峰。
古木無人徑，深山何處鐘？
泉聲咽危石，日色冷青松。
薄暮空潭曲，安禪制毒龍。","不知道香積寺到底在哪裡，我走了好幾里進入雲霧山峰。
古樹林裡看不到人的小路，深山中卻不知從哪傳來鐘聲。
泉水撞著陡石，聲音像低低嗚咽；陽光照在青松上也顯得清冷。
傍晚來到安靜潭邊，禪修讓心中的煩惱和惡念都平靜下來。",4,8,visual_plan_v1,draft,"{""v"":""visual_plan_v1"",""entities"":[{""id"":""e01"",""type"":""character"",""label"":""詩人""},{""id"":""e02"",""type"":""location"",""label"":""寺院""},{""id"":""e03"",""type"":""object"",""label"":""雲""},{""id"":""e04"",""type"":""plant"",""label"":""樹木""},{""id"":""e05"",""type"":""location"",""label"":""山中""},{""id"":""e06"",""type"":""location"",""label"":""古道""},{""id"":""e07"",""type"":""object"",""label"":""鐘""},{""id"":""e08"",""type"":""plant"",""label"":""松樹""},{""id"":""e09"",""type"":""object"",""label"":""石陣""}],""continuity"":{""recurring_entities"":[]},""scenes"":[{""id"":""p113_s01"",""setting"":""寺院"",""time"":""未明示"",""mood"":""平靜"",""entities"":[""e01"",""e02"",""e03""],""actions"":[""前行""],""focus"":[""詩人"",""雲"",""前行""]},{""id"":""p113_s02"",""setting"":""山中"",""time"":""未明示"",""mood"":""平靜"",""entities"":[""e04"",""e05"",""e06"",""e07""],""actions"":[""看望""],""focus"":[""樹木"",""鐘"",""看望""]},{""id"":""p113_s03"",""setting"":""未明示"",""time"":""未明示"",""mood"":""平靜"",""entities"":[""e08"",""e09""],""actions"":[],""focus"":[""松樹"",""石陣""]},{""id"":""p113_s04"",""setting"":""未明示"",""time"":""黃昏"",""mood"":""安靜"",""entities"":[],""actions"":[],""focus"":[]}]}",依各 Scene 視覺計畫,"p113_s01｜場景：寺院｜畫面核心：詩人、雲、前行｜動作：前行｜情緒：平靜｜出現：詩人、寺院、雲
p113_s02｜場景：山中｜畫面核心：樹木、鐘、看望｜動作：看望｜情緒：平靜｜出現：樹木、山中、古道、鐘
p113_s03｜場景：未明示｜畫面核心：松樹、石陣｜情緒：平靜｜出現：松樹、石陣
p113_s04｜場景：未明示｜時間：黃昏｜畫面核心：｜情緒：安靜","人物｜詩人
場景｜寺院
物件｜雲
植物｜樹木
場景｜山中
場景｜古道
物件｜鐘
植物｜松樹
物件｜石陣",
114,王維,五言律詩,送梓州李使君,"萬壑樹參天，千山響杜鵑。
山中一夜雨，樹杪百重泉。
漢女輸橦布，巴人訟芋田。
文翁翻教授，不敢倚先賢。","梓州山谷裡大樹高聳入天，千山到處響著杜鵑叫聲。
山中一夜下雨，隔天樹梢間像出現百道泉水。
當地漢族女子繳納木棉布，巴地居民也會為芋田發生爭議。
希望你像古代文翁一樣親自教化百姓，不要只靠前人留下的名聲。",3,8,visual_plan_v1,draft,"{""v"":""visual_plan_v1"",""entities"":[{""id"":""e01"",""type"":""plant"",""label"":""樹木""},{""id"":""e02"",""type"":""location"",""label"":""山谷""},{""id"":""e03"",""type"":""location"",""label"":""山中""},{""id"":""e04"",""type"":""object"",""label"":""雨""},{""id"":""e05"",""type"":""character"",""label"":""女子""},{""id"":""e06"",""type"":""location"",""label"":""田野""},{""id"":""e07"",""type"":""character"",""label"":""老人""}],""continuity"":{""recurring_entities"":[""e01""]},""scenes"":[{""id"":""p114_s01"",""setting"":""山谷"",""time"":""未明示"",""mood"":""平靜"",""entities"":[""e01"",""e02""],""actions"":[],""focus"":[""樹木""]},{""id"":""p114_s02"",""setting"":""山中"",""time"":""夜晚"",""mood"":""平靜"",""entities"":[""e01"",""e03"",""e04""],""actions"":[],""focus"":[""樹木"",""雨""]},{""id"":""p114_s03"",""setting"":""田野"",""time"":""未明示"",""mood"":""平靜"",""entities"":[""e05"",""e06""],""actions"":[],""focus"":[""女子""]},{""id"":""p114_s04"",""setting"":""未明示"",""time"":""未明示"",""mood"":""平靜"",""entities"":[""e07""],""actions"":[""看望""],""focus"":[""老人"",""看望""]}]}",依各 Scene 視覺計畫,"p114_s01｜場景：山谷｜畫面核心：樹木｜情緒：平靜｜出現：樹木、山谷
p114_s02｜場景：山中｜時間：夜晚｜畫面核心：樹木、雨｜情緒：平靜｜出現：樹木、山中、雨
p114_s03｜場景：田野｜畫面核心：女子｜情緒：平靜｜出現：女子、田野
p114_s04｜場景：未明示｜畫面核心：老人、看望｜動作：看望｜情緒：平靜｜出現：老人","植物｜樹木
場景｜山谷
場景｜山中
物件｜雨
人物｜女子
場景｜田野
人物｜老人",重複元素：樹木
115,王維,五言律詩,漢江臨眺,"楚塞三湘接，荊門九派通。
江流天地外，山色有無中。
郡邑浮前浦，波瀾動遠空。
襄陽好風日，留醉與山翁 。","楚地水路連著三湘，荊門又和許多支流相通。
大江流得像伸到天地外，遠山則在雲霧中若有若無。
岸邊城鎮像浮在水面，波浪起伏得彷彿遠方天空也跟著晃動。
襄陽天氣景色這麼好，真想留下來陪山中老人一起痛快喝酒。",3,8,visual_plan_v1,draft,"{""v"":""visual_plan_v1"",""entities"":[{""id"":""e01"",""type"":""location"",""label"":""古道""},{""id"":""e02"",""type"":""location"",""label"":""關塞""},{""id"":""e03"",""type"":""location"",""label"":""江邊""},{""id"":""e04"",""type"":""object"",""label"":""雲""},{""id"":""e05"",""type"":""location"",""label"":""城中""},{""id"":""e06"",""type"":""character"",""label"":""老人""},{""id"":""e07"",""type"":""location"",""label"":""山中""},{""id"":""e08"",""type"":""object"",""label"":""風""},{""id"":""e09"",""type"":""object"",""label"":""酒""}],""continuity"":{""recurring_entities"":[]},""scenes"":[{""id"":""p115_s01"",""setting"":""古道"",""time"":""未明示"",""mood"":""平靜"",""entities"":[""e01"",""e02""],""actions"":[],""focus"":[]},{""id"":""p115_s02"",""setting"":""江邊"",""time"":""未明示"",""mood"":""平靜"",""entities"":[""e03"",""e04""],""actions"":[],""focus"":[""雲""]},{""id"":""p115_s03"",""setting"":""城中"",""time"":""未明示"",""mood"":""平靜"",""entities"":[""e05""],""actions"":[],""focus"":[]},{""id"":""p115_s04"",""setting"":""山中"",""time"":""未明示"",""mood"":""平靜"",""entities"":[""e06"",""e07"",""e08"",""e09""],""actions"":[""飲酒""],""focus"":[""老人"",""風"",""酒"",""飲酒""]}]}",依各 Scene 視覺計畫,"p115_s01｜場景：古道｜畫面核心：｜情緒：平靜｜出現：古道、關塞
p115_s02｜場景：江邊｜畫面核心：雲｜情緒：平靜｜出現：江邊、雲
p115_s03｜場景：城中｜畫面核心：｜情緒：平靜｜出現：城中
p115_s04｜場景：山中｜畫面核心：老人、風、酒、飲酒｜動作：飲酒｜情緒：平靜｜出現：老人、山中、風、酒","場景｜古道
場景｜關塞
場景｜江邊
物件｜雲
場景｜城中
人物｜老人
場景｜山中
物件｜風
物件｜酒",
116,王維,五言律詩,終南別業,"中歲頗好道，晚家南山陲。
興來每獨往，勝事空自知。
行到水窮處，坐看雲起時。
偶然值林叟，談笑無還期。","到了中年我越來越喜歡清靜生活，晚年便住到南山旁。
興致來時常一個人出門，美妙感受只有自己知道。
有時一直走到溪水盡頭，就坐下來看白雲慢慢升起。
偶爾碰到林中老人，一聊就很開心，竟忘了什麼時候該回家。",4,8,visual_plan_v1,draft,"{""v"":""visual_plan_v1"",""entities"":[{""id"":""e01"",""type"":""character"",""label"":""詩人""},{""id"":""e02"",""type"":""location"",""label"":""溪流""},{""id"":""e03"",""type"":""object"",""label"":""雲""},{""id"":""e04"",""type"":""character"",""label"":""老人""},{""id"":""e05"",""type"":""location"",""label"":""森林""}],""continuity"":{""recurring_entities"":[]},""scenes"":[{""id"":""p116_s01"",""setting"":""未明示"",""time"":""未明示"",""mood"":""愉快"",""entities"":[""e01""],""actions"":[],""focus"":[""詩人""]},{""id"":""p116_s02"",""setting"":""未明示"",""time"":""未明示"",""mood"":""平靜"",""entities"":[],""actions"":[],""focus"":[]},{""id"":""p116_s03"",""setting"":""溪流"",""time"":""未明示"",""mood"":""平靜"",""entities"":[""e02"",""e03""],""actions"":[""看望"",""前行""],""focus"":[""雲"",""看望"",""前行""]},{""id"":""p116_s04"",""setting"":""森林"",""time"":""未明示"",""mood"":""愉快"",""entities"":[""e04"",""e05""],""actions"":[""等待""],""focus"":[""老人"",""等待""]}]}",依各 Scene 視覺計畫,"p116_s01｜場景：未明示｜畫面核心：詩人｜情緒：愉快｜出現：詩人
p116_s02｜場景：未明示｜畫面核心：｜情緒：平靜
p116_s03｜場景：溪流｜畫面核心：雲、看望、前行｜動作：看望、前行｜情緒：平靜｜出現：溪流、雲
p116_s04｜場景：森林｜畫面核心：老人、等待｜動作：等待｜情緒：愉快｜出現：老人、森林","人物｜詩人
場景｜溪流
物件｜雲
人物｜老人
場景｜森林",
117,孟浩然,五言律詩,臨洞庭上張丞相,"八月湖水平，涵虛混太清。
氣蒸雲夢澤，波撼岳陽城。
欲濟無舟楫，端居恥聖明。
坐觀垂釣者，徒有羨魚情。","八月洞庭湖水漲得和岸邊差不多高，水天相接像融成一片。
湖上水氣蒸騰到雲夢澤，巨浪像能搖動岳陽城。
我想渡過湖，卻沒有船和槳；生在太平時代卻閒著沒做事，也讓我慚愧。
只能坐著看別人釣魚，心裡羨慕得想吃魚；意思是希望有人給我做事的機會。",4,8,visual_plan_v1,draft,"{""v"":""visual_plan_v1"",""entities"":[{""id"":""e01"",""type"":""location"",""label"":""湖邊""},{""id"":""e02"",""type"":""location"",""label"":""庭院""},{""id"":""e03"",""type"":""object"",""label"":""月亮""},{""id"":""e04"",""type"":""location"",""label"":""城中""},{""id"":""e05"",""type"":""object"",""label"":""雲""},{""id"":""e06"",""type"":""character"",""label"":""詩人""},{""id"":""e07"",""type"":""location"",""label"":""船上""},{""id"":""e08"",""type"":""object"",""label"":""小船""},{""id"":""e09"",""type"":""animal"",""label"":""魚""}],""continuity"":{""recurring_entities"":[""e01"",""e06""]},""scenes"":[{""id"":""p117_s01"",""setting"":""湖邊"",""time"":""未明示"",""mood"":""平靜"",""entities"":[""e01"",""e02"",""e03""],""actions"":[],""focus"":[""月亮""]},{""id"":""p117_s02"",""setting"":""湖邊"",""time"":""未明示"",""mood"":""平靜"",""entities"":[""e01"",""e04"",""e05""],""actions"":[],""focus"":[""雲""]},{""id"":""p117_s03"",""setting"":""湖邊"",""time"":""未明示"",""mood"":""平靜"",""entities"":[""e06"",""e01"",""e07"",""e08""],""actions"":[],""focus"":[""詩人"",""小船""]},{""id"":""p117_s04"",""setting"":""未明示"",""time"":""未明示"",""mood"":""平靜"",""entities"":[""e06"",""e09""],""actions"":[""看望""],""focus"":[""詩人"",""魚"",""看望""]}]}",依各 Scene 視覺計畫,"p117_s01｜場景：湖邊｜畫面核心：月亮｜情緒：平靜｜出現：湖邊、庭院、月亮
p117_s02｜場景：湖邊｜畫面核心：雲｜情緒：平靜｜出現：湖邊、城中、雲
p117_s03｜場景：湖邊｜畫面核心：詩人、小船｜情緒：平靜｜出現：詩人、湖邊、船上、小船
p117_s04｜場景：未明示｜畫面核心：詩人、魚、看望｜動作：看望｜情緒：平靜｜出現：詩人、魚","場景｜湖邊
場景｜庭院
物件｜月亮
場景｜城中
物件｜雲
人物｜詩人
場景｜船上
物件｜小船
動物｜魚",重複元素：湖邊、詩人
118,孟浩然,五言律詩,與諸子登峴山,"人事有代謝，往來成古今。
江山留勝跡，我輩復登臨。
水落魚梁淺，天寒夢澤深。
羊公碑尚在，讀罷淚沾襟。","人和事情一代代更替，來來去去就成了古今歷史。
美麗江山留下古人遺跡，今天我們又登上這座山。
水位下降後魚梁洲變淺，天冷時遠處雲夢澤顯得更深。
羊祜紀念碑仍在，讀完古人的故事，我感動得眼淚沾濕衣襟。",3,8,visual_plan_v1,draft,"{""v"":""visual_plan_v1"",""entities"":[{""id"":""e01"",""type"":""character"",""label"":""詩人""},{""id"":""e02"",""type"":""location"",""label"":""江邊""},{""id"":""e03"",""type"":""animal"",""label"":""魚""},{""id"":""e04"",""type"":""object"",""label"":""雲""}],""continuity"":{""recurring_entities"":[""e01""]},""scenes"":[{""id"":""p118_s01"",""setting"":""未明示"",""time"":""未明示"",""mood"":""平靜"",""entities"":[],""actions"":[""前行""],""focus"":[""前行""]},{""id"":""p118_s02"",""setting"":""江邊"",""time"":""未明示"",""mood"":""平靜"",""entities"":[""e01"",""e02""],""actions"":[""前行""],""focus"":[""詩人"",""前行""]},{""id"":""p118_s03"",""setting"":""未明示"",""time"":""未明示"",""mood"":""平靜"",""entities"":[""e03"",""e04""],""actions"":[],""focus"":[""魚"",""雲""]},{""id"":""p118_s04"",""setting"":""未明示"",""time"":""未明示"",""mood"":""感傷"",""entities"":[""e01""],""actions"":[""哭泣""],""focus"":[""詩人"",""哭泣""]}]}",依各 Scene 視覺計畫,"p118_s01｜場景：未明示｜畫面核心：前行｜動作：前行｜情緒：平靜
p118_s02｜場景：江邊｜畫面核心：詩人、前行｜動作：前行｜情緒：平靜｜出現：詩人、江邊
p118_s03｜場景：未明示｜畫面核心：魚、雲｜情緒：平靜｜出現：魚、雲
p118_s04｜場景：未明示｜畫面核心：詩人、哭泣｜動作：哭泣｜情緒：感傷｜出現：詩人","人物｜詩人
場景｜江邊
動物｜魚
物件｜雲",重複元素：詩人
119,孟浩然,五言律詩,宴梅道士山房,"林臥愁春盡，開軒覽物華。
忽逢青鳥使，邀入赤松家。
丹竈初開火，仙桃正落花。
童顏若可駐，何惜醉流霞。","我躺在林中正為春天快結束而發愁，打開窗戶看見外面美麗景色。
忽然來了一位像青鳥使者般的人，邀我到道士朋友的山中住處。
煉丹爐剛點起火，仙桃樹上的花正飄落。
如果真能保持年輕容貌，那麼喝醉幾杯仙酒又有什麼可惜呢？",3,8,visual_plan_v1,draft,"{""v"":""visual_plan_v1"",""entities"":[{""id"":""e01"",""type"":""character"",""label"":""詩人""},{""id"":""e02"",""type"":""location"",""label"":""森林""},{""id"":""e03"",""type"":""location"",""label"":""房間""},{""id"":""e04"",""type"":""object"",""label"":""窗戶""},{""id"":""e05"",""type"":""character"",""label"":""朋友""},{""id"":""e06"",""type"":""animal"",""label"":""鳥""},{""id"":""e07"",""type"":""plant"",""label"":""松樹""},{""id"":""e08"",""type"":""location"",""label"":""山中""},{""id"":""e09"",""type"":""plant"",""label"":""花樹""},{""id"":""e10"",""type"":""plant"",""label"":""樹木""},{""id"":""e11"",""type"":""object"",""label"":""酒""}],""continuity"":{""recurring_entities"":[""e01""]},""scenes"":[{""id"":""p119_s01"",""setting"":""森林"",""time"":""春天"",""mood"":""平靜"",""entities"":[""e01"",""e02"",""e03"",""e04""],""actions"":[""看望""],""focus"":[""詩人"",""窗戶"",""看望""]},{""id"":""p119_s02"",""setting"":""山中"",""time"":""未明示"",""mood"":""平靜"",""entities"":[""e01"",""e05"",""e06"",""e07"",""e08""],""actions"":[],""focus"":[""詩人"",""朋友"",""鳥"",""松樹""]},{""id"":""p119_s03"",""setting"":""未明示"",""time"":""未明示"",""mood"":""平靜"",""entities"":[""e09"",""e10""],""actions"":[],""focus"":[""花樹"",""樹木""]},{""id"":""p119_s04"",""setting"":""未明示"",""time"":""未明示"",""mood"":""感傷"",""entities"":[""e11""],""actions"":[""飲酒""],""focus"":[""酒"",""飲酒""]}]}",依各 Scene 視覺計畫,"p119_s01｜場景：森林｜時間：春天｜畫面核心：詩人、窗戶、看望｜動作：看望｜情緒：平靜｜出現：詩人、森林、房間、窗戶
p119_s02｜場景：山中｜畫面核心：詩人、朋友、鳥、松樹｜情緒：平靜｜出現：詩人、朋友、鳥、松樹、山中
p119_s03｜場景：未明示｜畫面核心：花樹、樹木｜情緒：平靜｜出現：花樹、樹木
p119_s04｜場景：未明示｜畫面核心：酒、飲酒｜動作：飲酒｜情緒：感傷｜出現：酒","人物｜詩人
場景｜森林
場景｜房間
物件｜窗戶
人物｜朋友
動物｜鳥
植物｜松樹
場景｜山中
植物｜花樹
植物｜樹木
物件｜酒",重複元素：詩人
120,孟浩然,五言律詩,歲暮歸南山,"北闕休上書，南山歸敝廬。
不才明主棄，多病故人疎。
白髮催年老，青陽逼歲除。
永懷愁不寐，松月夜窗虛。","我不再到朝廷上書求官了，回到南山自己的簡陋房子。
也許是我才華不足所以沒被重用，身體又多病，朋友也漸漸疏遠。
白髮提醒我年紀越來越大，春天將到，也表示一年又快過完。
我長久懷著憂愁睡不著，只見月光透過松樹照進空空窗戶。",3,8,visual_plan_v1,draft,"{""v"":""visual_plan_v1"",""entities"":[{""id"":""e01"",""type"":""character"",""label"":""詩人""},{""id"":""e02"",""type"":""location"",""label"":""房間""},{""id"":""e03"",""type"":""character"",""label"":""朋友""},{""id"":""e04"",""type"":""plant"",""label"":""松樹""},{""id"":""e05"",""type"":""plant"",""label"":""樹木""},{""id"":""e06"",""type"":""object"",""label"":""月亮""},{""id"":""e07"",""type"":""object"",""label"":""窗戶""}],""continuity"":{""recurring_entities"":[""e01"",""e02""]},""scenes"":[{""id"":""p120_s01"",""setting"":""房間"",""time"":""未明示"",""mood"":""平靜"",""entities"":[""e01"",""e02""],""actions"":[],""focus"":[""詩人""]},{""id"":""p120_s02"",""setting"":""未明示"",""time"":""未明示"",""mood"":""平靜"",""entities"":[""e01"",""e03""],""actions"":[],""focus"":[""詩人"",""朋友""]},{""id"":""p120_s03"",""setting"":""未明示"",""time"":""春天"",""mood"":""平靜"",""entities"":[""e01""],""actions"":[],""focus"":[""詩人""]},{""id"":""p120_s04"",""setting"":""房間"",""time"":""夜晚"",""mood"":""平靜"",""entities"":[""e01"",""e04"",""e05"",""e02"",""e06"",""e07""],""actions"":[""思念"",""休息""],""focus"":[""詩人"",""松樹"",""樹木"",""月亮"",""窗戶""]}]}",依各 Scene 視覺計畫,"p120_s01｜場景：房間｜畫面核心：詩人｜情緒：平靜｜出現：詩人、房間
p120_s02｜場景：未明示｜畫面核心：詩人、朋友｜情緒：平靜｜出現：詩人、朋友
p120_s03｜場景：未明示｜時間：春天｜畫面核心：詩人｜情緒：平靜｜出現：詩人
p120_s04｜場景：房間｜時間：夜晚｜畫面核心：詩人、松樹、樹木、月亮、窗戶｜動作：思念、休息｜情緒：平靜｜出現：詩人、松樹、樹木、房間、月亮、窗戶","人物｜詩人
場景｜房間
人物｜朋友
植物｜松樹
植物｜樹木
物件｜月亮
物件｜窗戶",重複元素：詩人、房間
121,孟浩然,五言律詩,過故人莊,"故人具雞黍，邀我至田家。
綠樹村邊合，青山郭外斜。
開筵面場圃，把酒話桑麻。
待到重陽日，還來就菊花。","老朋友準備了雞肉和米飯，邀請我到鄉下家裡作客。
綠樹圍著村莊，青山斜斜延伸在城外。
我們面對田場擺開飯菜，端著酒聊莊稼和農事。
等到重陽節那天，我還要再來和你一起賞菊花。",4,7,visual_plan_v1,draft,"{""v"":""visual_plan_v1"",""entities"":[{""id"":""e01"",""type"":""character"",""label"":""詩人""},{""id"":""e02"",""type"":""character"",""label"":""朋友""},{""id"":""e03"",""type"":""character"",""label"":""旅人""},{""id"":""e04"",""type"":""location"",""label"":""田野""},{""id"":""e05"",""type"":""plant"",""label"":""樹木""},{""id"":""e06"",""type"":""location"",""label"":""山中""},{""id"":""e07"",""type"":""location"",""label"":""村莊""},{""id"":""e08"",""type"":""location"",""label"":""城中""},{""id"":""e09"",""type"":""object"",""label"":""酒""},{""id"":""e10"",""type"":""plant"",""label"":""花樹""},{""id"":""e11"",""type"":""plant"",""label"":""菊花""}],""continuity"":{""recurring_entities"":[""e01"",""e04""]},""scenes"":[{""id"":""p121_s01"",""setting"":""田野"",""time"":""未明示"",""mood"":""平靜"",""entities"":[""e01"",""e02"",""e03"",""e04""],""actions"":[],""focus"":[""詩人"",""朋友"",""旅人""]},{""id"":""p121_s02"",""setting"":""山中"",""time"":""未明示"",""mood"":""平靜"",""entities"":[""e05"",""e06"",""e07"",""e08""],""actions"":[],""focus"":[""樹木""]},{""id"":""p121_s03"",""setting"":""田野"",""time"":""未明示"",""mood"":""平靜"",""entities"":[""e01"",""e04"",""e09""],""actions"":[""飲酒""],""focus"":[""詩人"",""酒"",""飲酒""]},{""id"":""p121_s04"",""setting"":""未明示"",""time"":""未明示"",""mood"":""平靜"",""entities"":[""e01"",""e10"",""e11""],""actions"":[],""focus"":[""詩人"",""花樹"",""菊花""]}]}",依各 Scene 視覺計畫,"p121_s01｜場景：田野｜畫面核心：詩人、朋友、旅人｜情緒：平靜｜出現：詩人、朋友、旅人、田野
p121_s02｜場景：山中｜畫面核心：樹木｜情緒：平靜｜出現：樹木、山中、村莊、城中
p121_s03｜場景：田野｜畫面核心：詩人、酒、飲酒｜動作：飲酒｜情緒：平靜｜出現：詩人、田野、酒
p121_s04｜場景：未明示｜畫面核心：詩人、花樹、菊花｜情緒：平靜｜出現：詩人、花樹、菊花","人物｜詩人
人物｜朋友
人物｜旅人
場景｜田野
植物｜樹木
場景｜山中
場景｜村莊
場景｜城中
物件｜酒
植物｜花樹
植物｜菊花",重複元素：詩人、田野
122,孟浩然,五言律詩,秦中寄遠上人,"一丘常欲臥，三徑苦無資。
北土非吾願，東林懷我師。
黃金燃桂盡，壯志逐年衰。
日夕涼風至，聞蟬但益悲。","我一直想找座小山安靜隱居，卻苦於沒有足夠生活資源。
北方不是我真正想留的地方，我很懷念東林寺中的老師。
在外生活花費很大，像把黃金當柴燒，我的壯志也一年年減弱。
每天傍晚涼風吹來，一聽見蟬聲，心裡反而更加悲傷。",3,8,visual_plan_v1,draft,"{""v"":""visual_plan_v1"",""entities"":[{""id"":""e01"",""type"":""character"",""label"":""詩人""},{""id"":""e02"",""type"":""location"",""label"":""寺院""},{""id"":""e03"",""type"":""plant"",""label"":""花樹""},{""id"":""e04"",""type"":""object"",""label"":""風""}],""continuity"":{""recurring_entities"":[""e01""]},""scenes"":[{""id"":""p122_s01"",""setting"":""未明示"",""time"":""未明示"",""mood"":""安靜"",""entities"":[""e01""],""actions"":[],""focus"":[""詩人""]},{""id"":""p122_s02"",""setting"":""寺院"",""time"":""未明示"",""mood"":""平靜"",""entities"":[""e01"",""e02""],""actions"":[""思念""],""focus"":[""詩人"",""思念""]},{""id"":""p122_s03"",""setting"":""未明示"",""time"":""未明示"",""mood"":""平靜"",""entities"":[""e01"",""e03""],""actions"":[],""focus"":[""詩人"",""花樹""]},{""id"":""p122_s04"",""setting"":""未明示"",""time"":""未明示"",""mood"":""平靜"",""entities"":[""e04""],""actions"":[""聆聽""],""focus"":[""風"",""聆聽""]}]}",依各 Scene 視覺計畫,"p122_s01｜場景：未明示｜畫面核心：詩人｜情緒：安靜｜出現：詩人
p122_s02｜場景：寺院｜畫面核心：詩人、思念｜動作：思念｜情緒：平靜｜出現：詩人、寺院
p122_s03｜場景：未明示｜畫面核心：詩人、花樹｜情緒：平靜｜出現：詩人、花樹
p122_s04｜場景：未明示｜畫面核心：風、聆聽｜動作：聆聽｜情緒：平靜｜出現：風","人物｜詩人
場景｜寺院
植物｜花樹
物件｜風",重複元素：詩人
123,孟浩然,五言律詩,宿桐廬江寄廣陵舊遊,"山暝聽猿愁，滄江急夜流。
風鳴兩岸葉，月照一孤舟。
建德非吾土，維揚憶舊遊。
還將兩行淚，遙寄海西頭。","山色昏暗時聽見猿猴悲啼，夜裡江水急急流動。
風吹兩岸樹葉沙沙響，月光只照著我這一艘孤舟。
建德不是我的家鄉，我又想起揚州那些老朋友和往事。
只能把兩行眼淚，遠遠寄給在海邊另一頭的朋友。",3,8,visual_plan_v1,draft,"{""v"":""visual_plan_v1"",""entities"":[{""id"":""e01"",""type"":""animal"",""label"":""猿""},{""id"":""e02"",""type"":""location"",""label"":""江邊""},{""id"":""e03"",""type"":""character"",""label"":""詩人""},{""id"":""e04"",""type"":""plant"",""label"":""樹木""},{""id"":""e05"",""type"":""location"",""label"":""船上""},{""id"":""e06"",""type"":""object"",""label"":""月亮""},{""id"":""e07"",""type"":""object"",""label"":""風""},{""id"":""e08"",""type"":""object"",""label"":""小船""},{""id"":""e09"",""type"":""character"",""label"":""朋友""},{""id"":""e10"",""type"":""location"",""label"":""海邊""}],""continuity"":{""recurring_entities"":[""e03"",""e09""]},""scenes"":[{""id"":""p123_s01"",""setting"":""江邊"",""time"":""夜晚"",""mood"":""平靜"",""entities"":[""e01"",""e02""],""actions"":[""聆聽""],""focus"":[""猿"",""聆聽""]},{""id"":""p123_s02"",""setting"":""船上"",""time"":""夜晚"",""mood"":""平靜"",""entities"":[""e03"",""e04"",""e05"",""e06"",""e07"",""e08""],""actions"":[],""focus"":[""詩人"",""樹木"",""月亮"",""風"",""小船""]},{""id"":""p123_s03"",""setting"":""未明示"",""time"":""未明示"",""mood"":""平靜"",""entities"":[""e03"",""e09""],""actions"":[],""focus"":[""詩人"",""朋友""]},{""id"":""p123_s04"",""setting"":""海邊"",""time"":""未明示"",""mood"":""感傷"",""entities"":[""e09"",""e10""],""actions"":[""前行"",""哭泣""],""focus"":[""朋友"",""前行"",""哭泣""]}]}",依各 Scene 視覺計畫,"p123_s01｜場景：江邊｜時間：夜晚｜畫面核心：猿、聆聽｜動作：聆聽｜情緒：平靜｜出現：猿、江邊
p123_s02｜場景：船上｜時間：夜晚｜畫面核心：詩人、樹木、月亮、風、小船｜情緒：平靜｜出現：詩人、樹木、船上、月亮、風、小船
p123_s03｜場景：未明示｜畫面核心：詩人、朋友｜情緒：平靜｜出現：詩人、朋友
p123_s04｜場景：海邊｜畫面核心：朋友、前行、哭泣｜動作：前行、哭泣｜情緒：感傷｜出現：朋友、海邊","動物｜猿
場景｜江邊
人物｜詩人
植物｜樹木
場景｜船上
物件｜月亮
物件｜風
物件｜小船
人物｜朋友
場景｜海邊",重複元素：詩人、朋友
124,孟浩然,五言律詩,留別王維,"寂寂竟何時，朝朝空自歸。
欲尋芳草去，惜與故人違。
當路誰相假，知音世所稀。
祇因守寂寞，還掩故園扉。","這種寂寞日子到底還要多久？我天天出去又空手而回。
我想離開去找自己的道路，卻又捨不得和老朋友分別。
掌握機會的人有誰肯幫我？世上真正懂我的朋友實在很少。
既然只能守著寂寞，我還是回故鄉，把家門關起來過安靜日子。",3,8,visual_plan_v1,draft,"{""v"":""visual_plan_v1"",""entities"":[{""id"":""e01"",""type"":""character"",""label"":""詩人""},{""id"":""e02"",""type"":""character"",""label"":""朋友""},{""id"":""e03"",""type"":""plant"",""label"":""青草""},{""id"":""e04"",""type"":""location"",""label"":""古道""},{""id"":""e05"",""type"":""location"",""label"":""關塞""}],""continuity"":{""recurring_entities"":[""e01"",""e02"",""e04""]},""scenes"":[{""id"":""p124_s01"",""setting"":""未明示"",""time"":""未明示"",""mood"":""孤寂"",""entities"":[""e01""],""actions"":[""前行""],""focus"":[""詩人"",""前行""]},{""id"":""p124_s02"",""setting"":""古道"",""time"":""未明示"",""mood"":""平靜"",""entities"":[""e01"",""e02"",""e03"",""e04""],""actions"":[""前行""],""focus"":[""詩人"",""朋友"",""青草"",""前行""]},{""id"":""p124_s03"",""setting"":""古道"",""time"":""未明示"",""mood"":""平靜"",""entities"":[""e01"",""e02"",""e04""],""actions"":[],""focus"":[""詩人"",""朋友""]},{""id"":""p124_s04"",""setting"":""關塞"",""time"":""未明示"",""mood"":""安靜"",""entities"":[""e01"",""e05""],""actions"":[],""focus"":[""詩人""]}]}",依各 Scene 視覺計畫,"p124_s01｜場景：未明示｜畫面核心：詩人、前行｜動作：前行｜情緒：孤寂｜出現：詩人
p124_s02｜場景：古道｜畫面核心：詩人、朋友、青草、前行｜動作：前行｜情緒：平靜｜出現：詩人、朋友、青草、古道
p124_s03｜場景：古道｜畫面核心：詩人、朋友｜情緒：平靜｜出現：詩人、朋友、古道
p124_s04｜場景：關塞｜畫面核心：詩人｜情緒：安靜｜出現：詩人、關塞","人物｜詩人
人物｜朋友
植物｜青草
場景｜古道
場景｜關塞",重複元素：詩人、朋友、古道
125,孟浩然,五言律詩,早寒有懷,"木落雁南渡，北風江上寒。
我家襄水曲，遙隔楚雲端。
鄉淚客中盡，孤帆天際看。
迷津欲有問，平海夕漫漫。","樹葉落了，大雁往南飛，北風吹過江面，天氣變得很冷。
我的家在襄水彎曲處，如今隔著遙遠楚地雲天。
在外想家想得眼淚都快流乾，只能望著天邊孤帆想像歸途。
我像在迷路渡口想找人問路，只見傍晚平靜水面無邊無際。",3,8,visual_plan_v1,draft,"{""v"":""visual_plan_v1"",""entities"":[{""id"":""e01"",""type"":""animal"",""label"":""鳥""},{""id"":""e02"",""type"":""plant"",""label"":""樹木""},{""id"":""e03"",""type"":""location"",""label"":""江邊""},{""id"":""e04"",""type"":""object"",""label"":""風""},{""id"":""e05"",""type"":""character"",""label"":""詩人""},{""id"":""e06"",""type"":""object"",""label"":""雲""},{""id"":""e07"",""type"":""location"",""label"":""海邊""},{""id"":""e08"",""type"":""location"",""label"":""古道""}],""continuity"":{""recurring_entities"":[""e05""]},""scenes"":[{""id"":""p125_s01"",""setting"":""江邊"",""time"":""未明示"",""mood"":""平靜"",""entities"":[""e01"",""e02"",""e03"",""e04""],""actions"":[],""focus"":[""鳥"",""樹木"",""風""]},{""id"":""p125_s02"",""setting"":""未明示"",""time"":""未明示"",""mood"":""平靜"",""entities"":[""e05"",""e06""],""actions"":[],""focus"":[""詩人"",""雲""]},{""id"":""p125_s03"",""setting"":""未明示"",""time"":""未明示"",""mood"":""感傷"",""entities"":[],""actions"":[""看望"",""前行"",""哭泣""],""focus"":[""看望"",""前行"",""哭泣""]},{""id"":""p125_s04"",""setting"":""海邊"",""time"":""未明示"",""mood"":""平靜"",""entities"":[""e05"",""e07"",""e08""],""actions"":[],""focus"":[""詩人""]}]}",依各 Scene 視覺計畫,"p125_s01｜場景：江邊｜畫面核心：鳥、樹木、風｜情緒：平靜｜出現：鳥、樹木、江邊、風
p125_s02｜場景：未明示｜畫面核心：詩人、雲｜情緒：平靜｜出現：詩人、雲
p125_s03｜場景：未明示｜畫面核心：看望、前行、哭泣｜動作：看望、前行、哭泣｜情緒：感傷
p125_s04｜場景：海邊｜畫面核心：詩人｜情緒：平靜｜出現：詩人、海邊、古道","動物｜鳥
植物｜樹木
場景｜江邊
物件｜風
人物｜詩人
物件｜雲
場景｜海邊
場景｜古道",重複元素：詩人
126,劉長卿,五言律詩,秋日登吳公臺上寺遠眺,"古臺搖落後，秋日望鄉心。
野寺人來少，雲峰水隔深。
夕陽依舊壘，寒磬滿空林。
惆悵南朝事，長江獨至今。","古老高臺在秋葉凋落後更顯寂寞，我登高時特別想念故鄉。
荒野寺院很少有人來，雲中的山峰又隔著深深水面。
夕陽還照著從前的營壘，寒冷鐘磬聲傳遍空林。
想到南朝那些已過去的故事很惆悵，只有長江仍像以前一樣流著。",2,8,visual_plan_v1,draft,"{""v"":""visual_plan_v1"",""entities"":[{""id"":""e01"",""type"":""character"",""label"":""詩人""},{""id"":""e02"",""type"":""location"",""label"":""樓台""},{""id"":""e03"",""type"":""location"",""label"":""庭院""},{""id"":""e04"",""type"":""location"",""label"":""寺院""},{""id"":""e05"",""type"":""object"",""label"":""雲""},{""id"":""e06"",""type"":""object"",""label"":""太陽""},{""id"":""e07"",""type"":""object"",""label"":""鐘""},{""id"":""e08"",""type"":""location"",""label"":""江邊""}],""continuity"":{""recurring_entities"":[]},""scenes"":[{""id"":""p126_s01"",""setting"":""樓台"",""time"":""秋天"",""mood"":""思念"",""entities"":[""e01"",""e02""],""actions"":[""思念"",""前行""],""focus"":[""詩人"",""思念"",""前行""]},{""id"":""p126_s02"",""setting"":""庭院"",""time"":""未明示"",""mood"":""平靜"",""entities"":[""e03"",""e04"",""e05""],""actions"":[],""focus"":[""雲""]},{""id"":""p126_s03"",""setting"":""未明示"",""time"":""黃昏"",""mood"":""平靜"",""entities"":[""e06"",""e07""],""actions"":[],""focus"":[""太陽"",""鐘""]},{""id"":""p126_s04"",""setting"":""江邊"",""time"":""未明示"",""mood"":""平靜"",""entities"":[""e08""],""actions"":[""前行""],""focus"":[""前行""]}]}",依各 Scene 視覺計畫,"p126_s01｜場景：樓台｜時間：秋天｜畫面核心：詩人、思念、前行｜動作：思念、前行｜情緒：思念｜出現：詩人、樓台
p126_s02｜場景：庭院｜畫面核心：雲｜情緒：平靜｜出現：庭院、寺院、雲
p126_s03｜場景：未明示｜時間：黃昏｜畫面核心：太陽、鐘｜情緒：平靜｜出現：太陽、鐘
p126_s04｜場景：江邊｜畫面核心：前行｜動作：前行｜情緒：平靜｜出現：江邊","人物｜詩人
場景｜樓台
場景｜庭院
場景｜寺院
物件｜雲
物件｜太陽
物件｜鐘
場景｜江邊",
127,劉長卿,五言律詩,送李中丞歸漢陽別業,"流落征南將，曾驅十萬師。
罷歸無舊業，老去戀明時。
獨立三邊靜，輕生一劍知。
茫茫江漢上，日暮欲何之。","這位以前帶兵南征的將軍如今漂泊失意，曾經統領過十萬大軍。
離職回來卻沒有舊產業可以依靠，年紀大了仍掛念太平時代和國家。
他曾一人守住邊境安定，拿一把劍就敢把生死放在身外。
如今站在茫茫江漢邊，天快黑了，卻不知道自己還能往哪裡去。",2,8,visual_plan_v1,draft,"{""v"":""visual_plan_v1"",""entities"":[{""id"":""e01"",""type"":""character"",""label"":""將軍""},{""id"":""e02"",""type"":""location"",""label"":""江邊""}],""continuity"":{""recurring_entities"":[]},""scenes"":[{""id"":""p127_s01"",""setting"":""未明示"",""time"":""未明示"",""mood"":""平靜"",""entities"":[""e01""],""actions"":[],""focus"":[""將軍""]},{""id"":""p127_s02"",""setting"":""未明示"",""time"":""未明示"",""mood"":""平靜"",""entities"":[],""actions"":[],""focus"":[]},{""id"":""p127_s03"",""setting"":""未明示"",""time"":""未明示"",""mood"":""平靜"",""entities"":[],""actions"":[],""focus"":[]},{""id"":""p127_s04"",""setting"":""江邊"",""time"":""黃昏"",""mood"":""平靜"",""entities"":[""e02""],""actions"":[""前行""],""focus"":[""前行""]}]}",依各 Scene 視覺計畫,"p127_s01｜場景：未明示｜畫面核心：將軍｜情緒：平靜｜出現：將軍
p127_s02｜場景：未明示｜畫面核心：｜情緒：平靜
p127_s03｜場景：未明示｜畫面核心：｜情緒：平靜
p127_s04｜場景：江邊｜時間：黃昏｜畫面核心：前行｜動作：前行｜情緒：平靜｜出現：江邊","人物｜將軍
場景｜江邊",
128,劉長卿,五言律詩,餞別王十一南遊,"望君煙水闊，揮手淚霑巾。
飛鳥沒何處，青山空向人。
長江一帆遠，落日五湖春。
誰見汀洲上，相思愁白蘋。","望著你的小船進入遼闊煙水，我揮手送別，眼淚沾濕手巾。
連飛鳥都不知道消失到哪裡，只剩青山靜靜對著我。
長江上你的一面帆越走越遠，落日照著五湖春色。
又有誰看見我站在沙洲上，對著白蘋滿懷相思呢？",2,8,visual_plan_v1,draft,"{""v"":""visual_plan_v1"",""entities"":[{""id"":""e01"",""type"":""character"",""label"":""詩人""},{""id"":""e02"",""type"":""location"",""label"":""船上""},{""id"":""e03"",""type"":""object"",""label"":""小船""},{""id"":""e04"",""type"":""animal"",""label"":""鳥""},{""id"":""e05"",""type"":""location"",""label"":""山中""},{""id"":""e06"",""type"":""location"",""label"":""江邊""},{""id"":""e07"",""type"":""location"",""label"":""湖邊""}],""continuity"":{""recurring_entities"":[""e01""]},""scenes"":[{""id"":""p128_s01"",""setting"":""船上"",""time"":""未明示"",""mood"":""感傷"",""entities"":[""e01"",""e02"",""e03""],""actions"":[""看望"",""送別"",""哭泣""],""focus"":[""詩人"",""小船"",""看望"",""送別"",""哭泣""]},{""id"":""p128_s02"",""setting"":""山中"",""time"":""未明示"",""mood"":""平靜"",""entities"":[""e01"",""e04"",""e05""],""actions"":[],""focus"":[""詩人"",""鳥""]},{""id"":""p128_s03"",""setting"":""江邊"",""time"":""春天"",""mood"":""平靜"",""entities"":[""e06"",""e07""],""actions"":[""前行""],""focus"":[""前行""]},{""id"":""p128_s04"",""setting"":""未明示"",""time"":""未明示"",""mood"":""思念"",""entities"":[""e01""],""actions"":[""看望"",""思念""],""focus"":[""詩人"",""看望"",""思念""]}]}",依各 Scene 視覺計畫,"p128_s01｜場景：船上｜畫面核心：詩人、小船、看望、送別、哭泣｜動作：看望、送別、哭泣｜情緒：感傷｜出現：詩人、船上、小船
p128_s02｜場景：山中｜畫面核心：詩人、鳥｜情緒：平靜｜出現：詩人、鳥、山中
p128_s03｜場景：江邊｜時間：春天｜畫面核心：前行｜動作：前行｜情緒：平靜｜出現：江邊、湖邊
p128_s04｜場景：未明示｜畫面核心：詩人、看望、思念｜動作：看望、思念｜情緒：思念｜出現：詩人","人物｜詩人
場景｜船上
物件｜小船
動物｜鳥
場景｜山中
場景｜江邊
場景｜湖邊",重複元素：詩人
129,劉長卿,五言律詩,尋南溪常道士,"一路經行處，莓苔見履痕。
白雲依靜渚，春草閉閑門。
過雨看松色，隨山到水源。
溪花與禪意，相對亦忘言。","沿路走過的地方，青苔上還看得見道士留下的腳印。
白雲停在安靜水邊，春草長滿了他平常關著的門前。
雨後松樹顏色更青，我順著山路一路找到溪水源頭。
溪邊花朵和安靜禪意相對，讓人舒服得連話都忘了說。",2,8,visual_plan_v1,draft,"{""v"":""visual_plan_v1"",""entities"":[{""id"":""e01"",""type"":""location"",""label"":""古道""},{""id"":""e02"",""type"":""plant"",""label"":""青草""},{""id"":""e03"",""type"":""location"",""label"":""關塞""},{""id"":""e04"",""type"":""object"",""label"":""雲""},{""id"":""e05"",""type"":""character"",""label"":""詩人""},{""id"":""e06"",""type"":""plant"",""label"":""松樹""},{""id"":""e07"",""type"":""plant"",""label"":""樹木""},{""id"":""e08"",""type"":""location"",""label"":""山中""},{""id"":""e09"",""type"":""location"",""label"":""溪流""},{""id"":""e10"",""type"":""object"",""label"":""雨""},{""id"":""e11"",""type"":""plant"",""label"":""花樹""}],""continuity"":{""recurring_entities"":[""e01"",""e09""]},""scenes"":[{""id"":""p129_s01"",""setting"":""古道"",""time"":""未明示"",""mood"":""平靜"",""entities"":[""e01""],""actions"":[""看望"",""前行""],""focus"":[""看望"",""前行""]},{""id"":""p129_s02"",""setting"":""關塞"",""time"":""春天"",""mood"":""安靜"",""entities"":[""e02"",""e03"",""e04""],""actions"":[],""focus"":[""青草"",""雲""]},{""id"":""p129_s03"",""setting"":""山中"",""time"":""未明示"",""mood"":""平靜"",""entities"":[""e05"",""e06"",""e07"",""e08"",""e09"",""e01"",""e10""],""actions"":[],""focus"":[""詩人"",""松樹"",""樹木"",""雨""]},{""id"":""p129_s04"",""setting"":""溪流"",""time"":""未明示"",""mood"":""愉快"",""entities"":[""e11"",""e09""],""actions"":[],""focus"":[""花樹""]}]}",依各 Scene 視覺計畫,"p129_s01｜場景：古道｜畫面核心：看望、前行｜動作：看望、前行｜情緒：平靜｜出現：古道
p129_s02｜場景：關塞｜時間：春天｜畫面核心：青草、雲｜情緒：安靜｜出現：青草、關塞、雲
p129_s03｜場景：山中｜畫面核心：詩人、松樹、樹木、雨｜情緒：平靜｜出現：詩人、松樹、樹木、山中、溪流、古道、雨
p129_s04｜場景：溪流｜畫面核心：花樹｜情緒：愉快｜出現：花樹、溪流","場景｜古道
植物｜青草
場景｜關塞
物件｜雲
人物｜詩人
植物｜松樹
植物｜樹木
場景｜山中
場景｜溪流
物件｜雨
植物｜花樹",重複元素：古道、溪流
130,劉長卿,五言律詩,新年作,"鄉心新歲切，天畔獨潸然。
老至居人下，春歸在客先。
嶺猨同旦暮，江柳共風煙。
已是長沙傅，從今又幾年。","新年一到，我想家的心更強烈，獨自在天涯忍不住流淚。
年紀漸老卻寄居別人地方，春天來了，我仍是遠方旅客。
每天早晚只聽山嶺猿叫，也看江邊柳樹在風煙中搖動。
我已像被貶到長沙的賈誼，不知道這樣的日子還要過幾年。",2,8,visual_plan_v1,draft,"{""v"":""visual_plan_v1"",""entities"":[{""id"":""e01"",""type"":""character"",""label"":""詩人""},{""id"":""e02"",""type"":""character"",""label"":""旅人""},{""id"":""e03"",""type"":""animal"",""label"":""猿""},{""id"":""e04"",""type"":""plant"",""label"":""柳樹""},{""id"":""e05"",""type"":""plant"",""label"":""樹木""},{""id"":""e06"",""type"":""location"",""label"":""江邊""},{""id"":""e07"",""type"":""object"",""label"":""風""}],""continuity"":{""recurring_entities"":[""e01""]},""scenes"":[{""id"":""p130_s01"",""setting"":""未明示"",""time"":""未明示"",""mood"":""感傷"",""entities"":[""e01""],""actions"":[""哭泣""],""focus"":[""詩人"",""哭泣""]},{""id"":""p130_s02"",""setting"":""未明示"",""time"":""春天"",""mood"":""平靜"",""entities"":[""e01"",""e02""],""actions"":[],""focus"":[""詩人"",""旅人""]},{""id"":""p130_s03"",""setting"":""江邊"",""time"":""黃昏"",""mood"":""平靜"",""entities"":[""e03"",""e04"",""e05"",""e06"",""e07""],""actions"":[""看望"",""聆聽""],""focus"":[""猿"",""柳樹"",""樹木"",""風"",""看望""]},{""id"":""p130_s04"",""setting"":""未明示"",""time"":""未明示"",""mood"":""平靜"",""entities"":[""e01""],""actions"":[],""focus"":[""詩人""]}]}",依各 Scene 視覺計畫,"p130_s01｜場景：未明示｜畫面核心：詩人、哭泣｜動作：哭泣｜情緒：感傷｜出現：詩人
p130_s02｜場景：未明示｜時間：春天｜畫面核心：詩人、旅人｜情緒：平靜｜出現：詩人、旅人
p130_s03｜場景：江邊｜時間：黃昏｜畫面核心：猿、柳樹、樹木、風、看望｜動作：看望、聆聽｜情緒：平靜｜出現：猿、柳樹、樹木、江邊、風
p130_s04｜場景：未明示｜畫面核心：詩人｜情緒：平靜｜出現：詩人","人物｜詩人
人物｜旅人
動物｜猿
植物｜柳樹
植物｜樹木
場景｜江邊
物件｜風",重複元素：詩人
131,錢起,五言律詩,送僧歸日本,"上國隨緣住，來途若夢行。
浮天滄海遠，去世法舟輕。
水月通禪觀，魚龍聽梵聲。
惟憐一燈影，萬里眼中明。","你因緣來到大唐住了一段時間，來時漫長旅程像一場夢。
如今要渡過遼闊大海回日本，佛法像一艘輕舟帶你離開人世煩惱。
水中月影幫助人領悟禪意，連魚龍好像也會停下來聽誦經聲。
最讓人不捨的是那一點佛燈光影，隔著萬里仍會在我心中明亮。",1,9,visual_plan_v1,draft,"{""v"":""visual_plan_v1"",""entities"":[{""id"":""e01"",""type"":""location"",""label"":""海邊""},{""id"":""e02"",""type"":""location"",""label"":""船上""},{""id"":""e03"",""type"":""object"",""label"":""小船""},{""id"":""e04"",""type"":""animal"",""label"":""魚""},{""id"":""e05"",""type"":""object"",""label"":""月亮""},{""id"":""e06"",""type"":""character"",""label"":""詩人""},{""id"":""e07"",""type"":""object"",""label"":""燈火""}],""continuity"":{""recurring_entities"":[]},""scenes"":[{""id"":""p131_s01"",""setting"":""未明示"",""time"":""未明示"",""mood"":""平靜"",""entities"":[],""actions"":[],""focus"":[]},{""id"":""p131_s02"",""setting"":""海邊"",""time"":""未明示"",""mood"":""平靜"",""entities"":[""e01"",""e02"",""e03""],""actions"":[],""focus"":[""小船""]},{""id"":""p131_s03"",""setting"":""未明示"",""time"":""未明示"",""mood"":""平靜"",""entities"":[""e04"",""e05""],""actions"":[""聆聽""],""focus"":[""魚"",""月亮"",""聆聽""]},{""id"":""p131_s04"",""setting"":""未明示"",""time"":""未明示"",""mood"":""感傷"",""entities"":[""e06"",""e07""],""actions"":[],""focus"":[""詩人"",""燈火""]}]}",依各 Scene 視覺計畫,"p131_s01｜場景：未明示｜畫面核心：｜情緒：平靜
p131_s02｜場景：海邊｜畫面核心：小船｜情緒：平靜｜出現：海邊、船上、小船
p131_s03｜場景：未明示｜畫面核心：魚、月亮、聆聽｜動作：聆聽｜情緒：平靜｜出現：魚、月亮
p131_s04｜場景：未明示｜畫面核心：詩人、燈火｜情緒：感傷｜出現：詩人、燈火","場景｜海邊
場景｜船上
物件｜小船
動物｜魚
物件｜月亮
人物｜詩人
物件｜燈火",
132,錢起,五言律詩,谷口書齋寄楊補闕,"泉壑帶茅茨，雲霞生薜帷。
竹憐新雨後，山愛夕陽時。
閑鷺棲常早，秋花落更遲。
家童掃蘿逕，昨與故人期。","山泉溪谷圍著小茅屋，雲霞像從藤蘿做的簾幕後升起。
我最喜歡新雨後的竹子，也喜歡夕陽照山的時刻。
悠閒白鷺總是很早棲息，秋花反而開得久、落得慢。
家童正在掃藤蘿小徑，因為昨天和老朋友約好今天來訪。",1,9,visual_plan_v1,draft,"{""v"":""visual_plan_v1"",""entities"":[{""id"":""e01"",""type"":""location"",""label"":""溪流""},{""id"":""e02"",""type"":""location"",""label"":""房間""},{""id"":""e03"",""type"":""location"",""label"":""山谷""},{""id"":""e04"",""type"":""object"",""label"":""雲""},{""id"":""e05"",""type"":""character"",""label"":""詩人""},{""id"":""e06"",""type"":""plant"",""label"":""竹子""},{""id"":""e07"",""type"":""object"",""label"":""太陽""},{""id"":""e08"",""type"":""object"",""label"":""雨""},{""id"":""e09"",""type"":""animal"",""label"":""鳥""},{""id"":""e10"",""type"":""plant"",""label"":""花樹""},{""id"":""e11"",""type"":""object"",""label"":""花瓣""},{""id"":""e12"",""type"":""character"",""label"":""朋友""}],""continuity"":{""recurring_entities"":[]},""scenes"":[{""id"":""p132_s01"",""setting"":""溪流"",""time"":""未明示"",""mood"":""平靜"",""entities"":[""e01"",""e02"",""e03"",""e04""],""actions"":[],""focus"":[""雲""]},{""id"":""p132_s02"",""setting"":""未明示"",""time"":""黃昏"",""mood"":""愉快"",""entities"":[""e05"",""e06"",""e07"",""e08""],""actions"":[],""focus"":[""詩人"",""竹子"",""太陽"",""雨""]},{""id"":""p132_s03"",""setting"":""未明示"",""time"":""秋天"",""mood"":""悠閒"",""entities"":[""e09"",""e10"",""e11""],""actions"":[],""focus"":[""鳥"",""花樹"",""花瓣""]},{""id"":""p132_s04"",""setting"":""未明示"",""time"":""未明示"",""mood"":""平靜"",""entities"":[""e12""],""actions"":[],""focus"":[""朋友""]}]}",依各 Scene 視覺計畫,"p132_s01｜場景：溪流｜畫面核心：雲｜情緒：平靜｜出現：溪流、房間、山谷、雲
p132_s02｜場景：未明示｜時間：黃昏｜畫面核心：詩人、竹子、太陽、雨｜情緒：愉快｜出現：詩人、竹子、太陽、雨
p132_s03｜場景：未明示｜時間：秋天｜畫面核心：鳥、花樹、花瓣｜情緒：悠閒｜出現：鳥、花樹、花瓣
p132_s04｜場景：未明示｜畫面核心：朋友｜情緒：平靜｜出現：朋友","場景｜溪流
場景｜房間
場景｜山谷
物件｜雲
人物｜詩人
植物｜竹子
物件｜太陽
物件｜雨
動物｜鳥
植物｜花樹
物件｜花瓣
人物｜朋友",
133,韋應物,五言律詩,淮上喜會梁州故人,"江漢曾爲客，相逢每醉還。
浮雲一別後，流水十年間。
歡笑情如舊，蕭疎鬢已斑。
何因北歸去，淮上對秋山。","以前我們都曾在江漢一帶作客，每次相逢總喝到醉才回去。
自從像浮雲一樣分別，流水般一轉眼竟過了十年。
今天再見，歡笑感情還和以前一樣，只是彼此頭髮都已稀疏斑白。
不知道什麼原因讓你又要北歸，只留下我在淮河邊對著秋山。",3,8,visual_plan_v1,draft,"{""v"":""visual_plan_v1"",""entities"":[{""id"":""e01"",""type"":""character"",""label"":""詩人""},{""id"":""e02"",""type"":""character"",""label"":""旅人""},{""id"":""e03"",""type"":""location"",""label"":""江邊""},{""id"":""e04"",""type"":""object"",""label"":""雲""},{""id"":""e05"",""type"":""location"",""label"":""河岸""}],""continuity"":{""recurring_entities"":[""e01""]},""scenes"":[{""id"":""p133_s01"",""setting"":""江邊"",""time"":""未明示"",""mood"":""平靜"",""entities"":[""e01"",""e02"",""e03""],""actions"":[""前行""],""focus"":[""詩人"",""旅人"",""前行""]},{""id"":""p133_s02"",""setting"":""未明示"",""time"":""未明示"",""mood"":""平靜"",""entities"":[""e04""],""actions"":[],""focus"":[""雲""]},{""id"":""p133_s03"",""setting"":""未明示"",""time"":""未明示"",""mood"":""平靜"",""entities"":[],""actions"":[],""focus"":[]},{""id"":""p133_s04"",""setting"":""河岸"",""time"":""秋天"",""mood"":""平靜"",""entities"":[""e01"",""e05""],""actions"":[""前行""],""focus"":[""詩人"",""前行""]}]}",依各 Scene 視覺計畫,"p133_s01｜場景：江邊｜畫面核心：詩人、旅人、前行｜動作：前行｜情緒：平靜｜出現：詩人、旅人、江邊
p133_s02｜場景：未明示｜畫面核心：雲｜情緒：平靜｜出現：雲
p133_s03｜場景：未明示｜畫面核心：｜情緒：平靜
p133_s04｜場景：河岸｜時間：秋天｜畫面核心：詩人、前行｜動作：前行｜情緒：平靜｜出現：詩人、河岸","人物｜詩人
人物｜旅人
場景｜江邊
物件｜雲
場景｜河岸",重複元素：詩人
134,韋應物,五言律詩,賦得暮雨送李曹,"楚江微雨裡，建業暮鐘時。
漠漠帆來重，冥冥鳥去遲。
海門深不見，浦樹遠含滋。
相送情無限，沾襟比散絲。","楚江下著細雨，正好是建業城傍晚鐘聲響起的時候。
濛濛雨裡船帆顯得沉重，昏暗天空中鳥也飛得很慢。
遠方海口深處看不清楚，岸邊樹木被雨水滋潤得濕濕的。
送別你的情意沒有盡頭，眼淚沾濕衣襟就像細雨絲一樣。",3,8,visual_plan_v1,draft,"{""v"":""visual_plan_v1"",""entities"":[{""id"":""e01"",""type"":""location"",""label"":""江邊""},{""id"":""e02"",""type"":""location"",""label"":""城中""},{""id"":""e03"",""type"":""object"",""label"":""雨""},{""id"":""e04"",""type"":""object"",""label"":""鐘""},{""id"":""e05"",""type"":""animal"",""label"":""鳥""},{""id"":""e06"",""type"":""location"",""label"":""船上""},{""id"":""e07"",""type"":""object"",""label"":""小船""},{""id"":""e08"",""type"":""plant"",""label"":""樹木""},{""id"":""e09"",""type"":""location"",""label"":""海邊""}],""continuity"":{""recurring_entities"":[""e03""]},""scenes"":[{""id"":""p134_s01"",""setting"":""江邊"",""time"":""黃昏"",""mood"":""平靜"",""entities"":[""e01"",""e02"",""e03"",""e04""],""actions"":[""等待""],""focus"":[""雨"",""鐘"",""等待""]},{""id"":""p134_s02"",""setting"":""船上"",""time"":""未明示"",""mood"":""平靜"",""entities"":[""e05"",""e06"",""e03"",""e07""],""actions"":[],""focus"":[""鳥"",""雨"",""小船""]},{""id"":""p134_s03"",""setting"":""海邊"",""time"":""未明示"",""mood"":""平靜"",""entities"":[""e08"",""e09"",""e03""],""actions"":[""看望""],""focus"":[""樹木"",""雨"",""看望""]},{""id"":""p134_s04"",""setting"":""未明示"",""time"":""未明示"",""mood"":""感傷"",""entities"":[""e03""],""actions"":[""送別"",""哭泣""],""focus"":[""雨"",""送別"",""哭泣""]}]}",依各 Scene 視覺計畫,"p134_s01｜場景：江邊｜時間：黃昏｜畫面核心：雨、鐘、等待｜動作：等待｜情緒：平靜｜出現：江邊、城中、雨、鐘
p134_s02｜場景：船上｜畫面核心：鳥、雨、小船｜情緒：平靜｜出現：鳥、船上、雨、小船
p134_s03｜場景：海邊｜畫面核心：樹木、雨、看望｜動作：看望｜情緒：平靜｜出現：樹木、海邊、雨
p134_s04｜場景：未明示｜畫面核心：雨、送別、哭泣｜動作：送別、哭泣｜情緒：感傷｜出現：雨","場景｜江邊
場景｜城中
物件｜雨
物件｜鐘
動物｜鳥
場景｜船上
物件｜小船
植物｜樹木
場景｜海邊",重複元素：雨
135,韓翃,五言律詩,酬程近秋夜即事見贈,"長簟迎風早，空城澹月華。
星河秋一雁，砧杵夜千家。
節候看應晚，心期臥亦賒。
向來吟秀句，不覺已鳴鴉。","長長竹席早早迎到秋風，空城月光顯得淡淡清冷。
銀河下有一隻秋雁飛過，夜裡千家萬戶傳來搗衣聲。
看季節應該已很晚了，可我心裡等的事還遙遙沒有結果。
一直讀你送我的好詩，不知不覺天都亮了，烏鴉已開始叫。",1,9,visual_plan_v1,draft,"{""v"":""visual_plan_v1"",""entities"":[{""id"":""e01"",""type"":""plant"",""label"":""竹子""},{""id"":""e02"",""type"":""location"",""label"":""城中""},{""id"":""e03"",""type"":""object"",""label"":""月亮""},{""id"":""e04"",""type"":""object"",""label"":""風""},{""id"":""e05"",""type"":""animal"",""label"":""鳥""},{""id"":""e06"",""type"":""location"",""label"":""河岸""},{""id"":""e07"",""type"":""character"",""label"":""詩人""}],""continuity"":{""recurring_entities"":[""e05"",""e07""]},""scenes"":[{""id"":""p135_s01"",""setting"":""城中"",""time"":""夜晚"",""mood"":""平靜"",""entities"":[""e01"",""e02"",""e03"",""e04""],""actions"":[],""focus"":[""竹子"",""月亮"",""風""]},{""id"":""p135_s02"",""setting"":""河岸"",""time"":""夜晚"",""mood"":""平靜"",""entities"":[""e05"",""e06""],""actions"":[],""focus"":[""鳥""]},{""id"":""p135_s03"",""setting"":""未明示"",""time"":""未明示"",""mood"":""平靜"",""entities"":[""e07""],""actions"":[""看望""],""focus"":[""詩人"",""看望""]},{""id"":""p135_s04"",""setting"":""未明示"",""time"":""未明示"",""mood"":""平靜"",""entities"":[""e07"",""e05""],""actions"":[],""focus"":[""詩人"",""鳥""]}]}",依各 Scene 視覺計畫,"p135_s01｜場景：城中｜時間：夜晚｜畫面核心：竹子、月亮、風｜情緒：平靜｜出現：竹子、城中、月亮、風
p135_s02｜場景：河岸｜時間：夜晚｜畫面核心：鳥｜情緒：平靜｜出現：鳥、河岸
p135_s03｜場景：未明示｜畫面核心：詩人、看望｜動作：看望｜情緒：平靜｜出現：詩人
p135_s04｜場景：未明示｜畫面核心：詩人、鳥｜情緒：平靜｜出現：詩人、鳥","植物｜竹子
場景｜城中
物件｜月亮
物件｜風
動物｜鳥
場景｜河岸
人物｜詩人",重複元素：鳥、詩人
136,劉昚虛,五言律詩,闕題,"道由白雲盡，春與青溪長。
時有落花至，遠隨流水香。
閑門向山路，深柳讀書堂。
幽映每白日，清輝照衣裳。","山路走到白雲深處好像就結束了，春色卻沿著青溪一直延伸。
不時有落花隨水漂來，遠遠就帶著香氣。
安靜院門面向山路，深深柳樹裡藏著讀書堂。
即使白天這裡也幽靜有樹影，清亮光線照在衣服上。",1,9,visual_plan_v1,draft,"{""v"":""visual_plan_v1"",""entities"":[{""id"":""e01"",""type"":""location"",""label"":""山中""},{""id"":""e02"",""type"":""location"",""label"":""溪流""},{""id"":""e03"",""type"":""location"",""label"":""古道""},{""id"":""e04"",""type"":""object"",""label"":""雲""},{""id"":""e05"",""type"":""plant"",""label"":""花樹""},{""id"":""e06"",""type"":""plant"",""label"":""柳樹""},{""id"":""e07"",""type"":""plant"",""label"":""樹木""},{""id"":""e08"",""type"":""location"",""label"":""庭院""},{""id"":""e09"",""type"":""object"",""label"":""太陽""}],""continuity"":{""recurring_entities"":[""e01"",""e03"",""e07""]},""scenes"":[{""id"":""p136_s01"",""setting"":""山中"",""time"":""春天"",""mood"":""平靜"",""entities"":[""e01"",""e02"",""e03"",""e04""],""actions"":[""前行""],""focus"":[""雲"",""前行""]},{""id"":""p136_s02"",""setting"":""未明示"",""time"":""未明示"",""mood"":""平靜"",""entities"":[""e05""],""actions"":[],""focus"":[""花樹""]},{""id"":""p136_s03"",""setting"":""山中"",""time"":""未明示"",""mood"":""安靜"",""entities"":[""e06"",""e07"",""e01"",""e08"",""e03""],""actions"":[],""focus"":[""柳樹"",""樹木""]},{""id"":""p136_s04"",""setting"":""未明示"",""time"":""未明示"",""mood"":""安靜"",""entities"":[""e07"",""e09""],""actions"":[],""focus"":[""樹木"",""太陽""]}]}",依各 Scene 視覺計畫,"p136_s01｜場景：山中｜時間：春天｜畫面核心：雲、前行｜動作：前行｜情緒：平靜｜出現：山中、溪流、古道、雲
p136_s02｜場景：未明示｜畫面核心：花樹｜情緒：平靜｜出現：花樹
p136_s03｜場景：山中｜畫面核心：柳樹、樹木｜情緒：安靜｜出現：柳樹、樹木、山中、庭院、古道
p136_s04｜場景：未明示｜畫面核心：樹木、太陽｜情緒：安靜｜出現：樹木、太陽","場景｜山中
場景｜溪流
場景｜古道
物件｜雲
植物｜花樹
植物｜柳樹
植物｜樹木
場景｜庭院
物件｜太陽",重複元素：山中、古道、樹木
137,戴叔倫,五言律詩,江鄉故人偶集客舍,"天秋月又滿，城闕夜千重。
還作江南會，翻疑夢裡逢。
風枝驚暗鵲，露草覆寒蟲。
羈旅長堪醉，相留畏曉鐘。","秋天夜裡月亮又圓了，城中重重屋宇都沉在夜色裡。
沒想到我們又在江南相聚，一時還以為是在夢裡碰見。
風吹樹枝驚動夜鵲，露水草叢裡藏著怕冷的小蟲。
漂泊在外難得相逢，真想多喝幾杯留你久一點，只怕清晨鐘聲太快響。",1,9,visual_plan_v1,draft,"{""v"":""visual_plan_v1"",""entities"":[{""id"":""e01"",""type"":""location"",""label"":""房間""},{""id"":""e02"",""type"":""location"",""label"":""城中""},{""id"":""e03"",""type"":""object"",""label"":""月亮""},{""id"":""e04"",""type"":""character"",""label"":""詩人""},{""id"":""e05"",""type"":""location"",""label"":""江邊""},{""id"":""e06"",""type"":""plant"",""label"":""青草""},{""id"":""e07"",""type"":""plant"",""label"":""樹木""},{""id"":""e08"",""type"":""object"",""label"":""風""},{""id"":""e09"",""type"":""object"",""label"":""露水""},{""id"":""e10"",""type"":""object"",""label"":""鐘""}],""continuity"":{""recurring_entities"":[]},""scenes"":[{""id"":""p137_s01"",""setting"":""房間"",""time"":""夜晚"",""mood"":""平靜"",""entities"":[""e01"",""e02"",""e03""],""actions"":[],""focus"":[""月亮""]},{""id"":""p137_s02"",""setting"":""江邊"",""time"":""未明示"",""mood"":""平靜"",""entities"":[""e04"",""e05""],""actions"":[],""focus"":[""詩人""]},{""id"":""p137_s03"",""setting"":""未明示"",""time"":""夜晚"",""mood"":""平靜"",""entities"":[""e06"",""e07"",""e08"",""e09""],""actions"":[],""focus"":[""青草"",""樹木"",""風"",""露水""]},{""id"":""p137_s04"",""setting"":""未明示"",""time"":""清晨"",""mood"":""平靜"",""entities"":[""e10""],""actions"":[],""focus"":[""鐘""]}]}",依各 Scene 視覺計畫,"p137_s01｜場景：房間｜時間：夜晚｜畫面核心：月亮｜情緒：平靜｜出現：房間、城中、月亮
p137_s02｜場景：江邊｜畫面核心：詩人｜情緒：平靜｜出現：詩人、江邊
p137_s03｜場景：未明示｜時間：夜晚｜畫面核心：青草、樹木、風、露水｜情緒：平靜｜出現：青草、樹木、風、露水
p137_s04｜場景：未明示｜時間：清晨｜畫面核心：鐘｜情緒：平靜｜出現：鐘","場景｜房間
場景｜城中
物件｜月亮
人物｜詩人
場景｜江邊
植物｜青草
植物｜樹木
物件｜風
物件｜露水
物件｜鐘",
138,盧綸,五言律詩,送李端,"故關衰草遍，離別正堪悲。
路出寒雲外，人歸暮雪時。
少孤為客早，多難識君遲。
掩淚空相向，風塵何處期。","故關附近枯草遍地，正要離別更讓人覺得悲傷。
你要走的路伸到寒雲外，回去時又正遇傍晚下雪。
我從小失去依靠，很早就漂泊作客；人生又多災難，和你相識得太晚。
我們含淚相對，世道這麼亂，下次到底要在哪裡才能再見？",2,8,visual_plan_v1,draft,"{""v"":""visual_plan_v1"",""entities"":[{""id"":""e01"",""type"":""plant"",""label"":""青草""},{""id"":""e02"",""type"":""location"",""label"":""關塞""},{""id"":""e03"",""type"":""location"",""label"":""古道""},{""id"":""e04"",""type"":""object"",""label"":""雲""},{""id"":""e05"",""type"":""object"",""label"":""雪""},{""id"":""e06"",""type"":""character"",""label"":""詩人""},{""id"":""e07"",""type"":""character"",""label"":""旅人""},{""id"":""e08"",""type"":""object"",""label"":""風""}],""continuity"":{""recurring_entities"":[""e06""]},""scenes"":[{""id"":""p138_s01"",""setting"":""關塞"",""time"":""未明示"",""mood"":""感傷"",""entities"":[""e01"",""e02""],""actions"":[],""focus"":[""青草""]},{""id"":""p138_s02"",""setting"":""古道"",""time"":""黃昏"",""mood"":""平靜"",""entities"":[""e03"",""e04"",""e05""],""actions"":[""前行""],""focus"":[""雲"",""雪"",""前行""]},{""id"":""p138_s03"",""setting"":""未明示"",""time"":""未明示"",""mood"":""平靜"",""entities"":[""e06"",""e07""],""actions"":[""前行""],""focus"":[""詩人"",""旅人"",""前行""]},{""id"":""p138_s04"",""setting"":""未明示"",""time"":""未明示"",""mood"":""感傷"",""entities"":[""e06"",""e08""],""actions"":[""哭泣""],""focus"":[""詩人"",""風"",""哭泣""]}]}",依各 Scene 視覺計畫,"p138_s01｜場景：關塞｜畫面核心：青草｜情緒：感傷｜出現：青草、關塞
p138_s02｜場景：古道｜時間：黃昏｜畫面核心：雲、雪、前行｜動作：前行｜情緒：平靜｜出現：古道、雲、雪
p138_s03｜場景：未明示｜畫面核心：詩人、旅人、前行｜動作：前行｜情緒：平靜｜出現：詩人、旅人
p138_s04｜場景：未明示｜畫面核心：詩人、風、哭泣｜動作：哭泣｜情緒：感傷｜出現：詩人、風","植物｜青草
場景｜關塞
場景｜古道
物件｜雲
物件｜雪
人物｜詩人
人物｜旅人
物件｜風",重複元素：詩人
139,李益,五言律詩,喜見外弟又言別,"十年離亂後，長大一相逢。
問姓驚初見，稱名憶舊容。
別來滄海事，語罷暮天鐘。
明日巴陵道，秋山又幾重。","十年戰亂分離後，我們都長大了才終於再次見面。
一開始問姓還覺得陌生，聽你說出名字才想起以前模樣。
分別後發生的事情多得像滄海變化，一直聊到傍晚鐘聲響起。
明天你又要走巴陵那條路，中間還隔著一重又一重秋山。",2,9,visual_plan_v1,draft,"{""v"":""visual_plan_v1"",""entities"":[{""id"":""e01"",""type"":""character"",""label"":""詩人""},{""id"":""e02"",""type"":""location"",""label"":""海邊""},{""id"":""e03"",""type"":""object"",""label"":""鐘""},{""id"":""e04"",""type"":""location"",""label"":""古道""}],""continuity"":{""recurring_entities"":[]},""scenes"":[{""id"":""p139_s01"",""setting"":""未明示"",""time"":""未明示"",""mood"":""平靜"",""entities"":[""e01""],""actions"":[],""focus"":[""詩人""]},{""id"":""p139_s02"",""setting"":""未明示"",""time"":""未明示"",""mood"":""平靜"",""entities"":[],""actions"":[""聆聽""],""focus"":[""聆聽""]},{""id"":""p139_s03"",""setting"":""海邊"",""time"":""黃昏"",""mood"":""平靜"",""entities"":[""e02"",""e03""],""actions"":[],""focus"":[""鐘""]},{""id"":""p139_s04"",""setting"":""古道"",""time"":""秋天"",""mood"":""平靜"",""entities"":[""e04""],""actions"":[""前行""],""focus"":[""前行""]}]}",依各 Scene 視覺計畫,"p139_s01｜場景：未明示｜畫面核心：詩人｜情緒：平靜｜出現：詩人
p139_s02｜場景：未明示｜畫面核心：聆聽｜動作：聆聽｜情緒：平靜
p139_s03｜場景：海邊｜時間：黃昏｜畫面核心：鐘｜情緒：平靜｜出現：海邊、鐘
p139_s04｜場景：古道｜時間：秋天｜畫面核心：前行｜動作：前行｜情緒：平靜｜出現：古道","人物｜詩人
場景｜海邊
物件｜鐘
場景｜古道",
140,司空曙,五言律詩,雲陽館與韓紳宿別,"故人江海別，幾度隔山川。
乍見翻疑夢，相悲各問年。
孤燈寒照雨，深竹暗浮煙。
更有明朝恨，離杯惜共傳。","和老朋友在江海分別後，不知道已隔過多少山川歲月。
突然見面反而像做夢，我們一邊感傷，一邊問對方現在幾歲了。
孤燈冷冷照著窗外雨水，深竹林裡浮著昏暗煙霧。
想到明早又要分開更難過，所以今晚惜別的酒杯不停傳下去。",1,9,visual_plan_v1,draft,"{""v"":""visual_plan_v1"",""entities"":[{""id"":""e01"",""type"":""character"",""label"":""朋友""},{""id"":""e02"",""type"":""location"",""label"":""江邊""},{""id"":""e03"",""type"":""location"",""label"":""溪流""},{""id"":""e04"",""type"":""location"",""label"":""海邊""},{""id"":""e05"",""type"":""object"",""label"":""月亮""},{""id"":""e06"",""type"":""character"",""label"":""詩人""},{""id"":""e07"",""type"":""plant"",""label"":""竹子""},{""id"":""e08"",""type"":""location"",""label"":""森林""},{""id"":""e09"",""type"":""location"",""label"":""房間""},{""id"":""e10"",""type"":""object"",""label"":""雨""},{""id"":""e11"",""type"":""object"",""label"":""窗戶""},{""id"":""e12"",""type"":""object"",""label"":""燈火""},{""id"":""e13"",""type"":""object"",""label"":""酒""}],""continuity"":{""recurring_entities"":[]},""scenes"":[{""id"":""p140_s01"",""setting"":""江邊"",""time"":""未明示"",""mood"":""平靜"",""entities"":[""e01"",""e02"",""e03"",""e04"",""e05""],""actions"":[],""focus"":[""朋友"",""月亮""]},{""id"":""p140_s02"",""setting"":""未明示"",""time"":""未明示"",""mood"":""平靜"",""entities"":[""e06""],""actions"":[],""focus"":[""詩人""]},{""id"":""p140_s03"",""setting"":""森林"",""time"":""未明示"",""mood"":""平靜"",""entities"":[""e07"",""e08"",""e09"",""e10"",""e11"",""e12""],""actions"":[],""focus"":[""竹子"",""雨"",""窗戶"",""燈火""]},{""id"":""p140_s04"",""setting"":""未明示"",""time"":""未明示"",""mood"":""感傷"",""entities"":[""e13""],""actions"":[""前行"",""飲酒""],""focus"":[""酒"",""前行"",""飲酒""]}]}",依各 Scene 視覺計畫,"p140_s01｜場景：江邊｜畫面核心：朋友、月亮｜情緒：平靜｜出現：朋友、江邊、溪流、海邊、月亮
p140_s02｜場景：未明示｜畫面核心：詩人｜情緒：平靜｜出現：詩人
p140_s03｜場景：森林｜畫面核心：竹子、雨、窗戶、燈火｜情緒：平靜｜出現：竹子、森林、房間、雨、窗戶、燈火
p140_s04｜場景：未明示｜畫面核心：酒、前行、飲酒｜動作：前行、飲酒｜情緒：感傷｜出現：酒","人物｜朋友
場景｜江邊
場景｜溪流
場景｜海邊
物件｜月亮
人物｜詩人
植物｜竹子
場景｜森林
場景｜房間
物件｜雨
物件｜窗戶
物件｜燈火
物件｜酒",
141,司空曙,五言律詩,喜外弟盧綸見宿,"靜夜四無隣，荒居舊業貧。
雨中黃葉樹，燈下白頭人。
以我獨沈久，愧君相訪頻。
平生自有分，況是蔡家親。","安靜夜裡四周沒有鄰居，我住的地方荒涼，家境也一直清貧。
雨中黃葉落滿樹，燈下只見我這個白髮老人。
我獨自沉寂已很久，你卻一次次來探望，讓我既感動又有些過意不去。
我們本來一生就有深厚緣分，更何況還是親戚。",1,9,visual_plan_v1,draft,"{""v"":""visual_plan_v1"",""entities"":[{""id"":""e01"",""type"":""character"",""label"":""詩人""},{""id"":""e02"",""type"":""character"",""label"":""老人""},{""id"":""e03"",""type"":""plant"",""label"":""樹木""},{""id"":""e04"",""type"":""object"",""label"":""雨""},{""id"":""e05"",""type"":""object"",""label"":""燈火""}],""continuity"":{""recurring_entities"":[""e01""]},""scenes"":[{""id"":""p141_s01"",""setting"":""未明示"",""time"":""夜晚"",""mood"":""安靜"",""entities"":[""e01""],""actions"":[],""focus"":[""詩人""]},{""id"":""p141_s02"",""setting"":""未明示"",""time"":""未明示"",""mood"":""平靜"",""entities"":[""e01"",""e02"",""e03"",""e04"",""e05""],""actions"":[],""focus"":[""詩人"",""老人"",""樹木"",""雨"",""燈火""]},{""id"":""p141_s03"",""setting"":""未明示"",""time"":""未明示"",""mood"":""平靜"",""entities"":[""e01""],""actions"":[""看望"",""前行""],""focus"":[""詩人"",""看望"",""前行""]},{""id"":""p141_s04"",""setting"":""未明示"",""time"":""未明示"",""mood"":""平靜"",""entities"":[""e01""],""actions"":[],""focus"":[""詩人""]}]}",依各 Scene 視覺計畫,"p141_s01｜場景：未明示｜時間：夜晚｜畫面核心：詩人｜情緒：安靜｜出現：詩人
p141_s02｜場景：未明示｜畫面核心：詩人、老人、樹木、雨、燈火｜情緒：平靜｜出現：詩人、老人、樹木、雨、燈火
p141_s03｜場景：未明示｜畫面核心：詩人、看望、前行｜動作：看望、前行｜情緒：平靜｜出現：詩人
p141_s04｜場景：未明示｜畫面核心：詩人｜情緒：平靜｜出現：詩人","人物｜詩人
人物｜老人
植物｜樹木
物件｜雨
物件｜燈火",重複元素：詩人
142,司空曙,五言律詩,賊平後送人北歸,"世亂同南去，時清獨北還。
他鄉生白髮，舊國見青山。
曉月過殘壘，繁星宿故關。
寒禽與衰草，處處伴愁顏。","天下動亂時我們一起往南逃，如今太平了，你一個人回北方。
在異鄉多年都長出白髮，回到舊國時又會看見熟悉青山。
清晨帶著月色走過殘破營壘，夜裡在故關下伴著滿天星星住宿。
寒冷鳥兒和枯草一路相伴，到處都讓人看了帶著愁意。",1,9,visual_plan_v1,draft,"{""v"":""visual_plan_v1"",""entities"":[{""id"":""e01"",""type"":""character"",""label"":""詩人""},{""id"":""e02"",""type"":""location"",""label"":""山中""},{""id"":""e03"",""type"":""location"",""label"":""關塞""},{""id"":""e04"",""type"":""object"",""label"":""月亮""},{""id"":""e05"",""type"":""animal"",""label"":""鳥""},{""id"":""e06"",""type"":""plant"",""label"":""青草""},{""id"":""e07"",""type"":""location"",""label"":""古道""}],""continuity"":{""recurring_entities"":[]},""scenes"":[{""id"":""p142_s01"",""setting"":""未明示"",""time"":""未明示"",""mood"":""平靜"",""entities"":[""e01""],""actions"":[],""focus"":[""詩人""]},{""id"":""p142_s02"",""setting"":""山中"",""time"":""未明示"",""mood"":""平靜"",""entities"":[""e02""],""actions"":[""看望""],""focus"":[""看望""]},{""id"":""p142_s03"",""setting"":""關塞"",""time"":""清晨"",""mood"":""平靜"",""entities"":[""e03"",""e04""],""actions"":[""前行""],""focus"":[""月亮"",""前行""]},{""id"":""p142_s04"",""setting"":""古道"",""time"":""未明示"",""mood"":""平靜"",""entities"":[""e05"",""e06"",""e07""],""actions"":[""看望""],""focus"":[""鳥"",""青草"",""看望""]}]}",依各 Scene 視覺計畫,"p142_s01｜場景：未明示｜畫面核心：詩人｜情緒：平靜｜出現：詩人
p142_s02｜場景：山中｜畫面核心：看望｜動作：看望｜情緒：平靜｜出現：山中
p142_s03｜場景：關塞｜時間：清晨｜畫面核心：月亮、前行｜動作：前行｜情緒：平靜｜出現：關塞、月亮
p142_s04｜場景：古道｜畫面核心：鳥、青草、看望｜動作：看望｜情緒：平靜｜出現：鳥、青草、古道","人物｜詩人
場景｜山中
場景｜關塞
物件｜月亮
動物｜鳥
植物｜青草
場景｜古道",
143,劉禹錫,五言律詩,蜀先主廟,"天地英雄氣，千秋尚凜然。
勢分三足鼎，業復五銖錢。
得相能開國，生兒不象賢。
淒涼蜀故妓，來舞魏宮前。","劉備那種英雄氣概充滿天地，過了千年仍讓人感到敬畏。
他在三國鼎立中建立蜀漢，也恢復使用漢朝的五銖錢，延續漢室理想。
他得到諸葛亮這樣的賢相才能開國，可惜兒子沒有像他一樣有能力。
最後蜀國滅亡，從前宮中的歌舞女子竟要到魏國宮廷前表演，實在淒涼。",3,9,visual_plan_v1,draft,"{""v"":""visual_plan_v1"",""entities"":[{""id"":""e01"",""type"":""character"",""label"":""女子""},{""id"":""e02"",""type"":""location"",""label"":""宮中""}],""continuity"":{""recurring_entities"":[]},""scenes"":[{""id"":""p143_s01"",""setting"":""未明示"",""time"":""秋天"",""mood"":""平靜"",""entities"":[],""actions"":[],""focus"":[]},{""id"":""p143_s02"",""setting"":""未明示"",""time"":""未明示"",""mood"":""平靜"",""entities"":[],""actions"":[],""focus"":[]},{""id"":""p143_s03"",""setting"":""未明示"",""time"":""未明示"",""mood"":""感傷"",""entities"":[],""actions"":[],""focus"":[]},{""id"":""p143_s04"",""setting"":""宮中"",""time"":""未明示"",""mood"":""平靜"",""entities"":[""e01"",""e02""],""actions"":[],""focus"":[""女子""]}]}",依各 Scene 視覺計畫,"p143_s01｜場景：未明示｜時間：秋天｜畫面核心：｜情緒：平靜
p143_s02｜場景：未明示｜畫面核心：｜情緒：平靜
p143_s03｜場景：未明示｜畫面核心：｜情緒：感傷
p143_s04｜場景：宮中｜畫面核心：女子｜情緒：平靜｜出現：女子、宮中","人物｜女子
場景｜宮中",
144,張籍,五言律詩,沒蕃故人,"前年伐月支，城上沒全師。
蕃漢斷消息，死生長別離。
無人收廢帳，歸馬識殘旗。
欲祭疑君在，天涯哭此時。","前年軍隊出征西域，在城下全軍失去消息。
從此漢地和外族之間消息中斷，朋友到底生死如何都不知道，像永遠分離。
沒有人收拾廢棄軍帳，只有回來的戰馬還認得殘破軍旗。
想祭拜你又怕其實你還活著，我只能在天涯這一刻為你哭泣。",1,9,visual_plan_v1,draft,"{""v"":""visual_plan_v1"",""entities"":[{""id"":""e01"",""type"":""location"",""label"":""城中""},{""id"":""e02"",""type"":""object"",""label"":""月亮""},{""id"":""e03"",""type"":""character"",""label"":""朋友""},{""id"":""e04"",""type"":""animal"",""label"":""馬""},{""id"":""e05"",""type"":""character"",""label"":""詩人""}],""continuity"":{""recurring_entities"":[]},""scenes"":[{""id"":""p144_s01"",""setting"":""城中"",""time"":""未明示"",""mood"":""平靜"",""entities"":[""e01"",""e02""],""actions"":[""前行""],""focus"":[""月亮"",""前行""]},{""id"":""p144_s02"",""setting"":""未明示"",""time"":""未明示"",""mood"":""平靜"",""entities"":[""e03""],""actions"":[],""focus"":[""朋友""]},{""id"":""p144_s03"",""setting"":""未明示"",""time"":""未明示"",""mood"":""平靜"",""entities"":[""e04""],""actions"":[],""focus"":[""馬""]},{""id"":""p144_s04"",""setting"":""未明示"",""time"":""未明示"",""mood"":""平靜"",""entities"":[""e05""],""actions"":[""哭泣""],""focus"":[""詩人"",""哭泣""]}]}",依各 Scene 視覺計畫,"p144_s01｜場景：城中｜畫面核心：月亮、前行｜動作：前行｜情緒：平靜｜出現：城中、月亮
p144_s02｜場景：未明示｜畫面核心：朋友｜情緒：平靜｜出現：朋友
p144_s03｜場景：未明示｜畫面核心：馬｜情緒：平靜｜出現：馬
p144_s04｜場景：未明示｜畫面核心：詩人、哭泣｜動作：哭泣｜情緒：平靜｜出現：詩人","場景｜城中
物件｜月亮
人物｜朋友
動物｜馬
人物｜詩人",
145,白居易,五言律詩,賦得古原草送別,"離離原上草，一歲一枯榮。
野火燒不盡，春風吹又生。
遠芳侵古道，晴翠接荒城。
又送王孫去，萋萋滿別情。","原野上的青草茂盛，一年裡會枯一次，也會再長一次。
野火怎麼燒也燒不完，春風一吹又重新長出來。
遠遠草香沿著古道延伸，晴天翠綠一直接到荒城。
今天我又送朋友遠去，滿地茂草也像裝滿了離別的不捨。",5,6,visual_plan_v2,approved,"{""v"":""visual_plan_v2"",""world"":""城外古道與遼闊草原；青草枯榮循環，最後落在春日送別"",""entities"":[{""id"":""loc"",""type"":""location"",""label"":""古道草原"",""detail"":""古道、大片草地、遠方荒城""},{""id"":""grass"",""type"":""plant"",""label"":""原野青草""},{""id"":""poet"",""type"":""character"",""label"":""送行者""},{""id"":""friend"",""type"":""character"",""label"":""遠行朋友""}],""scenes"":[{""id"":""p145_s01"",""setting"":""古道草原"",""time"":""四季意象"",""focus"":""青草由榮轉枯再返青"",""action"":""呈現同一片草原一年枯榮"",""entities"":[""loc"",""grass""]},{""id"":""p145_s02"",""setting"":""同一原野"",""time"":""春天"",""focus"":""火後新綠"",""action"":""焦痕旁新草被春風吹起"",""entities"":[""loc"",""grass""]},{""id"":""p145_s03"",""setting"":""古道通向荒城"",""time"":""晴朗白天"",""focus"":""翠草沿古道延伸"",""action"":""視線沿古道望向荒城"",""entities"":[""loc"",""grass""]},{""id"":""p145_s04"",""setting"":""同一古道草原"",""time"":""送別時分"",""focus"":""兩人在茂草間道別"",""action"":""朋友遠行，送行者停留目送"",""entities"":[""loc"",""grass"",""poet"",""friend""]}],""continuity_rules"":[""同一古道與草原作四幕地理錨點"",""人物只在送別幕出現"",""青草生命力是全詩主要視覺母題""]}",城外古道與遼闊草原；青草枯榮循環，最後落在春日送別,"p145_s01｜場景：古道草原｜時間：四季意象｜畫面核心：青草由榮轉枯再返青｜動作：呈現同一片草原一年枯榮｜出現：古道草原、原野青草
p145_s02｜場景：同一原野｜時間：春天｜畫面核心：火後新綠｜動作：焦痕旁新草被春風吹起｜出現：古道草原、原野青草
p145_s03｜場景：古道通向荒城｜時間：晴朗白天｜畫面核心：翠草沿古道延伸｜動作：視線沿古道望向荒城｜出現：古道草原、原野青草
p145_s04｜場景：同一古道草原｜時間：送別時分｜畫面核心：兩人在茂草間道別｜動作：朋友遠行，送行者停留目送｜出現：古道草原、原野青草、送行者、遠行朋友","場景｜古道草原｜古道、大片草地、遠方荒城
植物｜原野青草
人物｜送行者
人物｜遠行朋友","同一古道與草原作四幕地理錨點
人物只在送別幕出現
青草生命力是全詩主要視覺母題"
146,杜牧,五言律詩,旅宿,"旅館無良伴，凝情自悄然。
寒燈思舊事，斷雁警愁眠。
遠夢歸侵曉，家書到隔年。
湘江好煙月，門繫釣魚船。","旅館裡沒有好朋友陪伴，我一個人安靜地想著心事。
寒冷燈光下回想往事，失群的大雁叫聲又驚醒我帶愁的睡眠。
夢裡遠遠回家，一直到天快亮；家書卻隔了一整年才收到。
湘江煙月其實很美，可門前只繫著一艘孤單的釣魚船。",3,8,visual_plan_v1,draft,"{""v"":""visual_plan_v1"",""entities"":[{""id"":""e01"",""type"":""character"",""label"":""詩人""},{""id"":""e02"",""type"":""character"",""label"":""朋友""},{""id"":""e03"",""type"":""animal"",""label"":""鳥""},{""id"":""e04"",""type"":""object"",""label"":""燈火""},{""id"":""e05"",""type"":""animal"",""label"":""魚""},{""id"":""e06"",""type"":""location"",""label"":""江邊""},{""id"":""e07"",""type"":""location"",""label"":""船上""},{""id"":""e08"",""type"":""object"",""label"":""月亮""},{""id"":""e09"",""type"":""object"",""label"":""小船""}],""continuity"":{""recurring_entities"":[""e01""]},""scenes"":[{""id"":""p146_s01"",""setting"":""未明示"",""time"":""未明示"",""mood"":""安靜"",""entities"":[""e01"",""e02""],""actions"":[],""focus"":[""詩人"",""朋友""]},{""id"":""p146_s02"",""setting"":""未明示"",""time"":""未明示"",""mood"":""平靜"",""entities"":[""e01"",""e03"",""e04""],""actions"":[""休息""],""focus"":[""詩人"",""鳥"",""燈火"",""休息""]},{""id"":""p146_s03"",""setting"":""未明示"",""time"":""清晨"",""mood"":""平靜"",""entities"":[],""actions"":[],""focus"":[]},{""id"":""p146_s04"",""setting"":""江邊"",""time"":""未明示"",""mood"":""孤寂"",""entities"":[""e05"",""e06"",""e07"",""e08"",""e09""],""actions"":[],""focus"":[""魚"",""月亮"",""小船""]}]}",依各 Scene 視覺計畫,"p146_s01｜場景：未明示｜畫面核心：詩人、朋友｜情緒：安靜｜出現：詩人、朋友
p146_s02｜場景：未明示｜畫面核心：詩人、鳥、燈火、休息｜動作：休息｜情緒：平靜｜出現：詩人、鳥、燈火
p146_s03｜場景：未明示｜時間：清晨｜畫面核心：｜情緒：平靜
p146_s04｜場景：江邊｜畫面核心：魚、月亮、小船｜情緒：孤寂｜出現：魚、江邊、船上、月亮、小船","人物｜詩人
人物｜朋友
動物｜鳥
物件｜燈火
動物｜魚
場景｜江邊
場景｜船上
物件｜月亮
物件｜小船",重複元素：詩人
147,許渾,五言律詩,秋日赴闕題潼關驛樓,"紅葉晚蕭蕭，長亭酒一瓢。
殘雲歸太華，疏雨過中條。
樹色隨山迥，河聲入海遙。
帝鄉明日到，猶自夢漁樵。","傍晚紅葉在風中蕭蕭落下，我在長亭帶著一瓢酒休息。
剩下的雲飄回華山，細雨也剛越過中條山。
樹木顏色隨山越來越遠，黃河聲音一路向遙遠大海奔去。
明天就要到京城了，我心裡卻還夢想著漁夫樵夫般自在生活。",1,9,visual_plan_v1,draft,"{""v"":""visual_plan_v1"",""entities"":[{""id"":""e01"",""type"":""character"",""label"":""詩人""},{""id"":""e02"",""type"":""object"",""label"":""風""},{""id"":""e03"",""type"":""object"",""label"":""酒""},{""id"":""e04"",""type"":""object"",""label"":""雲""},{""id"":""e05"",""type"":""object"",""label"":""雨""},{""id"":""e06"",""type"":""plant"",""label"":""樹木""},{""id"":""e07"",""type"":""location"",""label"":""河岸""},{""id"":""e08"",""type"":""location"",""label"":""海邊""},{""id"":""e09"",""type"":""location"",""label"":""古道""},{""id"":""e10"",""type"":""location"",""label"":""城中""}],""continuity"":{""recurring_entities"":[""e01""]},""scenes"":[{""id"":""p147_s01"",""setting"":""未明示"",""time"":""未明示"",""mood"":""平靜"",""entities"":[""e01"",""e02"",""e03""],""actions"":[""飲酒""],""focus"":[""詩人"",""風"",""酒"",""飲酒""]},{""id"":""p147_s02"",""setting"":""未明示"",""time"":""未明示"",""mood"":""平靜"",""entities"":[""e04"",""e05""],""actions"":[],""focus"":[""雲"",""雨""]},{""id"":""p147_s03"",""setting"":""河岸"",""time"":""未明示"",""mood"":""平靜"",""entities"":[""e06"",""e07"",""e08"",""e09""],""actions"":[""前行""],""focus"":[""樹木"",""前行""]},{""id"":""p147_s04"",""setting"":""城中"",""time"":""未明示"",""mood"":""悠閒"",""entities"":[""e01"",""e10""],""actions"":[],""focus"":[""詩人""]}]}",依各 Scene 視覺計畫,"p147_s01｜場景：未明示｜畫面核心：詩人、風、酒、飲酒｜動作：飲酒｜情緒：平靜｜出現：詩人、風、酒
p147_s02｜場景：未明示｜畫面核心：雲、雨｜情緒：平靜｜出現：雲、雨
p147_s03｜場景：河岸｜畫面核心：樹木、前行｜動作：前行｜情緒：平靜｜出現：樹木、河岸、海邊、古道
p147_s04｜場景：城中｜畫面核心：詩人｜情緒：悠閒｜出現：詩人、城中","人物｜詩人
物件｜風
物件｜酒
物件｜雲
物件｜雨
植物｜樹木
場景｜河岸
場景｜海邊
場景｜古道
場景｜城中",重複元素：詩人
148,許渾,五言律詩,早秋,"遙夜泛清瑟，西風生翠蘿。
殘螢棲玉露，早雁拂金河。
高樹曉還密，遠山晴更多。
淮南一葉下，自覺洞庭波。","漫長夜裡傳來清冷琴瑟般的聲音，西風吹動青翠藤蘿。
剩下幾隻螢火蟲停在帶露草木間，早到的大雁掠過銀河般夜空。
清晨高樹葉子還很密，天晴後遠方山峰反而看得更多。
淮南一片葉子落下，我就感覺到洞庭湖那邊秋天已經來了。",1,9,visual_plan_v1,draft,"{""v"":""visual_plan_v1"",""entities"":[{""id"":""e01"",""type"":""object"",""label"":""風""},{""id"":""e02"",""type"":""object"",""label"":""古琴""},{""id"":""e03"",""type"":""animal"",""label"":""鳥""},{""id"":""e04"",""type"":""plant"",""label"":""青草""},{""id"":""e05"",""type"":""location"",""label"":""河岸""},{""id"":""e06"",""type"":""object"",""label"":""露水""},{""id"":""e07"",""type"":""plant"",""label"":""樹木""},{""id"":""e08"",""type"":""character"",""label"":""詩人""},{""id"":""e09"",""type"":""location"",""label"":""湖邊""},{""id"":""e10"",""type"":""location"",""label"":""庭院""}],""continuity"":{""recurring_entities"":[]},""scenes"":[{""id"":""p148_s01"",""setting"":""未明示"",""time"":""夜晚"",""mood"":""平靜"",""entities"":[""e01"",""e02""],""actions"":[],""focus"":[""風"",""古琴""]},{""id"":""p148_s02"",""setting"":""河岸"",""time"":""夜晚"",""mood"":""平靜"",""entities"":[""e03"",""e04"",""e05"",""e06""],""actions"":[],""focus"":[""鳥"",""青草"",""露水""]},{""id"":""p148_s03"",""setting"":""未明示"",""time"":""清晨"",""mood"":""平靜"",""entities"":[""e07""],""actions"":[""看望""],""focus"":[""樹木"",""看望""]},{""id"":""p148_s04"",""setting"":""湖邊"",""time"":""秋天"",""mood"":""平靜"",""entities"":[""e08"",""e09"",""e10""],""actions"":[],""focus"":[""詩人""]}]}",依各 Scene 視覺計畫,"p148_s01｜場景：未明示｜時間：夜晚｜畫面核心：風、古琴｜情緒：平靜｜出現：風、古琴
p148_s02｜場景：河岸｜時間：夜晚｜畫面核心：鳥、青草、露水｜情緒：平靜｜出現：鳥、青草、河岸、露水
p148_s03｜場景：未明示｜時間：清晨｜畫面核心：樹木、看望｜動作：看望｜情緒：平靜｜出現：樹木
p148_s04｜場景：湖邊｜時間：秋天｜畫面核心：詩人｜情緒：平靜｜出現：詩人、湖邊、庭院","物件｜風
物件｜古琴
動物｜鳥
植物｜青草
場景｜河岸
物件｜露水
植物｜樹木
人物｜詩人
場景｜湖邊
場景｜庭院",
149,李商隱,五言律詩,蟬,"本以高難飽，徒勞恨費聲。
五更疏欲斷，一樹碧無情。
薄宦梗猶泛，故園蕪已平。
煩君最相警，我亦舉家清。","蟬因住得高、只飲露水，本來就難吃飽，再怎麼鳴叫抱怨也沒有用。
五更時叫聲越來越稀，快要斷了，可整棵綠樹仍無動於衷。
我做著小官也像樹枝漂在水上沒有依靠，故鄉田園可能早已荒蕪。
謝謝蟬聲一直提醒我；我和你一樣，也過著清苦而自守的生活。",3,8,visual_plan_v1,draft,"{""v"":""visual_plan_v1"",""entities"":[{""id"":""e01"",""type"":""object"",""label"":""露水""},{""id"":""e02"",""type"":""plant"",""label"":""樹木""},{""id"":""e03"",""type"":""character"",""label"":""詩人""},{""id"":""e04"",""type"":""location"",""label"":""田野""}],""continuity"":{""recurring_entities"":[""e02"",""e03""]},""scenes"":[{""id"":""p149_s01"",""setting"":""未明示"",""time"":""未明示"",""mood"":""平靜"",""entities"":[""e01""],""actions"":[],""focus"":[""露水""]},{""id"":""p149_s02"",""setting"":""未明示"",""time"":""未明示"",""mood"":""平靜"",""entities"":[""e02""],""actions"":[],""focus"":[""樹木""]},{""id"":""p149_s03"",""setting"":""田野"",""time"":""未明示"",""mood"":""平靜"",""entities"":[""e03"",""e02"",""e04""],""actions"":[],""focus"":[""詩人"",""樹木""]},{""id"":""p149_s04"",""setting"":""未明示"",""time"":""未明示"",""mood"":""平靜"",""entities"":[""e03""],""actions"":[],""focus"":[""詩人""]}]}",依各 Scene 視覺計畫,"p149_s01｜場景：未明示｜畫面核心：露水｜情緒：平靜｜出現：露水
p149_s02｜場景：未明示｜畫面核心：樹木｜情緒：平靜｜出現：樹木
p149_s03｜場景：田野｜畫面核心：詩人、樹木｜情緒：平靜｜出現：詩人、樹木、田野
p149_s04｜場景：未明示｜畫面核心：詩人｜情緒：平靜｜出現：詩人","物件｜露水
植物｜樹木
人物｜詩人
場景｜田野",重複元素：樹木、詩人
150,李商隱,五言律詩,風雨,"淒涼寶劍篇，羈泊欲窮年。
黃葉仍風雨，青樓自管絃。
新知遭薄俗，舊好隔良緣。
心斷新豐酒，銷愁斗幾千。","想到古人持劍建功的故事更覺淒涼，我漂泊在外好像一年都要走到盡頭。
黃葉已經凋落，偏偏又遇風雨；富貴人家卻仍自在聽著音樂。
新認識的人受到冷淡世俗影響，老朋友又因各種原因無法相聚。
我想起新豐美酒也心痛，不知道要喝多少才能把愁消掉。",3,8,visual_plan_v1,draft,"{""v"":""visual_plan_v1"",""entities"":[{""id"":""e01"",""type"":""character"",""label"":""詩人""},{""id"":""e02"",""type"":""location"",""label"":""樓台""},{""id"":""e03"",""type"":""object"",""label"":""雨""},{""id"":""e04"",""type"":""object"",""label"":""風""},{""id"":""e05"",""type"":""character"",""label"":""朋友""},{""id"":""e06"",""type"":""object"",""label"":""酒""}],""continuity"":{""recurring_entities"":[""e01""]},""scenes"":[{""id"":""p150_s01"",""setting"":""未明示"",""time"":""未明示"",""mood"":""平靜"",""entities"":[""e01""],""actions"":[""前行""],""focus"":[""詩人"",""前行""]},{""id"":""p150_s02"",""setting"":""樓台"",""time"":""未明示"",""mood"":""悠閒"",""entities"":[""e02"",""e03"",""e04""],""actions"":[""聆聽""],""focus"":[""雨"",""風"",""聆聽""]},{""id"":""p150_s03"",""setting"":""未明示"",""time"":""未明示"",""mood"":""平靜"",""entities"":[""e05""],""actions"":[],""focus"":[""朋友""]},{""id"":""p150_s04"",""setting"":""未明示"",""time"":""未明示"",""mood"":""平靜"",""entities"":[""e01"",""e06""],""actions"":[""飲酒""],""focus"":[""詩人"",""酒"",""飲酒""]}]}",依各 Scene 視覺計畫,"p150_s01｜場景：未明示｜畫面核心：詩人、前行｜動作：前行｜情緒：平靜｜出現：詩人
p150_s02｜場景：樓台｜畫面核心：雨、風、聆聽｜動作：聆聽｜情緒：悠閒｜出現：樓台、雨、風
p150_s03｜場景：未明示｜畫面核心：朋友｜情緒：平靜｜出現：朋友
p150_s04｜場景：未明示｜畫面核心：詩人、酒、飲酒｜動作：飲酒｜情緒：平靜｜出現：詩人、酒","人物｜詩人
場景｜樓台
物件｜雨
物件｜風
人物｜朋友
物件｜酒",重複元素：詩人
151,李商隱,五言律詩,落花,"高閣客竟去，小園花亂飛。
參差連曲陌，迢遞送斜暉。
腸斷未忍掃，眼穿仍欲歸。
芳心向春盡，所得是沾衣。","高樓上的客人都已離去，小園裡花瓣卻還亂飛。
花落得高低不一，沿著彎曲小路一路飄向夕陽遠處。
我難過得不忍掃掉落花，望眼欲穿又盼著離人回來。
花兒把一顆芳心交給春天，春盡後換來的卻只是我的淚水沾衣。",3,8,visual_plan_v1,draft,"{""v"":""visual_plan_v1"",""entities"":[{""id"":""e01"",""type"":""character"",""label"":""旅人""},{""id"":""e02"",""type"":""plant"",""label"":""花樹""},{""id"":""e03"",""type"":""location"",""label"":""樓台""},{""id"":""e04"",""type"":""object"",""label"":""花瓣""},{""id"":""e05"",""type"":""location"",""label"":""古道""},{""id"":""e06"",""type"":""object"",""label"":""太陽""},{""id"":""e07"",""type"":""character"",""label"":""詩人""}],""continuity"":{""recurring_entities"":[""e02"",""e04"",""e07""]},""scenes"":[{""id"":""p151_s01"",""setting"":""樓台"",""time"":""未明示"",""mood"":""平靜"",""entities"":[""e01"",""e02"",""e03"",""e04""],""actions"":[""前行""],""focus"":[""旅人"",""花樹"",""花瓣"",""前行""]},{""id"":""p151_s02"",""setting"":""古道"",""time"":""黃昏"",""mood"":""平靜"",""entities"":[""e02"",""e05"",""e06"",""e04""],""actions"":[],""focus"":[""花樹"",""太陽"",""花瓣""]},{""id"":""p151_s03"",""setting"":""未明示"",""time"":""未明示"",""mood"":""感傷"",""entities"":[""e07"",""e02""],""actions"":[""看望""],""focus"":[""詩人"",""花樹"",""看望""]},{""id"":""p151_s04"",""setting"":""未明示"",""time"":""春天"",""mood"":""感傷"",""entities"":[""e07"",""e02""],""actions"":[""哭泣""],""focus"":[""詩人"",""花樹"",""哭泣""]}]}",依各 Scene 視覺計畫,"p151_s01｜場景：樓台｜畫面核心：旅人、花樹、花瓣、前行｜動作：前行｜情緒：平靜｜出現：旅人、花樹、樓台、花瓣
p151_s02｜場景：古道｜時間：黃昏｜畫面核心：花樹、太陽、花瓣｜情緒：平靜｜出現：花樹、古道、太陽、花瓣
p151_s03｜場景：未明示｜畫面核心：詩人、花樹、看望｜動作：看望｜情緒：感傷｜出現：詩人、花樹
p151_s04｜場景：未明示｜時間：春天｜畫面核心：詩人、花樹、哭泣｜動作：哭泣｜情緒：感傷｜出現：詩人、花樹","人物｜旅人
植物｜花樹
場景｜樓台
物件｜花瓣
場景｜古道
物件｜太陽
人物｜詩人",重複元素：花樹、花瓣、詩人
152,李商隱,五言律詩,涼思,"客去波平檻，蟬休露滿枝。
永懷當此節，倚立自移時。
北斗兼春遠，南陵寓使遲。
天涯占夢數，疑誤有新知。","客人離開後，水面在欄杆外恢復平靜；蟬也不叫了，露水沾滿樹枝。
每到這個季節我就長久想念，只靠著欄杆站了很久。
北斗高懸，春天早已遠去；寄往南陵的信使又遲遲沒回來。
人在天涯常靠夢猜消息，甚至懷疑是不是有了新的朋友，所以忘了我。",3,8,visual_plan_v1,draft,"{""v"":""visual_plan_v1"",""entities"":[{""id"":""e01"",""type"":""character"",""label"":""旅人""},{""id"":""e02"",""type"":""plant"",""label"":""樹木""},{""id"":""e03"",""type"":""object"",""label"":""露水""},{""id"":""e04"",""type"":""character"",""label"":""詩人""},{""id"":""e05"",""type"":""character"",""label"":""朋友""}],""continuity"":{""recurring_entities"":[""e04""]},""scenes"":[{""id"":""p152_s01"",""setting"":""未明示"",""time"":""未明示"",""mood"":""平靜"",""entities"":[""e01"",""e02"",""e03""],""actions"":[],""focus"":[""旅人"",""樹木"",""露水""]},{""id"":""p152_s02"",""setting"":""未明示"",""time"":""未明示"",""mood"":""思念"",""entities"":[""e04""],""actions"":[""思念""],""focus"":[""詩人"",""思念""]},{""id"":""p152_s03"",""setting"":""未明示"",""time"":""春天"",""mood"":""平靜"",""entities"":[],""actions"":[""前行""],""focus"":[""前行""]},{""id"":""p152_s04"",""setting"":""未明示"",""time"":""未明示"",""mood"":""平靜"",""entities"":[""e04"",""e05""],""actions"":[""思念""],""focus"":[""詩人"",""朋友"",""思念""]}]}",依各 Scene 視覺計畫,"p152_s01｜場景：未明示｜畫面核心：旅人、樹木、露水｜情緒：平靜｜出現：旅人、樹木、露水
p152_s02｜場景：未明示｜畫面核心：詩人、思念｜動作：思念｜情緒：思念｜出現：詩人
p152_s03｜場景：未明示｜時間：春天｜畫面核心：前行｜動作：前行｜情緒：平靜
p152_s04｜場景：未明示｜畫面核心：詩人、朋友、思念｜動作：思念｜情緒：平靜｜出現：詩人、朋友","人物｜旅人
植物｜樹木
物件｜露水
人物｜詩人
人物｜朋友",重複元素：詩人
153,李商隱,五言律詩,北青蘿,"殘陽西入崦，茅屋訪孤僧。
落葉人何在，寒雲路幾層。
獨敲初夜磬，閑倚一枝藤。
世界微塵裏，吾寧愛與憎。","殘陽向西落進山後，我到山中茅屋拜訪一位孤僧。
落葉滿地卻不知道人在何處，寒雲遮路，還要走好幾層山。
初夜只聽他獨自敲磬，平時就靠著一根藤杖自在生活。
世界其實像微小塵埃，我又何必太執著自己的喜歡和討厭呢？",3,8,visual_plan_v1,draft,"{""v"":""visual_plan_v1"",""entities"":[{""id"":""e01"",""type"":""character"",""label"":""詩人""},{""id"":""e02"",""type"":""character"",""label"":""僧人""},{""id"":""e03"",""type"":""location"",""label"":""山中""},{""id"":""e04"",""type"":""location"",""label"":""房間""},{""id"":""e05"",""type"":""location"",""label"":""古道""},{""id"":""e06"",""type"":""object"",""label"":""雲""}],""continuity"":{""recurring_entities"":[""e01""]},""scenes"":[{""id"":""p153_s01"",""setting"":""山中"",""time"":""未明示"",""mood"":""平靜"",""entities"":[""e01"",""e02"",""e03"",""e04""],""actions"":[],""focus"":[""詩人"",""僧人""]},{""id"":""p153_s02"",""setting"":""古道"",""time"":""未明示"",""mood"":""平靜"",""entities"":[""e05"",""e06""],""actions"":[""前行""],""focus"":[""雲"",""前行""]},{""id"":""p153_s03"",""setting"":""未明示"",""time"":""夜晚"",""mood"":""悠閒"",""entities"":[],""actions"":[""聆聽""],""focus"":[""聆聽""]},{""id"":""p153_s04"",""setting"":""未明示"",""time"":""未明示"",""mood"":""愉快"",""entities"":[""e01""],""actions"":[],""focus"":[""詩人""]}]}",依各 Scene 視覺計畫,"p153_s01｜場景：山中｜畫面核心：詩人、僧人｜情緒：平靜｜出現：詩人、僧人、山中、房間
p153_s02｜場景：古道｜畫面核心：雲、前行｜動作：前行｜情緒：平靜｜出現：古道、雲
p153_s03｜場景：未明示｜時間：夜晚｜畫面核心：聆聽｜動作：聆聽｜情緒：悠閒
p153_s04｜場景：未明示｜畫面核心：詩人｜情緒：愉快｜出現：詩人","人物｜詩人
人物｜僧人
場景｜山中
場景｜房間
場景｜古道
物件｜雲",重複元素：詩人
154,溫庭筠,五言律詩,送人東遊,"荒戍落黃葉，浩然離故關。
高風漢陽渡，初日郢門山。
江上幾人在，天涯孤棹還。
何當重相見，樽酒慰離顏。","荒涼邊城落著黃葉，你帶著豪邁心情離開故鄉關口向東走。
漢陽渡口吹著高風，清晨太陽從郢門山升起。
江上還有幾個朋友在送你，而你將駕孤舟一路回到天涯遠方。
不知道什麼時候才能再見，到時真想用一杯酒安慰離別後的心情。",2,9,visual_plan_v1,draft,"{""v"":""visual_plan_v1"",""entities"":[{""id"":""e01"",""type"":""location"",""label"":""城中""},{""id"":""e02"",""type"":""location"",""label"":""關塞""},{""id"":""e03"",""type"":""object"",""label"":""風""},{""id"":""e04"",""type"":""character"",""label"":""朋友""},{""id"":""e05"",""type"":""location"",""label"":""江邊""},{""id"":""e06"",""type"":""location"",""label"":""船上""},{""id"":""e07"",""type"":""location"",""label"":""古道""},{""id"":""e08"",""type"":""object"",""label"":""小船""},{""id"":""e09"",""type"":""object"",""label"":""酒""}],""continuity"":{""recurring_entities"":[]},""scenes"":[{""id"":""p154_s01"",""setting"":""城中"",""time"":""未明示"",""mood"":""平靜"",""entities"":[""e01"",""e02""],""actions"":[""前行""],""focus"":[""前行""]},{""id"":""p154_s02"",""setting"":""未明示"",""time"":""未明示"",""mood"":""平靜"",""entities"":[""e03""],""actions"":[],""focus"":[""風""]},{""id"":""p154_s03"",""setting"":""江邊"",""time"":""未明示"",""mood"":""平靜"",""entities"":[""e04"",""e05"",""e06"",""e07"",""e08""],""actions"":[],""focus"":[""朋友"",""小船""]},{""id"":""p154_s04"",""setting"":""未明示"",""time"":""未明示"",""mood"":""感傷"",""entities"":[""e09""],""actions"":[""等待"",""飲酒""],""focus"":[""酒"",""等待"",""飲酒""]}]}",依各 Scene 視覺計畫,"p154_s01｜場景：城中｜畫面核心：前行｜動作：前行｜情緒：平靜｜出現：城中、關塞
p154_s02｜場景：未明示｜畫面核心：風｜情緒：平靜｜出現：風
p154_s03｜場景：江邊｜畫面核心：朋友、小船｜情緒：平靜｜出現：朋友、江邊、船上、古道、小船
p154_s04｜場景：未明示｜畫面核心：酒、等待、飲酒｜動作：等待、飲酒｜情緒：感傷｜出現：酒","場景｜城中
場景｜關塞
物件｜風
人物｜朋友
場景｜江邊
場景｜船上
場景｜古道
物件｜小船
物件｜酒",
155,馬戴,五言律詩,灞上秋居,"灞原風雨定，晚見雁行頻。
落葉他鄉樹，寒燈獨夜人。
空園白露滴，孤壁野僧鄰。
寄臥郊扉久，何年致此身？","灞原風雨停下，傍晚常看見一行行大雁飛過。
他鄉樹木一直落葉，寒燈下只有我一個人在夜裡坐著。
空園裡白露一滴滴落下，隔壁只有一位住在孤屋的野僧。
我寄住郊外已很久，不知道哪一年才能真正找到自己的位置。",1,9,visual_plan_v1,draft,"{""v"":""visual_plan_v1"",""entities"":[{""id"":""e01"",""type"":""animal"",""label"":""鳥""},{""id"":""e02"",""type"":""object"",""label"":""雨""},{""id"":""e03"",""type"":""object"",""label"":""風""},{""id"":""e04"",""type"":""character"",""label"":""詩人""},{""id"":""e05"",""type"":""plant"",""label"":""樹木""},{""id"":""e06"",""type"":""object"",""label"":""燈火""},{""id"":""e07"",""type"":""character"",""label"":""僧人""},{""id"":""e08"",""type"":""location"",""label"":""房間""},{""id"":""e09"",""type"":""object"",""label"":""露水""}],""continuity"":{""recurring_entities"":[""e04""]},""scenes"":[{""id"":""p155_s01"",""setting"":""未明示"",""time"":""未明示"",""mood"":""平靜"",""entities"":[""e01"",""e02"",""e03""],""actions"":[""看望"",""前行""],""focus"":[""鳥"",""雨"",""風"",""看望"",""前行""]},{""id"":""p155_s02"",""setting"":""未明示"",""time"":""夜晚"",""mood"":""平靜"",""entities"":[""e04"",""e05"",""e06""],""actions"":[],""focus"":[""詩人"",""樹木"",""燈火""]},{""id"":""p155_s03"",""setting"":""房間"",""time"":""未明示"",""mood"":""平靜"",""entities"":[""e07"",""e08"",""e09""],""actions"":[],""focus"":[""僧人"",""露水""]},{""id"":""p155_s04"",""setting"":""未明示"",""time"":""未明示"",""mood"":""平靜"",""entities"":[""e04""],""actions"":[],""focus"":[""詩人""]}]}",依各 Scene 視覺計畫,"p155_s01｜場景：未明示｜畫面核心：鳥、雨、風、看望、前行｜動作：看望、前行｜情緒：平靜｜出現：鳥、雨、風
p155_s02｜場景：未明示｜時間：夜晚｜畫面核心：詩人、樹木、燈火｜情緒：平靜｜出現：詩人、樹木、燈火
p155_s03｜場景：房間｜畫面核心：僧人、露水｜情緒：平靜｜出現：僧人、房間、露水
p155_s04｜場景：未明示｜畫面核心：詩人｜情緒：平靜｜出現：詩人","動物｜鳥
物件｜雨
物件｜風
人物｜詩人
植物｜樹木
物件｜燈火
人物｜僧人
場景｜房間
物件｜露水",重複元素：詩人
156,馬戴,五言律詩,楚江懷古,"露氣寒光集，微陽下楚丘。
猿啼洞庭樹，人在木蘭舟。
廣澤生明月，蒼山夾亂流。
雲中君不見，竟夕自悲秋。","露氣凝成寒冷清光，微弱夕陽慢慢落到楚地山丘後。
洞庭湖邊樹上猿猴鳴叫，我坐在木蘭做的小船上。
遼闊水面升起明月，蒼青山峰夾著混亂奔流的水道。
我看不見想念的人，只能整晚一個人為秋天景色感傷。",1,9,visual_plan_v1,draft,"{""v"":""visual_plan_v1"",""entities"":[{""id"":""e01"",""type"":""object"",""label"":""太陽""},{""id"":""e02"",""type"":""object"",""label"":""露水""},{""id"":""e03"",""type"":""character"",""label"":""詩人""},{""id"":""e04"",""type"":""animal"",""label"":""猿""},{""id"":""e05"",""type"":""plant"",""label"":""樹木""},{""id"":""e06"",""type"":""location"",""label"":""湖邊""},{""id"":""e07"",""type"":""location"",""label"":""庭院""},{""id"":""e08"",""type"":""location"",""label"":""船上""},{""id"":""e09"",""type"":""object"",""label"":""小船""},{""id"":""e10"",""type"":""location"",""label"":""山中""},{""id"":""e11"",""type"":""object"",""label"":""月亮""},{""id"":""e12"",""type"":""object"",""label"":""雲""}],""continuity"":{""recurring_entities"":[""e03""]},""scenes"":[{""id"":""p156_s01"",""setting"":""未明示"",""time"":""黃昏"",""mood"":""平靜"",""entities"":[""e01"",""e02""],""actions"":[],""focus"":[""太陽"",""露水""]},{""id"":""p156_s02"",""setting"":""湖邊"",""time"":""未明示"",""mood"":""平靜"",""entities"":[""e03"",""e04"",""e05"",""e06"",""e07"",""e08"",""e09""],""actions"":[],""focus"":[""詩人"",""猿"",""樹木"",""小船""]},{""id"":""p156_s03"",""setting"":""山中"",""time"":""夜晚"",""mood"":""平靜"",""entities"":[""e10"",""e11""],""actions"":[],""focus"":[""月亮""]},{""id"":""p156_s04"",""setting"":""未明示"",""time"":""秋天"",""mood"":""思念"",""entities"":[""e03"",""e12""],""actions"":[""看望"",""思念""],""focus"":[""詩人"",""雲"",""看望"",""思念""]}]}",依各 Scene 視覺計畫,"p156_s01｜場景：未明示｜時間：黃昏｜畫面核心：太陽、露水｜情緒：平靜｜出現：太陽、露水
p156_s02｜場景：湖邊｜畫面核心：詩人、猿、樹木、小船｜情緒：平靜｜出現：詩人、猿、樹木、湖邊、庭院、船上、小船
p156_s03｜場景：山中｜時間：夜晚｜畫面核心：月亮｜情緒：平靜｜出現：山中、月亮
p156_s04｜場景：未明示｜時間：秋天｜畫面核心：詩人、雲、看望、思念｜動作：看望、思念｜情緒：思念｜出現：詩人、雲","物件｜太陽
物件｜露水
人物｜詩人
動物｜猿
植物｜樹木
場景｜湖邊
場景｜庭院
場景｜船上
物件｜小船
場景｜山中
物件｜月亮
物件｜雲",重複元素：詩人
157,張喬,五言律詩,書邊事,"調角斷清秋，征人倚戍樓。
春風對青塚，白日落梁州。
大漠無兵阻，窮邊有客遊。
蕃情似此水，長願向南流。","清亮秋天裡號角聲突然中斷，遠征的人靠在守城樓上。
春風吹過昭君青塚，白日又在梁州方向落下。
大漠如今沒有戰爭阻擋，最遠邊地也有人來往遊走。
希望邊族和中原的感情也像這條水一樣，長久向南流來、和平相通。",1,9,visual_plan_v1,draft,"{""v"":""visual_plan_v1"",""entities"":[{""id"":""e01"",""type"":""location"",""label"":""城中""},{""id"":""e02"",""type"":""location"",""label"":""樓台""},{""id"":""e03"",""type"":""character"",""label"":""朋友""},{""id"":""e04"",""type"":""object"",""label"":""太陽""},{""id"":""e05"",""type"":""object"",""label"":""風""}],""continuity"":{""recurring_entities"":[]},""scenes"":[{""id"":""p157_s01"",""setting"":""城中"",""time"":""秋天"",""mood"":""平靜"",""entities"":[""e01"",""e02""],""actions"":[],""focus"":[]},{""id"":""p157_s02"",""setting"":""未明示"",""time"":""春天"",""mood"":""平靜"",""entities"":[""e03"",""e04"",""e05""],""actions"":[],""focus"":[""朋友"",""太陽"",""風""]},{""id"":""p157_s03"",""setting"":""未明示"",""time"":""未明示"",""mood"":""平靜"",""entities"":[],""actions"":[""前行""],""focus"":[""前行""]},{""id"":""p157_s04"",""setting"":""未明示"",""time"":""未明示"",""mood"":""平靜"",""entities"":[],""actions"":[""看望""],""focus"":[""看望""]}]}",依各 Scene 視覺計畫,"p157_s01｜場景：城中｜時間：秋天｜畫面核心：｜情緒：平靜｜出現：城中、樓台
p157_s02｜場景：未明示｜時間：春天｜畫面核心：朋友、太陽、風｜情緒：平靜｜出現：朋友、太陽、風
p157_s03｜場景：未明示｜畫面核心：前行｜動作：前行｜情緒：平靜
p157_s04｜場景：未明示｜畫面核心：看望｜動作：看望｜情緒：平靜","場景｜城中
場景｜樓台
人物｜朋友
物件｜太陽
物件｜風",
158,崔塗,五言律詩,除夜有懷,"迢遞三巴路，羈危萬里身。
亂山殘雪夜，孤獨異鄉春。
漸與骨肉遠，轉於僮僕親。
那堪正飄泊，明日歲華新。","通往三巴的路又遠又長，我一個人漂泊萬里，處境很不安穩。
亂山殘雪的除夕夜，我獨自在異鄉迎接新春。
離親人越來越遠，反而和一路照顧我的童僕越來越親近。
本來就在漂泊，偏偏明天又是新的一年，更讓人感到孤單。",1,9,visual_plan_v1,draft,"{""v"":""visual_plan_v1"",""entities"":[{""id"":""e01"",""type"":""character"",""label"":""詩人""},{""id"":""e02"",""type"":""location"",""label"":""古道""},{""id"":""e03"",""type"":""object"",""label"":""雪""}],""continuity"":{""recurring_entities"":[""e01"",""e02""]},""scenes"":[{""id"":""p158_s01"",""setting"":""古道"",""time"":""未明示"",""mood"":""平靜"",""entities"":[""e01"",""e02""],""actions"":[],""focus"":[""詩人""]},{""id"":""p158_s02"",""setting"":""未明示"",""time"":""夜晚"",""mood"":""悠閒"",""entities"":[""e01"",""e03""],""actions"":[],""focus"":[""詩人"",""雪""]},{""id"":""p158_s03"",""setting"":""古道"",""time"":""未明示"",""mood"":""平靜"",""entities"":[""e01"",""e02""],""actions"":[],""focus"":[""詩人""]},{""id"":""p158_s04"",""setting"":""未明示"",""time"":""未明示"",""mood"":""孤寂"",""entities"":[],""actions"":[],""focus"":[]}]}",依各 Scene 視覺計畫,"p158_s01｜場景：古道｜畫面核心：詩人｜情緒：平靜｜出現：詩人、古道
p158_s02｜場景：未明示｜時間：夜晚｜畫面核心：詩人、雪｜情緒：悠閒｜出現：詩人、雪
p158_s03｜場景：古道｜畫面核心：詩人｜情緒：平靜｜出現：詩人、古道
p158_s04｜場景：未明示｜畫面核心：｜情緒：孤寂","人物｜詩人
場景｜古道
物件｜雪",重複元素：詩人、古道
159,崔塗,五言律詩,孤雁,"幾行歸塞盡，片影獨何之。
暮雨相呼失，寒塘欲下遲。
渚雲低暗渡，關月冷相隨。
未必逢矰繳，孤飛自可疑。","一行行大雁都已飛回邊塞，只剩你一個孤單影子要往哪裡去？
傍晚雨裡你和同伴失散，想落到寒冷池塘，又遲疑不敢下去。
沙洲上低雲遮暗渡口，冷冷關月一路陪著你。
就算未必真的遇到獵人的箭網，孤零零飛著也難免一直害怕。",1,9,visual_plan_v1,draft,"{""v"":""visual_plan_v1"",""entities"":[{""id"":""e01"",""type"":""animal"",""label"":""鳥""},{""id"":""e02"",""type"":""location"",""label"":""關塞""},{""id"":""e03"",""type"":""object"",""label"":""雨""},{""id"":""e04"",""type"":""location"",""label"":""古道""},{""id"":""e05"",""type"":""object"",""label"":""月亮""},{""id"":""e06"",""type"":""object"",""label"":""雲""}],""continuity"":{""recurring_entities"":[""e02""]},""scenes"":[{""id"":""p159_s01"",""setting"":""關塞"",""time"":""未明示"",""mood"":""孤寂"",""entities"":[""e01"",""e02""],""actions"":[""前行""],""focus"":[""鳥"",""前行""]},{""id"":""p159_s02"",""setting"":""未明示"",""time"":""黃昏"",""mood"":""平靜"",""entities"":[""e03""],""actions"":[""前行""],""focus"":[""雨"",""前行""]},{""id"":""p159_s03"",""setting"":""古道"",""time"":""未明示"",""mood"":""平靜"",""entities"":[""e04"",""e02"",""e05"",""e06""],""actions"":[],""focus"":[""月亮"",""雲""]},{""id"":""p159_s04"",""setting"":""未明示"",""time"":""未明示"",""mood"":""平靜"",""entities"":[],""actions"":[],""focus"":[]}]}",依各 Scene 視覺計畫,"p159_s01｜場景：關塞｜畫面核心：鳥、前行｜動作：前行｜情緒：孤寂｜出現：鳥、關塞
p159_s02｜場景：未明示｜時間：黃昏｜畫面核心：雨、前行｜動作：前行｜情緒：平靜｜出現：雨
p159_s03｜場景：古道｜畫面核心：月亮、雲｜情緒：平靜｜出現：古道、關塞、月亮、雲
p159_s04｜場景：未明示｜畫面核心：｜情緒：平靜","動物｜鳥
場景｜關塞
物件｜雨
場景｜古道
物件｜月亮
物件｜雲",重複元素：關塞
160,杜荀鶴,五言律詩,春宮怨,"早被嬋娟誤，欲妝臨鏡慵。
承恩不在貌，教妾若爲容。
風暖鳥聲碎，日高花影重。
年年越溪女，相憶採芙蓉。","年輕時因美貌進宮，反而像被美貌耽誤了，如今連對鏡梳妝都懶得做。
皇帝的寵愛本來就不只看容貌，那我要怎麼打扮才能改變命運呢？
暖風吹來，鳥聲細碎，太陽升高，花影一層層變重。
年年我都想起故鄉越溪那些女子，她們還能自在去採蓮花。",1,9,visual_plan_v1,draft,"{""v"":""visual_plan_v1"",""entities"":[{""id"":""e01"",""type"":""location"",""label"":""宮中""},{""id"":""e02"",""type"":""character"",""label"":""詩人""},{""id"":""e03"",""type"":""animal"",""label"":""鳥""},{""id"":""e04"",""type"":""plant"",""label"":""花樹""},{""id"":""e05"",""type"":""object"",""label"":""風""},{""id"":""e06"",""type"":""character"",""label"":""女子""},{""id"":""e07"",""type"":""plant"",""label"":""荷花""},{""id"":""e08"",""type"":""location"",""label"":""溪流""}],""continuity"":{""recurring_entities"":[""e02"",""e04""]},""scenes"":[{""id"":""p160_s01"",""setting"":""宮中"",""time"":""未明示"",""mood"":""平靜"",""entities"":[""e01""],""actions"":[],""focus"":[]},{""id"":""p160_s02"",""setting"":""未明示"",""time"":""未明示"",""mood"":""平靜"",""entities"":[""e02""],""actions"":[""看望""],""focus"":[""詩人"",""看望""]},{""id"":""p160_s03"",""setting"":""未明示"",""time"":""未明示"",""mood"":""平靜"",""entities"":[""e03"",""e04"",""e05""],""actions"":[],""focus"":[""鳥"",""花樹"",""風""]},{""id"":""p160_s04"",""setting"":""溪流"",""time"":""未明示"",""mood"":""悠閒"",""entities"":[""e02"",""e06"",""e04"",""e07"",""e08""],""actions"":[""前行"",""採摘""],""focus"":[""詩人"",""女子"",""花樹"",""荷花"",""前行""]}]}",依各 Scene 視覺計畫,"p160_s01｜場景：宮中｜畫面核心：｜情緒：平靜｜出現：宮中
p160_s02｜場景：未明示｜畫面核心：詩人、看望｜動作：看望｜情緒：平靜｜出現：詩人
p160_s03｜場景：未明示｜畫面核心：鳥、花樹、風｜情緒：平靜｜出現：鳥、花樹、風
p160_s04｜場景：溪流｜畫面核心：詩人、女子、花樹、荷花、前行｜動作：前行、採摘｜情緒：悠閒｜出現：詩人、女子、花樹、荷花、溪流","場景｜宮中
人物｜詩人
動物｜鳥
植物｜花樹
物件｜風
人物｜女子
植物｜荷花
場景｜溪流",重複元素：詩人、花樹
161,韋莊,五言律詩,章臺夜思,"清瑟怨遙夜，繞絃風雨哀。
孤燈聞楚角，殘月下章臺。
芳草已云暮，故人殊未來。
鄉書不可寄，秋雁又南迴。","清冷瑟聲在漫長夜裡帶著哀怨，琴弦間的聲音像風雨般淒楚。
孤燈下聽見楚地號角，殘月也慢慢落到章臺後面。
芳草都快凋盡了，想等的朋友卻還是沒有來。
想寄家書也寄不到，秋天大雁又已經向南飛走。",1,9,visual_plan_v1,draft,"{""v"":""visual_plan_v1"",""entities"":[{""id"":""e01"",""type"":""object"",""label"":""雨""},{""id"":""e02"",""type"":""object"",""label"":""風""},{""id"":""e03"",""type"":""object"",""label"":""古琴""},{""id"":""e04"",""type"":""location"",""label"":""樓台""},{""id"":""e05"",""type"":""object"",""label"":""月亮""},{""id"":""e06"",""type"":""object"",""label"":""燈火""},{""id"":""e07"",""type"":""character"",""label"":""朋友""},{""id"":""e08"",""type"":""plant"",""label"":""青草""},{""id"":""e09"",""type"":""animal"",""label"":""鳥""}],""continuity"":{""recurring_entities"":[]},""scenes"":[{""id"":""p161_s01"",""setting"":""未明示"",""time"":""夜晚"",""mood"":""平靜"",""entities"":[""e01"",""e02"",""e03""],""actions"":[],""focus"":[""雨"",""風"",""古琴""]},{""id"":""p161_s02"",""setting"":""樓台"",""time"":""未明示"",""mood"":""平靜"",""entities"":[""e04"",""e05"",""e06""],""actions"":[""聆聽""],""focus"":[""月亮"",""燈火"",""聆聽""]},{""id"":""p161_s03"",""setting"":""未明示"",""time"":""黃昏"",""mood"":""平靜"",""entities"":[""e07"",""e08""],""actions"":[],""focus"":[""朋友"",""青草""]},{""id"":""p161_s04"",""setting"":""未明示"",""time"":""秋天"",""mood"":""平靜"",""entities"":[""e09""],""actions"":[""前行""],""focus"":[""鳥"",""前行""]}]}",依各 Scene 視覺計畫,"p161_s01｜場景：未明示｜時間：夜晚｜畫面核心：雨、風、古琴｜情緒：平靜｜出現：雨、風、古琴
p161_s02｜場景：樓台｜畫面核心：月亮、燈火、聆聽｜動作：聆聽｜情緒：平靜｜出現：樓台、月亮、燈火
p161_s03｜場景：未明示｜時間：黃昏｜畫面核心：朋友、青草｜情緒：平靜｜出現：朋友、青草
p161_s04｜場景：未明示｜時間：秋天｜畫面核心：鳥、前行｜動作：前行｜情緒：平靜｜出現：鳥","物件｜雨
物件｜風
物件｜古琴
場景｜樓台
物件｜月亮
物件｜燈火
人物｜朋友
植物｜青草
動物｜鳥",
162,僧皎然,五言律詩,尋陸鴻漸不遇,"移家雖帶郭，野徑入桑麻。
近種籬邊菊，秋來未著花。
扣門無犬吠，欲去問西家。
報道山中去，歸時每日斜。","陸羽雖搬到城外不遠，去他家的小路還是穿過桑田麻地。
籬笆邊新種了菊花，到了秋天還沒有開。
我敲門連狗叫都沒聽見，正想離開，就去問西邊鄰居。
鄰居說他進山去了，平常總要到夕陽西斜才回來。",1,9,visual_plan_v1,draft,"{""v"":""visual_plan_v1"",""entities"":[{""id"":""e01"",""type"":""location"",""label"":""城中""},{""id"":""e02"",""type"":""location"",""label"":""古道""},{""id"":""e03"",""type"":""location"",""label"":""田野""},{""id"":""e04"",""type"":""plant"",""label"":""花樹""},{""id"":""e05"",""type"":""plant"",""label"":""菊花""},{""id"":""e06"",""type"":""character"",""label"":""詩人""},{""id"":""e07"",""type"":""animal"",""label"":""犬""},{""id"":""e08"",""type"":""location"",""label"":""山中""},{""id"":""e09"",""type"":""object"",""label"":""太陽""}],""continuity"":{""recurring_entities"":[]},""scenes"":[{""id"":""p162_s01"",""setting"":""城中"",""time"":""未明示"",""mood"":""平靜"",""entities"":[""e01"",""e02"",""e03""],""actions"":[""前行""],""focus"":[""前行""]},{""id"":""p162_s02"",""setting"":""未明示"",""time"":""秋天"",""mood"":""平靜"",""entities"":[""e04"",""e05""],""actions"":[],""focus"":[""花樹"",""菊花""]},{""id"":""p162_s03"",""setting"":""未明示"",""time"":""未明示"",""mood"":""平靜"",""entities"":[""e06"",""e07""],""actions"":[""聆聽"",""前行""],""focus"":[""詩人"",""犬"",""聆聽"",""前行""]},{""id"":""p162_s04"",""setting"":""山中"",""time"":""黃昏"",""mood"":""平靜"",""entities"":[""e08"",""e09""],""actions"":[""前行""],""focus"":[""太陽"",""前行""]}]}",依各 Scene 視覺計畫,"p162_s01｜場景：城中｜畫面核心：前行｜動作：前行｜情緒：平靜｜出現：城中、古道、田野
p162_s02｜場景：未明示｜時間：秋天｜畫面核心：花樹、菊花｜情緒：平靜｜出現：花樹、菊花
p162_s03｜場景：未明示｜畫面核心：詩人、犬、聆聽、前行｜動作：聆聽、前行｜情緒：平靜｜出現：詩人、犬
p162_s04｜場景：山中｜時間：黃昏｜畫面核心：太陽、前行｜動作：前行｜情緒：平靜｜出現：山中、太陽","場景｜城中
場景｜古道
場景｜田野
植物｜花樹
植物｜菊花
人物｜詩人
動物｜犬
場景｜山中
物件｜太陽",
163,崔顥,七言律詩,黃鶴樓,"昔人已乘黃鶴去，此地空餘黃鶴樓。
黃鶴一去不復返，白雲千載空悠悠。
晴川歷歷漢陽樹，芳草萋萋鸚鵡洲。
日暮鄉關何處是？煙波江上使人愁。","傳說以前仙人騎黃鶴離開，如今只留下這座黃鶴樓。
黃鶴飛走後再也沒回來，只有白雲千年來仍慢慢飄著。
晴天可以清楚看見漢陽樹木，鸚鵡洲上芳草長得很茂盛。
天快黑了，我的故鄉到底在哪裡？江上煙波讓人更想家、更發愁。",5,8,visual_plan_v1,draft,"{""v"":""visual_plan_v1"",""entities"":[{""id"":""e01"",""type"":""animal"",""label"":""鶴""},{""id"":""e02"",""type"":""location"",""label"":""樓台""},{""id"":""e03"",""type"":""object"",""label"":""雲""},{""id"":""e04"",""type"":""plant"",""label"":""青草""},{""id"":""e05"",""type"":""plant"",""label"":""樹木""},{""id"":""e06"",""type"":""location"",""label"":""溪流""},{""id"":""e07"",""type"":""character"",""label"":""詩人""},{""id"":""e08"",""type"":""location"",""label"":""江邊""},{""id"":""e09"",""type"":""location"",""label"":""關塞""}],""continuity"":{""recurring_entities"":[""e01""]},""scenes"":[{""id"":""p163_s01"",""setting"":""樓台"",""time"":""未明示"",""mood"":""平靜"",""entities"":[""e01"",""e02""],""actions"":[],""focus"":[""鶴""]},{""id"":""p163_s02"",""setting"":""未明示"",""time"":""未明示"",""mood"":""平靜"",""entities"":[""e01"",""e03""],""actions"":[""前行""],""focus"":[""鶴"",""雲"",""前行""]},{""id"":""p163_s03"",""setting"":""溪流"",""time"":""未明示"",""mood"":""平靜"",""entities"":[""e04"",""e05"",""e06""],""actions"":[""看望""],""focus"":[""青草"",""樹木"",""看望""]},{""id"":""p163_s04"",""setting"":""江邊"",""time"":""黃昏"",""mood"":""平靜"",""entities"":[""e07"",""e08"",""e09""],""actions"":[],""focus"":[""詩人""]}]}",依各 Scene 視覺計畫,"p163_s01｜場景：樓台｜畫面核心：鶴｜情緒：平靜｜出現：鶴、樓台
p163_s02｜場景：未明示｜畫面核心：鶴、雲、前行｜動作：前行｜情緒：平靜｜出現：鶴、雲
p163_s03｜場景：溪流｜畫面核心：青草、樹木、看望｜動作：看望｜情緒：平靜｜出現：青草、樹木、溪流
p163_s04｜場景：江邊｜時間：黃昏｜畫面核心：詩人｜情緒：平靜｜出現：詩人、江邊、關塞","動物｜鶴
場景｜樓台
物件｜雲
植物｜青草
植物｜樹木
場景｜溪流
人物｜詩人
場景｜江邊
場景｜關塞",重複元素：鶴
164,崔顥,七言律詩,行經華陰,"岧嶤太華俯咸京，天外三峰削不成。
武帝祠前雲欲散，仙人掌上雨初晴。
河山北枕秦關險，驛樹西連漢畤平。
借問路傍名利客，無如此處學長生。","高高華山俯看咸陽京城，三座主峰像從天空外直直削出。
漢武帝祠前雲霧正散，仙人掌峰上雨剛停，天色放晴。
北面河山靠著險要秦關，西邊驛路樹木一路連到古祭壇平原。
想問路上追名逐利的人，何不在這樣的地方學著過清靜長久的生活？",2,9,visual_plan_v1,draft,"{""v"":""visual_plan_v1"",""entities"":[{""id"":""e01"",""type"":""location"",""label"":""城中""},{""id"":""e02"",""type"":""object"",""label"":""雲""},{""id"":""e03"",""type"":""object"",""label"":""雨""},{""id"":""e04"",""type"":""plant"",""label"":""樹木""},{""id"":""e05"",""type"":""location"",""label"":""河岸""},{""id"":""e06"",""type"":""location"",""label"":""古道""},{""id"":""e07"",""type"":""location"",""label"":""關塞""}],""continuity"":{""recurring_entities"":[""e06""]},""scenes"":[{""id"":""p164_s01"",""setting"":""城中"",""time"":""未明示"",""mood"":""平靜"",""entities"":[""e01""],""actions"":[""看望""],""focus"":[""看望""]},{""id"":""p164_s02"",""setting"":""未明示"",""time"":""未明示"",""mood"":""平靜"",""entities"":[""e02"",""e03""],""actions"":[],""focus"":[""雲"",""雨""]},{""id"":""p164_s03"",""setting"":""河岸"",""time"":""未明示"",""mood"":""平靜"",""entities"":[""e04"",""e05"",""e06"",""e07""],""actions"":[],""focus"":[""樹木""]},{""id"":""p164_s04"",""setting"":""古道"",""time"":""未明示"",""mood"":""平靜"",""entities"":[""e06""],""actions"":[],""focus"":[]}]}",依各 Scene 視覺計畫,"p164_s01｜場景：城中｜畫面核心：看望｜動作：看望｜情緒：平靜｜出現：城中
p164_s02｜場景：未明示｜畫面核心：雲、雨｜情緒：平靜｜出現：雲、雨
p164_s03｜場景：河岸｜畫面核心：樹木｜情緒：平靜｜出現：樹木、河岸、古道、關塞
p164_s04｜場景：古道｜畫面核心：｜情緒：平靜｜出現：古道","場景｜城中
物件｜雲
物件｜雨
植物｜樹木
場景｜河岸
場景｜古道
場景｜關塞",重複元素：古道
165,祖詠,七言律詩,望薊門,"燕臺一望客心驚，簫鼓喧喧漢將營。
萬里寒光生積雪，三邊曙色動危旌。
沙場烽火連胡月，海畔雲山擁薊城。
少小雖非投筆吏，論功還欲請長纓。","登上燕臺一望，眼前軍營景象讓旅人心頭一震，簫鼓聲不斷。
萬里積雪發出寒光，邊境清晨高旗在風中搖動。
沙場烽火連著北方月色，海邊雲山環抱著薊城。
我年輕時雖不是投筆從軍的人，如今仍想請纓出戰、建立功勞。",1,9,visual_plan_v1,draft,"{""v"":""visual_plan_v1"",""entities"":[{""id"":""e01"",""type"":""character"",""label"":""旅人""},{""id"":""e02"",""type"":""animal"",""label"":""鳥""},{""id"":""e03"",""type"":""location"",""label"":""樓台""},{""id"":""e04"",""type"":""object"",""label"":""風""},{""id"":""e05"",""type"":""object"",""label"":""雪""},{""id"":""e06"",""type"":""location"",""label"":""海邊""},{""id"":""e07"",""type"":""location"",""label"":""城中""},{""id"":""e08"",""type"":""object"",""label"":""月亮""},{""id"":""e09"",""type"":""object"",""label"":""雲""},{""id"":""e10"",""type"":""character"",""label"":""詩人""}],""continuity"":{""recurring_entities"":[]},""scenes"":[{""id"":""p165_s01"",""setting"":""樓台"",""time"":""未明示"",""mood"":""平靜"",""entities"":[""e01"",""e02"",""e03""],""actions"":[""看望"",""前行""],""focus"":[""旅人"",""鳥"",""看望"",""前行""]},{""id"":""p165_s02"",""setting"":""未明示"",""time"":""冬天"",""mood"":""平靜"",""entities"":[""e04"",""e05""],""actions"":[],""focus"":[""風"",""雪""]},{""id"":""p165_s03"",""setting"":""海邊"",""time"":""未明示"",""mood"":""平靜"",""entities"":[""e06"",""e07"",""e08"",""e09""],""actions"":[],""focus"":[""月亮"",""雲""]},{""id"":""p165_s04"",""setting"":""未明示"",""time"":""未明示"",""mood"":""平靜"",""entities"":[""e10""],""actions"":[],""focus"":[""詩人""]}]}",依各 Scene 視覺計畫,"p165_s01｜場景：樓台｜畫面核心：旅人、鳥、看望、前行｜動作：看望、前行｜情緒：平靜｜出現：旅人、鳥、樓台
p165_s02｜場景：未明示｜時間：冬天｜畫面核心：風、雪｜情緒：平靜｜出現：風、雪
p165_s03｜場景：海邊｜畫面核心：月亮、雲｜情緒：平靜｜出現：海邊、城中、月亮、雲
p165_s04｜場景：未明示｜畫面核心：詩人｜情緒：平靜｜出現：詩人","人物｜旅人
動物｜鳥
場景｜樓台
物件｜風
物件｜雪
場景｜海邊
場景｜城中
物件｜月亮
物件｜雲
人物｜詩人",
166,崔曙,七言律詩,九日登望仙臺呈劉明府,"漢文皇帝有高臺，此日登臨曙色開。
三晉雲山皆北向，二陵風雨自東來。
關門令尹誰能識，河上仙翁去不回。
且欲近尋彭澤宰，陶然共醉菊花杯。","漢文帝留下高臺，今天重陽登臨時，清晨天色正慢慢開朗。
三晉方向雲山都向北延伸，二陵那邊風雨從東方而來。
當年函谷關的守關人有誰真正認識？河上仙翁也早已離去不回。
與其追尋仙人，不如去找像陶淵明那樣的人，一起在菊花旁喝酒。",1,9,visual_plan_v1,draft,"{""v"":""visual_plan_v1"",""entities"":[{""id"":""e01"",""type"":""location"",""label"":""樓台""},{""id"":""e02"",""type"":""object"",""label"":""雲""},{""id"":""e03"",""type"":""object"",""label"":""雨""},{""id"":""e04"",""type"":""object"",""label"":""風""},{""id"":""e05"",""type"":""character"",""label"":""老人""},{""id"":""e06"",""type"":""location"",""label"":""河岸""},{""id"":""e07"",""type"":""location"",""label"":""關塞""},{""id"":""e08"",""type"":""location"",""label"":""山谷""},{""id"":""e09"",""type"":""plant"",""label"":""花樹""},{""id"":""e10"",""type"":""plant"",""label"":""菊花""},{""id"":""e11"",""type"":""object"",""label"":""酒""}],""continuity"":{""recurring_entities"":[]},""scenes"":[{""id"":""p166_s01"",""setting"":""樓台"",""time"":""未明示"",""mood"":""平靜"",""entities"":[""e01""],""actions"":[""前行""],""focus"":[""前行""]},{""id"":""p166_s02"",""setting"":""未明示"",""time"":""未明示"",""mood"":""平靜"",""entities"":[""e02"",""e03"",""e04""],""actions"":[],""focus"":[""雲"",""雨"",""風""]},{""id"":""p166_s03"",""setting"":""河岸"",""time"":""未明示"",""mood"":""平靜"",""entities"":[""e05"",""e06"",""e07"",""e08""],""actions"":[""前行""],""focus"":[""老人"",""前行""]},{""id"":""p166_s04"",""setting"":""未明示"",""time"":""未明示"",""mood"":""平靜"",""entities"":[""e09"",""e10"",""e11""],""actions"":[""前行"",""飲酒""],""focus"":[""花樹"",""菊花"",""酒"",""前行"",""飲酒""]}]}",依各 Scene 視覺計畫,"p166_s01｜場景：樓台｜畫面核心：前行｜動作：前行｜情緒：平靜｜出現：樓台
p166_s02｜場景：未明示｜畫面核心：雲、雨、風｜情緒：平靜｜出現：雲、雨、風
p166_s03｜場景：河岸｜畫面核心：老人、前行｜動作：前行｜情緒：平靜｜出現：老人、河岸、關塞、山谷
p166_s04｜場景：未明示｜畫面核心：花樹、菊花、酒、前行、飲酒｜動作：前行、飲酒｜情緒：平靜｜出現：花樹、菊花、酒","場景｜樓台
物件｜雲
物件｜雨
物件｜風
人物｜老人
場景｜河岸
場景｜關塞
場景｜山谷
植物｜花樹
植物｜菊花
物件｜酒",
167,李頎,七言律詩,送魏萬之京,"朝聞遊子唱離歌，昨夜微霜初渡河。
鴻鴈不堪愁裏聽，雲山況是客中過。
關城樹色催寒近，御苑砧聲向晚多。
莫見長安行樂處，空令歲月易蹉跎。","清晨聽見你唱離歌，昨夜微霜才剛落下，你就渡河遠行。
心裡已經很愁，再聽大雁叫更受不了，何況還要在旅途中穿過雲山。
關城樹色提醒寒天快到，傍晚京城又到處傳來搗衣聲。
到了長安別只顧著遊樂，不要讓寶貴歲月白白過去。",1,9,visual_plan_v1,draft,"{""v"":""visual_plan_v1"",""entities"":[{""id"":""e01"",""type"":""location"",""label"":""河岸""},{""id"":""e02"",""type"":""object"",""label"":""霜""},{""id"":""e03"",""type"":""animal"",""label"":""鳥""},{""id"":""e04"",""type"":""object"",""label"":""雲""},{""id"":""e05"",""type"":""plant"",""label"":""樹木""},{""id"":""e06"",""type"":""location"",""label"":""城中""},{""id"":""e07"",""type"":""location"",""label"":""關塞""},{""id"":""e08"",""type"":""object"",""label"":""月亮""}],""continuity"":{""recurring_entities"":[]},""scenes"":[{""id"":""p167_s01"",""setting"":""河岸"",""time"":""夜晚"",""mood"":""平靜"",""entities"":[""e01"",""e02""],""actions"":[""聆聽"",""前行""],""focus"":[""霜"",""聆聽"",""前行""]},{""id"":""p167_s02"",""setting"":""未明示"",""time"":""未明示"",""mood"":""平靜"",""entities"":[""e03"",""e04""],""actions"":[""聆聽""],""focus"":[""鳥"",""雲"",""聆聽""]},{""id"":""p167_s03"",""setting"":""城中"",""time"":""黃昏"",""mood"":""平靜"",""entities"":[""e05"",""e06"",""e07""],""actions"":[],""focus"":[""樹木""]},{""id"":""p167_s04"",""setting"":""未明示"",""time"":""未明示"",""mood"":""平靜"",""entities"":[""e08""],""actions"":[""前行""],""focus"":[""月亮"",""前行""]}]}",依各 Scene 視覺計畫,"p167_s01｜場景：河岸｜時間：夜晚｜畫面核心：霜、聆聽、前行｜動作：聆聽、前行｜情緒：平靜｜出現：河岸、霜
p167_s02｜場景：未明示｜畫面核心：鳥、雲、聆聽｜動作：聆聽｜情緒：平靜｜出現：鳥、雲
p167_s03｜場景：城中｜時間：黃昏｜畫面核心：樹木｜情緒：平靜｜出現：樹木、城中、關塞
p167_s04｜場景：未明示｜畫面核心：月亮、前行｜動作：前行｜情緒：平靜｜出現：月亮","場景｜河岸
物件｜霜
動物｜鳥
物件｜雲
植物｜樹木
場景｜城中
場景｜關塞
物件｜月亮",
168,李白,七言律詩,登金陵鳳凰臺,"鳳凰臺上鳳凰遊，鳳去臺空江自流。
吳宮花草埋幽徑，晉代衣冠成古丘。
三山半落青天外，二水中分白鷺洲。
總爲浮雲能蔽日，長安不見使人愁。","從前鳳凰曾在鳳凰臺上飛舞，鳳凰走後高臺空了，江水仍自己流著。
吳國宮殿已被花草埋沒，晉代那些顯貴人物也只剩古老墳丘。
遠方三山半藏在青天之外，江水又被白鷺洲分成兩道。
總因浮雲遮住太陽，我看不見長安，心裡因此感到憂愁。",3,9,visual_plan_v1,draft,"{""v"":""visual_plan_v1"",""entities"":[{""id"":""e01"",""type"":""location"",""label"":""江邊""},{""id"":""e02"",""type"":""location"",""label"":""樓台""},{""id"":""e03"",""type"":""plant"",""label"":""青草""},{""id"":""e04"",""type"":""plant"",""label"":""花樹""},{""id"":""e05"",""type"":""location"",""label"":""宮中""},{""id"":""e06"",""type"":""animal"",""label"":""鳥""},{""id"":""e07"",""type"":""character"",""label"":""詩人""},{""id"":""e08"",""type"":""object"",""label"":""雲""}],""continuity"":{""recurring_entities"":[""e01""]},""scenes"":[{""id"":""p168_s01"",""setting"":""江邊"",""time"":""未明示"",""mood"":""平靜"",""entities"":[""e01"",""e02""],""actions"":[""前行""],""focus"":[""前行""]},{""id"":""p168_s02"",""setting"":""宮中"",""time"":""未明示"",""mood"":""平靜"",""entities"":[""e03"",""e04"",""e05""],""actions"":[],""focus"":[""青草"",""花樹""]},{""id"":""p168_s03"",""setting"":""江邊"",""time"":""未明示"",""mood"":""平靜"",""entities"":[""e06"",""e01""],""actions"":[],""focus"":[""鳥""]},{""id"":""p168_s04"",""setting"":""未明示"",""time"":""未明示"",""mood"":""平靜"",""entities"":[""e07"",""e08""],""actions"":[""看望""],""focus"":[""詩人"",""雲"",""看望""]}]}",依各 Scene 視覺計畫,"p168_s01｜場景：江邊｜畫面核心：前行｜動作：前行｜情緒：平靜｜出現：江邊、樓台
p168_s02｜場景：宮中｜畫面核心：青草、花樹｜情緒：平靜｜出現：青草、花樹、宮中
p168_s03｜場景：江邊｜畫面核心：鳥｜情緒：平靜｜出現：鳥、江邊
p168_s04｜場景：未明示｜畫面核心：詩人、雲、看望｜動作：看望｜情緒：平靜｜出現：詩人、雲","場景｜江邊
場景｜樓台
植物｜青草
植物｜花樹
場景｜宮中
動物｜鳥
人物｜詩人
物件｜雲",重複元素：江邊
169,高適,七言律詩,送李少府貶峽中王少府貶長沙,"嗟君此別意何如，駐馬銜桮問謫居。
巫峽啼猿數行淚，衡陽歸雁幾封書。
青楓江上秋天遠，白帝城邊古木疎。
聖代即今多雨露，暫時分手莫躊躇。","唉，你們這次分別被貶到不同地方，心裡到底是什麼滋味？我停馬舉杯問你們去處。
巫峽猿聲會讓人流淚，到了衡陽也許能靠北歸大雁寄幾封信。
青楓江上秋天遙遠，白帝城邊古木稀疏，都是孤單景色。
現在是太平時代，皇恩像雨露一樣終會照到大家；只是暫時分開，不必太難過。",2,9,visual_plan_v1,draft,"{""v"":""visual_plan_v1"",""entities"":[{""id"":""e01"",""type"":""character"",""label"":""詩人""},{""id"":""e02"",""type"":""animal"",""label"":""馬""},{""id"":""e03"",""type"":""animal"",""label"":""鳥""},{""id"":""e04"",""type"":""animal"",""label"":""猿""},{""id"":""e05"",""type"":""location"",""label"":""江邊""},{""id"":""e06"",""type"":""location"",""label"":""城中""},{""id"":""e07"",""type"":""object"",""label"":""雨""},{""id"":""e08"",""type"":""object"",""label"":""露水""}],""continuity"":{""recurring_entities"":[]},""scenes"":[{""id"":""p169_s01"",""setting"":""未明示"",""time"":""未明示"",""mood"":""平靜"",""entities"":[""e01"",""e02""],""actions"":[""前行""],""focus"":[""詩人"",""馬"",""前行""]},{""id"":""p169_s02"",""setting"":""未明示"",""time"":""未明示"",""mood"":""感傷"",""entities"":[""e03"",""e04""],""actions"":[""前行"",""哭泣""],""focus"":[""鳥"",""猿"",""前行"",""哭泣""]},{""id"":""p169_s03"",""setting"":""江邊"",""time"":""秋天"",""mood"":""孤寂"",""entities"":[""e05"",""e06""],""actions"":[],""focus"":[]},{""id"":""p169_s04"",""setting"":""未明示"",""time"":""未明示"",""mood"":""感傷"",""entities"":[""e07"",""e08""],""actions"":[],""focus"":[""雨"",""露水""]}]}",依各 Scene 視覺計畫,"p169_s01｜場景：未明示｜畫面核心：詩人、馬、前行｜動作：前行｜情緒：平靜｜出現：詩人、馬
p169_s02｜場景：未明示｜畫面核心：鳥、猿、前行、哭泣｜動作：前行、哭泣｜情緒：感傷｜出現：鳥、猿
p169_s03｜場景：江邊｜時間：秋天｜畫面核心：｜情緒：孤寂｜出現：江邊、城中
p169_s04｜場景：未明示｜畫面核心：雨、露水｜情緒：感傷｜出現：雨、露水","人物｜詩人
動物｜馬
動物｜鳥
動物｜猿
場景｜江邊
場景｜城中
物件｜雨
物件｜露水",
170,岑參,七言律詩,奉和中書舍人賈至早朝大明宮,"雞鳴紫陌曙光寒，鶯囀皇州春色闌。
金闕曉鐘開萬戶，玉階仙仗擁千官。
花迎劒珮星初落，柳拂旌旗露未乾。
獨有鳳皇池上客，陽春一曲和皆難。","雞鳴時京城大道還帶寒意，黃鶯鳴叫，春天已接近尾聲。
宮門曉鐘響起，千門打開，文武百官在玉階前列隊。
花朵迎著官員佩劍玉飾，星光剛退；柳枝輕拂旗幟，露水還沒乾。
只有在中書省任職的人寫出這麼好的詩，像陽春白雪一樣很難和得上。",3,9,visual_plan_v1,draft,"{""v"":""visual_plan_v1"",""entities"":[{""id"":""e01"",""type"":""animal"",""label"":""鳥""},{""id"":""e02"",""type"":""location"",""label"":""城中""},{""id"":""e03"",""type"":""location"",""label"":""宮中""},{""id"":""e04"",""type"":""object"",""label"":""鐘""},{""id"":""e05"",""type"":""plant"",""label"":""花樹""},{""id"":""e06"",""type"":""plant"",""label"":""柳樹""},{""id"":""e07"",""type"":""object"",""label"":""露水""},{""id"":""e08"",""type"":""object"",""label"":""雪""}],""continuity"":{""recurring_entities"":[]},""scenes"":[{""id"":""p170_s01"",""setting"":""城中"",""time"":""春天"",""mood"":""平靜"",""entities"":[""e01"",""e02""],""actions"":[],""focus"":[""鳥""]},{""id"":""p170_s02"",""setting"":""宮中"",""time"":""清晨"",""mood"":""平靜"",""entities"":[""e03"",""e04""],""actions"":[],""focus"":[""鐘""]},{""id"":""p170_s03"",""setting"":""未明示"",""time"":""夜晚"",""mood"":""平靜"",""entities"":[""e05"",""e06"",""e07""],""actions"":[],""focus"":[""花樹"",""柳樹"",""露水""]},{""id"":""p170_s04"",""setting"":""未明示"",""time"":""春天"",""mood"":""平靜"",""entities"":[""e08""],""actions"":[],""focus"":[""雪""]}]}",依各 Scene 視覺計畫,"p170_s01｜場景：城中｜時間：春天｜畫面核心：鳥｜情緒：平靜｜出現：鳥、城中
p170_s02｜場景：宮中｜時間：清晨｜畫面核心：鐘｜情緒：平靜｜出現：宮中、鐘
p170_s03｜場景：未明示｜時間：夜晚｜畫面核心：花樹、柳樹、露水｜情緒：平靜｜出現：花樹、柳樹、露水
p170_s04｜場景：未明示｜時間：春天｜畫面核心：雪｜情緒：平靜｜出現：雪","動物｜鳥
場景｜城中
場景｜宮中
物件｜鐘
植物｜花樹
植物｜柳樹
物件｜露水
物件｜雪",
171,王維,七言律詩,和賈舍人早朝大明宮之作,"絳幘雞人送曉籌，尚衣方進翠雲裘。
九天閶闔開宮殿，萬國衣冠拜冕旒。
日色纔臨仙掌動，香煙欲傍衮龍浮。
朝罷須裁五色詔，佩聲歸向鳳池頭。","戴紅帽的報時官送來清晨時刻，掌衣官正把皇帝的翠色衣裘送上。
高高宮門層層打開，各國使臣和百官一起向皇帝行禮。
太陽剛照到宮殿仙掌，香煙也繞著皇帝龍袍升起。
早朝結束後，舍人還要草擬皇帝詔書，再佩玉叮噹地回到中書省。",3,9,visual_plan_v1,draft,"{""v"":""visual_plan_v1"",""entities"":[{""id"":""e01"",""type"":""object"",""label"":""雲""},{""id"":""e02"",""type"":""location"",""label"":""宮中""},{""id"":""e03"",""type"":""plant"",""label"":""青草""}],""continuity"":{""recurring_entities"":[""e02""]},""scenes"":[{""id"":""p171_s01"",""setting"":""未明示"",""time"":""清晨"",""mood"":""平靜"",""entities"":[""e01""],""actions"":[],""focus"":[""雲""]},{""id"":""p171_s02"",""setting"":""宮中"",""time"":""未明示"",""mood"":""平靜"",""entities"":[""e02""],""actions"":[""前行""],""focus"":[""前行""]},{""id"":""p171_s03"",""setting"":""宮中"",""time"":""未明示"",""mood"":""平靜"",""entities"":[""e02""],""actions"":[],""focus"":[]},{""id"":""p171_s04"",""setting"":""未明示"",""time"":""未明示"",""mood"":""平靜"",""entities"":[""e03""],""actions"":[],""focus"":[""青草""]}]}",依各 Scene 視覺計畫,"p171_s01｜場景：未明示｜時間：清晨｜畫面核心：雲｜情緒：平靜｜出現：雲
p171_s02｜場景：宮中｜畫面核心：前行｜動作：前行｜情緒：平靜｜出現：宮中
p171_s03｜場景：宮中｜畫面核心：｜情緒：平靜｜出現：宮中
p171_s04｜場景：未明示｜畫面核心：青草｜情緒：平靜｜出現：青草","物件｜雲
場景｜宮中
植物｜青草",重複元素：宮中
172,王維,七言律詩,奉和聖制從蓬萊向興慶閣道中留春雨中春望之作應制,"渭水自縈秦塞曲，黃山舊繞漢宮斜。
鑾輿迥出千門柳，閣道回看上苑花。
雲裡帝城雙鳳闕，雨中春樹萬人家。
為乘陽氣行時令，不是宸遊翫物華。","渭水彎彎繞著秦地，黃山也一直斜繞在漢宮附近。
皇帝車駕遠遠穿過千門柳樹，從閣道回望御苑花朵。
雲中的皇城雙闕高聳，春雨裡萬家樹木一片青翠。
皇帝出行是順著春天時令體察民情，不只是出來欣賞美景。",3,9,visual_plan_v1,draft,"{""v"":""visual_plan_v1"",""entities"":[{""id"":""e01"",""type"":""location"",""label"":""宮中""},{""id"":""e02"",""type"":""location"",""label"":""關塞""},{""id"":""e03"",""type"":""plant"",""label"":""花樹""},{""id"":""e04"",""type"":""plant"",""label"":""柳樹""},{""id"":""e05"",""type"":""plant"",""label"":""樹木""},{""id"":""e06"",""type"":""location"",""label"":""城中""},{""id"":""e07"",""type"":""object"",""label"":""雲""},{""id"":""e08"",""type"":""object"",""label"":""雨""}],""continuity"":{""recurring_entities"":[""e05""]},""scenes"":[{""id"":""p172_s01"",""setting"":""宮中"",""time"":""未明示"",""mood"":""平靜"",""entities"":[""e01"",""e02""],""actions"":[],""focus"":[]},{""id"":""p172_s02"",""setting"":""未明示"",""time"":""未明示"",""mood"":""平靜"",""entities"":[""e03"",""e04"",""e05""],""actions"":[""看望""],""focus"":[""花樹"",""柳樹"",""樹木"",""看望""]},{""id"":""p172_s03"",""setting"":""城中"",""time"":""春天"",""mood"":""平靜"",""entities"":[""e05"",""e06"",""e07"",""e08""],""actions"":[],""focus"":[""樹木"",""雲"",""雨""]},{""id"":""p172_s04"",""setting"":""未明示"",""time"":""春天"",""mood"":""平靜"",""entities"":[],""actions"":[""前行""],""focus"":[""前行""]}]}",依各 Scene 視覺計畫,"p172_s01｜場景：宮中｜畫面核心：｜情緒：平靜｜出現：宮中、關塞
p172_s02｜場景：未明示｜畫面核心：花樹、柳樹、樹木、看望｜動作：看望｜情緒：平靜｜出現：花樹、柳樹、樹木
p172_s03｜場景：城中｜時間：春天｜畫面核心：樹木、雲、雨｜情緒：平靜｜出現：樹木、城中、雲、雨
p172_s04｜場景：未明示｜時間：春天｜畫面核心：前行｜動作：前行｜情緒：平靜","場景｜宮中
場景｜關塞
植物｜花樹
植物｜柳樹
植物｜樹木
場景｜城中
物件｜雲
物件｜雨",重複元素：樹木
173,王維,七言律詩,積雨輞川莊作,"積雨空林煙火遲，蒸藜炊黍餉東菑。
漠漠水田飛白鷺，陰陰夏木囀黃鸝。
山中習靜觀朝槿，松下清齋折露葵。
野老與人爭席罷，海鷗何事更相疑。","連日下雨，空林炊煙升得很慢，家人煮藜菜和小米送到東邊田裡。
廣闊水田上白鷺飛過，濃密夏樹間黃鸝婉轉鳴叫。
我在山中習慣安靜，早晨看木槿花開落，在松下清齋採帶露的葵菜。
如今我已不再和人爭座位，心境自然自在，海鷗又何必懷疑我有什麼心機？",3,9,visual_plan_v1,draft,"{""v"":""visual_plan_v1"",""entities"":[{""id"":""e01"",""type"":""location"",""label"":""田野""},{""id"":""e02"",""type"":""object"",""label"":""雨""},{""id"":""e03"",""type"":""animal"",""label"":""鳥""},{""id"":""e04"",""type"":""plant"",""label"":""樹木""},{""id"":""e05"",""type"":""character"",""label"":""詩人""},{""id"":""e06"",""type"":""plant"",""label"":""松樹""},{""id"":""e07"",""type"":""plant"",""label"":""花樹""},{""id"":""e08"",""type"":""location"",""label"":""山中""},{""id"":""e09"",""type"":""object"",""label"":""露水""},{""id"":""e10"",""type"":""location"",""label"":""海邊""}],""continuity"":{""recurring_entities"":[""e01"",""e05""]},""scenes"":[{""id"":""p173_s01"",""setting"":""田野"",""time"":""未明示"",""mood"":""平靜"",""entities"":[""e01"",""e02""],""actions"":[""烹煮""],""focus"":[""雨"",""烹煮""]},{""id"":""p173_s02"",""setting"":""田野"",""time"":""夏天"",""mood"":""平靜"",""entities"":[""e03"",""e04"",""e01""],""actions"":[],""focus"":[""鳥"",""樹木""]},{""id"":""p173_s03"",""setting"":""山中"",""time"":""清晨"",""mood"":""安靜"",""entities"":[""e05"",""e06"",""e07"",""e08"",""e09""],""actions"":[""看望"",""採摘""],""focus"":[""詩人"",""松樹"",""花樹"",""露水"",""看望""]},{""id"":""p173_s04"",""setting"":""海邊"",""time"":""未明示"",""mood"":""悠閒"",""entities"":[""e05"",""e10""],""actions"":[""思念""],""focus"":[""詩人"",""思念""]}]}",依各 Scene 視覺計畫,"p173_s01｜場景：田野｜畫面核心：雨、烹煮｜動作：烹煮｜情緒：平靜｜出現：田野、雨
p173_s02｜場景：田野｜時間：夏天｜畫面核心：鳥、樹木｜情緒：平靜｜出現：鳥、樹木、田野
p173_s03｜場景：山中｜時間：清晨｜畫面核心：詩人、松樹、花樹、露水、看望｜動作：看望、採摘｜情緒：安靜｜出現：詩人、松樹、花樹、山中、露水
p173_s04｜場景：海邊｜畫面核心：詩人、思念｜動作：思念｜情緒：悠閒｜出現：詩人、海邊","場景｜田野
物件｜雨
動物｜鳥
植物｜樹木
人物｜詩人
植物｜松樹
植物｜花樹
場景｜山中
物件｜露水
場景｜海邊",重複元素：田野、詩人
174,王維,七言律詩,酬郭給事,"洞門高閣靄餘輝，桃李陰陰柳絮飛。
禁裡疏鐘官舍晚，省中啼鳥吏人稀。
晨搖玉珮趨金殿，夕奉天書拜瑣闈。
強欲從君無那老，將因臥病解朝衣。","宮門高閣還帶著夕陽餘光，桃李樹蔭濃密，柳絮隨風飄。
宮中疏疏鐘聲傳到官舍，傍晚省裡鳥叫，人員也變少。
早晨佩著玉飾趕去金殿，傍晚又拿著皇帝詔書回到官署。
我很想繼續和你一起做官，可惜自己年老多病，大概要脫下朝服退下了。",3,9,visual_plan_v1,draft,"{""v"":""visual_plan_v1"",""entities"":[{""id"":""e01"",""type"":""plant"",""label"":""柳樹""},{""id"":""e02"",""type"":""plant"",""label"":""樹木""},{""id"":""e03"",""type"":""location"",""label"":""宮中""},{""id"":""e04"",""type"":""object"",""label"":""太陽""},{""id"":""e05"",""type"":""object"",""label"":""風""},{""id"":""e06"",""type"":""animal"",""label"":""鳥""},{""id"":""e07"",""type"":""object"",""label"":""鐘""},{""id"":""e08"",""type"":""character"",""label"":""詩人""}],""continuity"":{""recurring_entities"":[""e03""]},""scenes"":[{""id"":""p174_s01"",""setting"":""宮中"",""time"":""黃昏"",""mood"":""平靜"",""entities"":[""e01"",""e02"",""e03"",""e04"",""e05""],""actions"":[],""focus"":[""柳樹"",""樹木"",""太陽"",""風""]},{""id"":""p174_s02"",""setting"":""宮中"",""time"":""未明示"",""mood"":""平靜"",""entities"":[""e06"",""e03"",""e07""],""actions"":[],""focus"":[""鳥"",""鐘""]},{""id"":""p174_s03"",""setting"":""未明示"",""time"":""清晨"",""mood"":""平靜"",""entities"":[],""actions"":[""前行""],""focus"":[""前行""]},{""id"":""p174_s04"",""setting"":""未明示"",""time"":""未明示"",""mood"":""感傷"",""entities"":[""e08""],""actions"":[],""focus"":[""詩人""]}]}",依各 Scene 視覺計畫,"p174_s01｜場景：宮中｜時間：黃昏｜畫面核心：柳樹、樹木、太陽、風｜情緒：平靜｜出現：柳樹、樹木、宮中、太陽、風
p174_s02｜場景：宮中｜畫面核心：鳥、鐘｜情緒：平靜｜出現：鳥、宮中、鐘
p174_s03｜場景：未明示｜時間：清晨｜畫面核心：前行｜動作：前行｜情緒：平靜
p174_s04｜場景：未明示｜畫面核心：詩人｜情緒：感傷｜出現：詩人","植物｜柳樹
植物｜樹木
場景｜宮中
物件｜太陽
物件｜風
動物｜鳥
物件｜鐘
人物｜詩人",重複元素：宮中
175,杜甫,七言律詩,蜀相,"丞相祠堂何處尋，錦官城外柏森森。
映階碧草自春色，隔葉黃鸝空好音。
三顧頻煩天下計，兩朝開濟老臣心。
出師未捷身先死，長使英雄淚滿襟。","諸葛亮丞相的祠堂在哪裡？就在成都城外柏樹茂密的地方。
台階旁碧草自己享受春色，樹葉後黃鸝好聽地唱著，卻顯得有些空寂。
劉備三次拜訪才請他出山，共商天下大計；他又用一生輔佐前後兩代君主。
可惜出師還沒成功，他就先去世了，讓後來英雄想到都會流淚。",4,8,visual_plan_v1,draft,"{""v"":""visual_plan_v1"",""entities"":[{""id"":""e01"",""type"":""plant"",""label"":""樹木""},{""id"":""e02"",""type"":""location"",""label"":""城中""},{""id"":""e03"",""type"":""plant"",""label"":""青草""},{""id"":""e04"",""type"":""location"",""label"":""樓台""},{""id"":""e05"",""type"":""character"",""label"":""朋友""}],""continuity"":{""recurring_entities"":[""e01""]},""scenes"":[{""id"":""p175_s01"",""setting"":""城中"",""time"":""未明示"",""mood"":""平靜"",""entities"":[""e01"",""e02""],""actions"":[],""focus"":[""樹木""]},{""id"":""p175_s02"",""setting"":""樓台"",""time"":""春天"",""mood"":""平靜"",""entities"":[""e03"",""e01"",""e04""],""actions"":[""聆聽""],""focus"":[""青草"",""樹木"",""聆聽""]},{""id"":""p175_s03"",""setting"":""未明示"",""time"":""未明示"",""mood"":""平靜"",""entities"":[""e05""],""actions"":[],""focus"":[""朋友""]},{""id"":""p175_s04"",""setting"":""未明示"",""time"":""未明示"",""mood"":""感傷"",""entities"":[],""actions"":[""前行"",""哭泣""],""focus"":[""前行"",""哭泣""]}]}",依各 Scene 視覺計畫,"p175_s01｜場景：城中｜畫面核心：樹木｜情緒：平靜｜出現：樹木、城中
p175_s02｜場景：樓台｜時間：春天｜畫面核心：青草、樹木、聆聽｜動作：聆聽｜情緒：平靜｜出現：青草、樹木、樓台
p175_s03｜場景：未明示｜畫面核心：朋友｜情緒：平靜｜出現：朋友
p175_s04｜場景：未明示｜畫面核心：前行、哭泣｜動作：前行、哭泣｜情緒：感傷","植物｜樹木
場景｜城中
植物｜青草
場景｜樓台
人物｜朋友",重複元素：樹木
176,杜甫,七言律詩,客至,"舍南舍北皆春水，
但見群鷗日日來。
花徑不曾緣客掃，
蓬門今始為君開。
盤飧市遠無兼味，
樽酒家貧只舊醅。
肯與鄰翁相對飲，
隔籬呼取盡餘杯。","我家南北兩邊都是春天漲起的水，
平常只看見一群群海鷗每天飛來。
花間小路平時不曾特地為客人打掃，
今天為了你，我第一次把簡陋柴門打開。
因為市場太遠，盤裡沒有很多好菜，
家裡也不富裕，只有以前釀的舊酒。
如果你願意，我們還可以請隔壁老人一起喝，
我隔著籬笆喊他過來，把剩下的酒一起喝完。",4,9,visual_plan_v1,draft,"{""v"":""visual_plan_v1"",""entities"":[{""id"":""e01"",""type"":""character"",""label"":""詩人""},{""id"":""e02"",""type"":""location"",""label"":""海邊""},{""id"":""e03"",""type"":""character"",""label"":""旅人""},{""id"":""e04"",""type"":""plant"",""label"":""花樹""},{""id"":""e05"",""type"":""location"",""label"":""古道""},{""id"":""e06"",""type"":""object"",""label"":""柴門""},{""id"":""e07"",""type"":""object"",""label"":""酒""},{""id"":""e08"",""type"":""character"",""label"":""老人""}],""continuity"":{""recurring_entities"":[""e01"",""e07""]},""scenes"":[{""id"":""p176_s01"",""setting"":""未明示"",""time"":""春天"",""mood"":""平靜"",""entities"":[""e01""],""actions"":[],""focus"":[""詩人""]},{""id"":""p176_s02"",""setting"":""海邊"",""time"":""未明示"",""mood"":""平靜"",""entities"":[""e02""],""actions"":[""看望""],""focus"":[""看望""]},{""id"":""p176_s03"",""setting"":""古道"",""time"":""未明示"",""mood"":""平靜"",""entities"":[""e03"",""e04"",""e05""],""actions"":[],""focus"":[""旅人"",""花樹""]},{""id"":""p176_s04"",""setting"":""未明示"",""time"":""未明示"",""mood"":""平靜"",""entities"":[""e01"",""e06""],""actions"":[],""focus"":[""詩人"",""柴門""]},{""id"":""p176_s05"",""setting"":""未明示"",""time"":""未明示"",""mood"":""平靜"",""entities"":[],""actions"":[],""focus"":[]},{""id"":""p176_s06"",""setting"":""未明示"",""time"":""未明示"",""mood"":""平靜"",""entities"":[""e07""],""actions"":[""飲酒""],""focus"":[""酒"",""飲酒""]},{""id"":""p176_s07"",""setting"":""未明示"",""time"":""未明示"",""mood"":""平靜"",""entities"":[""e01"",""e08""],""actions"":[],""focus"":[""詩人"",""老人""]},{""id"":""p176_s08"",""setting"":""未明示"",""time"":""未明示"",""mood"":""平靜"",""entities"":[""e01"",""e07""],""actions"":[""飲酒""],""focus"":[""詩人"",""酒"",""飲酒""]}]}",依各 Scene 視覺計畫,"p176_s01｜場景：未明示｜時間：春天｜畫面核心：詩人｜情緒：平靜｜出現：詩人
p176_s02｜場景：海邊｜畫面核心：看望｜動作：看望｜情緒：平靜｜出現：海邊
p176_s03｜場景：古道｜畫面核心：旅人、花樹｜情緒：平靜｜出現：旅人、花樹、古道
p176_s04｜場景：未明示｜畫面核心：詩人、柴門｜情緒：平靜｜出現：詩人、柴門
p176_s05｜場景：未明示｜畫面核心：｜情緒：平靜
p176_s06｜場景：未明示｜畫面核心：酒、飲酒｜動作：飲酒｜情緒：平靜｜出現：酒
p176_s07｜場景：未明示｜畫面核心：詩人、老人｜情緒：平靜｜出現：詩人、老人
p176_s08｜場景：未明示｜畫面核心：詩人、酒、飲酒｜動作：飲酒｜情緒：平靜｜出現：詩人、酒","人物｜詩人
場景｜海邊
人物｜旅人
植物｜花樹
場景｜古道
物件｜柴門
物件｜酒
人物｜老人",重複元素：詩人、酒
177,杜甫,七言律詩,野望,"西山白雪三奇戍，南浦清江萬里橋。
海內風塵諸弟隔，天涯涕淚一身遙。
唯將遲暮供多病，未有涓埃答聖朝。
跨馬出郊時極目，不堪人事日蕭條。","西山白雪下有幾處守軍，南浦清江旁就是萬里橋。
天下仍有戰亂，我和弟弟們分散各地，自己在天涯流淚。
年紀晚了又常生病，卻還沒能為朝廷做出一點小小貢獻。
有時騎馬到郊外遠望，看到世事一天比一天蕭條，實在難受。",3,9,visual_plan_v1,draft,"{""v"":""visual_plan_v1"",""entities"":[{""id"":""e01"",""type"":""location"",""label"":""江邊""},{""id"":""e02"",""type"":""object"",""label"":""雪""},{""id"":""e03"",""type"":""character"",""label"":""詩人""},{""id"":""e04"",""type"":""location"",""label"":""海邊""},{""id"":""e05"",""type"":""object"",""label"":""風""},{""id"":""e06"",""type"":""animal"",""label"":""馬""}],""continuity"":{""recurring_entities"":[]},""scenes"":[{""id"":""p177_s01"",""setting"":""江邊"",""time"":""冬天"",""mood"":""平靜"",""entities"":[""e01"",""e02""],""actions"":[],""focus"":[""雪""]},{""id"":""p177_s02"",""setting"":""海邊"",""time"":""未明示"",""mood"":""感傷"",""entities"":[""e03"",""e04"",""e05""],""actions"":[""哭泣""],""focus"":[""詩人"",""風"",""哭泣""]},{""id"":""p177_s03"",""setting"":""未明示"",""time"":""黃昏"",""mood"":""平靜"",""entities"":[],""actions"":[],""focus"":[]},{""id"":""p177_s04"",""setting"":""未明示"",""time"":""未明示"",""mood"":""平靜"",""entities"":[""e06""],""actions"":[""看望""],""focus"":[""馬"",""看望""]}]}",依各 Scene 視覺計畫,"p177_s01｜場景：江邊｜時間：冬天｜畫面核心：雪｜情緒：平靜｜出現：江邊、雪
p177_s02｜場景：海邊｜畫面核心：詩人、風、哭泣｜動作：哭泣｜情緒：感傷｜出現：詩人、海邊、風
p177_s03｜場景：未明示｜時間：黃昏｜畫面核心：｜情緒：平靜
p177_s04｜場景：未明示｜畫面核心：馬、看望｜動作：看望｜情緒：平靜｜出現：馬","場景｜江邊
物件｜雪
人物｜詩人
場景｜海邊
物件｜風
動物｜馬",
178,杜甫,七言律詩,聞官軍收河南河北,"劍外忽傳收薊北，初聞涕淚滿衣裳。
卻看妻子愁何在，漫捲詩書喜欲狂。
白日放歌須縱酒，青春作伴好還鄉。
即從巴峽穿巫峽，便下襄陽向洛陽。","忽然在劍外聽說官軍收復薊北，我剛聽到就高興得眼淚沾滿衣服。
回頭看妻子孩子，原來愁容都不見了，我胡亂捲起詩書，高興得快發狂。
白天要放聲唱歌、痛快喝酒，趁著大好春光正好一起回故鄉。
我已經想好路線：從巴峽穿巫峽，再到襄陽，一路奔向洛陽。",4,8,visual_plan_v1,draft,"{""v"":""visual_plan_v1"",""entities"":[{""id"":""e01"",""type"":""character"",""label"":""詩人""},{""id"":""e02"",""type"":""character"",""label"":""童子""},{""id"":""e03"",""type"":""object"",""label"":""太陽""},{""id"":""e04"",""type"":""object"",""label"":""酒""},{""id"":""e05"",""type"":""location"",""label"":""古道""}],""continuity"":{""recurring_entities"":[""e01""]},""scenes"":[{""id"":""p178_s01"",""setting"":""未明示"",""time"":""未明示"",""mood"":""感傷"",""entities"":[""e01""],""actions"":[""聆聽"",""哭泣""],""focus"":[""詩人"",""聆聽"",""哭泣""]},{""id"":""p178_s02"",""setting"":""未明示"",""time"":""未明示"",""mood"":""平靜"",""entities"":[""e01"",""e02""],""actions"":[""看望""],""focus"":[""詩人"",""童子"",""看望""]},{""id"":""p178_s03"",""setting"":""未明示"",""time"":""春天"",""mood"":""平靜"",""entities"":[""e03"",""e04""],""actions"":[""飲酒""],""focus"":[""太陽"",""酒"",""飲酒""]},{""id"":""p178_s04"",""setting"":""古道"",""time"":""未明示"",""mood"":""平靜"",""entities"":[""e01"",""e05""],""actions"":[],""focus"":[""詩人""]}]}",依各 Scene 視覺計畫,"p178_s01｜場景：未明示｜畫面核心：詩人、聆聽、哭泣｜動作：聆聽、哭泣｜情緒：感傷｜出現：詩人
p178_s02｜場景：未明示｜畫面核心：詩人、童子、看望｜動作：看望｜情緒：平靜｜出現：詩人、童子
p178_s03｜場景：未明示｜時間：春天｜畫面核心：太陽、酒、飲酒｜動作：飲酒｜情緒：平靜｜出現：太陽、酒
p178_s04｜場景：古道｜畫面核心：詩人｜情緒：平靜｜出現：詩人、古道","人物｜詩人
人物｜童子
物件｜太陽
物件｜酒
場景｜古道",重複元素：詩人
179,杜甫,七言律詩,登高,"風急天高猿嘯哀，
渚清沙白鳥飛回。
無邊落木蕭蕭下，
不盡長江滚滚來。
萬里悲秋常作客，
百年多病獨登臺。
艱難苦恨繁霜鬢，
潦倒新停濁酒杯。","風很急，天很高，猿猴叫聲聽來很悲哀，
沙洲水清、白沙明亮，鳥兒在空中盤旋。
無邊無際的落葉蕭蕭落下，
永不停息的長江滾滾流來。
我離家萬里，常在秋天作客，更覺悲傷，
一生多病，今天又獨自登上高臺。
生活艱難又有許多遺憾，兩鬢白得越來越多，
近來身體不好，連平常用來解愁的酒也只好停了。",5,9,visual_plan_v1,draft,"{""v"":""visual_plan_v1"",""entities"":[{""id"":""e01"",""type"":""animal"",""label"":""猿""},{""id"":""e02"",""type"":""object"",""label"":""風""},{""id"":""e03"",""type"":""animal"",""label"":""鳥""},{""id"":""e04"",""type"":""location"",""label"":""江邊""},{""id"":""e05"",""type"":""character"",""label"":""詩人""},{""id"":""e06"",""type"":""character"",""label"":""旅人""},{""id"":""e07"",""type"":""location"",""label"":""樓台""},{""id"":""e08"",""type"":""object"",""label"":""霜""},{""id"":""e09"",""type"":""object"",""label"":""酒""}],""continuity"":{""recurring_entities"":[]},""scenes"":[{""id"":""p179_s01"",""setting"":""未明示"",""time"":""未明示"",""mood"":""平靜"",""entities"":[""e01"",""e02""],""actions"":[""聆聽""],""focus"":[""猿"",""風"",""聆聽""]},{""id"":""p179_s02"",""setting"":""未明示"",""time"":""未明示"",""mood"":""平靜"",""entities"":[""e03""],""actions"":[],""focus"":[""鳥""]},{""id"":""p179_s03"",""setting"":""未明示"",""time"":""未明示"",""mood"":""平靜"",""entities"":[],""actions"":[],""focus"":[]},{""id"":""p179_s04"",""setting"":""江邊"",""time"":""未明示"",""mood"":""平靜"",""entities"":[""e04""],""actions"":[],""focus"":[]},{""id"":""p179_s05"",""setting"":""未明示"",""time"":""秋天"",""mood"":""平靜"",""entities"":[""e05"",""e06""],""actions"":[],""focus"":[""詩人"",""旅人""]},{""id"":""p179_s06"",""setting"":""樓台"",""time"":""未明示"",""mood"":""平靜"",""entities"":[""e07""],""actions"":[""前行""],""focus"":[""前行""]},{""id"":""p179_s07"",""setting"":""未明示"",""time"":""未明示"",""mood"":""平靜"",""entities"":[""e08""],""actions"":[],""focus"":[""霜""]},{""id"":""p179_s08"",""setting"":""未明示"",""time"":""未明示"",""mood"":""平靜"",""entities"":[""e09""],""actions"":[""飲酒""],""focus"":[""酒"",""飲酒""]}]}",依各 Scene 視覺計畫,"p179_s01｜場景：未明示｜畫面核心：猿、風、聆聽｜動作：聆聽｜情緒：平靜｜出現：猿、風
p179_s02｜場景：未明示｜畫面核心：鳥｜情緒：平靜｜出現：鳥
p179_s03｜場景：未明示｜畫面核心：｜情緒：平靜
p179_s04｜場景：江邊｜畫面核心：｜情緒：平靜｜出現：江邊
p179_s05｜場景：未明示｜時間：秋天｜畫面核心：詩人、旅人｜情緒：平靜｜出現：詩人、旅人
p179_s06｜場景：樓台｜畫面核心：前行｜動作：前行｜情緒：平靜｜出現：樓台
p179_s07｜場景：未明示｜畫面核心：霜｜情緒：平靜｜出現：霜
p179_s08｜場景：未明示｜畫面核心：酒、飲酒｜動作：飲酒｜情緒：平靜｜出現：酒","動物｜猿
物件｜風
動物｜鳥
場景｜江邊
人物｜詩人
人物｜旅人
場景｜樓台
物件｜霜
物件｜酒",
180,杜甫,七言律詩,登樓,"花近高樓傷客心，萬方多難此登臨。
錦江春色來天地，玉壘浮雲變古今。
北極朝廷終不改，西山寇盜莫相侵。
可憐後主還祠廟，日暮聊為梁甫吟。","花靠近高樓，卻只讓這個漂泊人更傷心；天下多難，我仍登樓遠望。
錦江春色鋪滿天地，玉壘山上浮雲變化，像看盡古今興衰。
朝廷像北極星一樣終究不會動搖，西山敵人也別想來侵犯。
可憐亡國後主還有人立祠祭拜，黃昏時我只好吟起古曲寄託心情。",3,9,visual_plan_v1,draft,"{""v"":""visual_plan_v1"",""entities"":[{""id"":""e01"",""type"":""character"",""label"":""詩人""},{""id"":""e02"",""type"":""plant"",""label"":""花樹""},{""id"":""e03"",""type"":""location"",""label"":""樓台""},{""id"":""e04"",""type"":""location"",""label"":""江邊""},{""id"":""e05"",""type"":""object"",""label"":""雲""}],""continuity"":{""recurring_entities"":[""e01""]},""scenes"":[{""id"":""p180_s01"",""setting"":""樓台"",""time"":""未明示"",""mood"":""感傷"",""entities"":[""e01"",""e02"",""e03""],""actions"":[""看望"",""前行""],""focus"":[""詩人"",""花樹"",""看望"",""前行""]},{""id"":""p180_s02"",""setting"":""江邊"",""time"":""春天"",""mood"":""平靜"",""entities"":[""e04"",""e05""],""actions"":[""看望""],""focus"":[""雲"",""看望""]},{""id"":""p180_s03"",""setting"":""未明示"",""time"":""夜晚"",""mood"":""平靜"",""entities"":[],""actions"":[],""focus"":[]},{""id"":""p180_s04"",""setting"":""未明示"",""time"":""黃昏"",""mood"":""平靜"",""entities"":[""e01""],""actions"":[],""focus"":[""詩人""]}]}",依各 Scene 視覺計畫,"p180_s01｜場景：樓台｜畫面核心：詩人、花樹、看望、前行｜動作：看望、前行｜情緒：感傷｜出現：詩人、花樹、樓台
p180_s02｜場景：江邊｜時間：春天｜畫面核心：雲、看望｜動作：看望｜情緒：平靜｜出現：江邊、雲
p180_s03｜場景：未明示｜時間：夜晚｜畫面核心：｜情緒：平靜
p180_s04｜場景：未明示｜時間：黃昏｜畫面核心：詩人｜情緒：平靜｜出現：詩人","人物｜詩人
植物｜花樹
場景｜樓台
場景｜江邊
物件｜雲",重複元素：詩人
181,杜甫,七言律詩,宿府,"清秋幕府井梧寒，獨宿江城蠟炬殘。
永夜角聲悲自語，中天月色好誰看。
風塵荏苒音書絕，關塞蕭條行路難。
已忍伶俜十年事，強移棲息一枝安。","清秋幕府院裡井邊梧桐帶寒意，我一個人住在江城，看著蠟燭快燒完。
漫長夜裡號角聲像自己在悲嘆，天空月色很好，卻不知道能和誰一起看。
多年戰亂讓朋友書信斷絕，關塞蕭條，路也很難走。
我已忍受十年孤單漂泊，如今只勉強換個地方安身，就像鳥暫棲一根枝條。",3,9,visual_plan_v1,draft,"{""v"":""visual_plan_v1"",""entities"":[{""id"":""e01"",""type"":""character"",""label"":""詩人""},{""id"":""e02"",""type"":""location"",""label"":""江邊""},{""id"":""e03"",""type"":""location"",""label"":""庭院""},{""id"":""e04"",""type"":""location"",""label"":""城中""},{""id"":""e05"",""type"":""object"",""label"":""燈火""},{""id"":""e06"",""type"":""object"",""label"":""月亮""},{""id"":""e07"",""type"":""character"",""label"":""朋友""},{""id"":""e08"",""type"":""location"",""label"":""古道""},{""id"":""e09"",""type"":""location"",""label"":""關塞""},{""id"":""e10"",""type"":""object"",""label"":""風""},{""id"":""e11"",""type"":""animal"",""label"":""鳥""}],""continuity"":{""recurring_entities"":[""e01""]},""scenes"":[{""id"":""p181_s01"",""setting"":""江邊"",""time"":""秋天"",""mood"":""平靜"",""entities"":[""e01"",""e02"",""e03"",""e04"",""e05""],""actions"":[""看望""],""focus"":[""詩人"",""燈火"",""看望""]},{""id"":""p181_s02"",""setting"":""未明示"",""time"":""夜晚"",""mood"":""平靜"",""entities"":[""e06""],""actions"":[""看望""],""focus"":[""月亮"",""看望""]},{""id"":""p181_s03"",""setting"":""古道"",""time"":""未明示"",""mood"":""平靜"",""entities"":[""e07"",""e08"",""e09"",""e10""],""actions"":[""前行""],""focus"":[""朋友"",""風"",""前行""]},{""id"":""p181_s04"",""setting"":""未明示"",""time"":""未明示"",""mood"":""孤寂"",""entities"":[""e01"",""e11""],""actions"":[],""focus"":[""詩人"",""鳥""]}]}",依各 Scene 視覺計畫,"p181_s01｜場景：江邊｜時間：秋天｜畫面核心：詩人、燈火、看望｜動作：看望｜情緒：平靜｜出現：詩人、江邊、庭院、城中、燈火
p181_s02｜場景：未明示｜時間：夜晚｜畫面核心：月亮、看望｜動作：看望｜情緒：平靜｜出現：月亮
p181_s03｜場景：古道｜畫面核心：朋友、風、前行｜動作：前行｜情緒：平靜｜出現：朋友、古道、關塞、風
p181_s04｜場景：未明示｜畫面核心：詩人、鳥｜情緒：孤寂｜出現：詩人、鳥","人物｜詩人
場景｜江邊
場景｜庭院
場景｜城中
物件｜燈火
物件｜月亮
人物｜朋友
場景｜古道
場景｜關塞
物件｜風
動物｜鳥",重複元素：詩人
182,杜甫,七言律詩,閣夜,"歲暮陰陽催短景，天涯霜雪霽寒霄。
五更鼓角聲悲壯，三峽星河影動搖。
野哭千家聞戰伐，夷歌數處起漁樵。
臥龍躍馬終黃土，人事音書漫寂寥。","年底日子變短，天涯霜雪停後，夜空寒冷又清澈。
五更鼓角聲又悲又壯，三峽水中星河倒影不停搖動。
戰亂消息讓千家百姓在野外哭泣，漁夫樵夫中又傳來不同地方的歌聲。
不管像諸葛亮或公孫述那樣的人物最後都歸黃土，眼前人事和書信也只剩寂寞。",3,9,visual_plan_v1,draft,"{""v"":""visual_plan_v1"",""entities"":[{""id"":""e01"",""type"":""object"",""label"":""雪""},{""id"":""e02"",""type"":""object"",""label"":""霜""},{""id"":""e03"",""type"":""location"",""label"":""河岸""},{""id"":""e04"",""type"":""animal"",""label"":""馬""}],""continuity"":{""recurring_entities"":[]},""scenes"":[{""id"":""p182_s01"",""setting"":""未明示"",""time"":""黃昏"",""mood"":""平靜"",""entities"":[""e01"",""e02""],""actions"":[],""focus"":[""雪"",""霜""]},{""id"":""p182_s02"",""setting"":""河岸"",""time"":""夜晚"",""mood"":""平靜"",""entities"":[""e03""],""actions"":[],""focus"":[]},{""id"":""p182_s03"",""setting"":""未明示"",""time"":""未明示"",""mood"":""平靜"",""entities"":[],""actions"":[""哭泣""],""focus"":[""哭泣""]},{""id"":""p182_s04"",""setting"":""未明示"",""time"":""未明示"",""mood"":""孤寂"",""entities"":[""e04""],""actions"":[""前行""],""focus"":[""馬"",""前行""]}]}",依各 Scene 視覺計畫,"p182_s01｜場景：未明示｜時間：黃昏｜畫面核心：雪、霜｜情緒：平靜｜出現：雪、霜
p182_s02｜場景：河岸｜時間：夜晚｜畫面核心：｜情緒：平靜｜出現：河岸
p182_s03｜場景：未明示｜畫面核心：哭泣｜動作：哭泣｜情緒：平靜
p182_s04｜場景：未明示｜畫面核心：馬、前行｜動作：前行｜情緒：孤寂｜出現：馬","物件｜雪
物件｜霜
場景｜河岸
動物｜馬",
183,杜甫,七言律詩,詠懷古跡五首之一,"支離東北風塵際，漂泊西南天地間。
三峽樓臺淹日月，五溪衣服共雲山。
羯胡事主終無賴，詞客哀時且未還。
庾信平生最蕭瑟，暮年詩賦動江關。","我在東北戰亂中身體衰病，後來又漂泊到西南天地之間。
長久停留在三峽樓臺，和五溪地區不同服飾的人一起生活在雲山中。
叛亂胡將最後果然不可靠，而我這個憂時的詩人也還不能回家。
想到庾信一生最是蕭瑟，晚年寫出的文章卻感動整個江關，我也很有共鳴。",3,9,visual_plan_v1,draft,"{""v"":""visual_plan_v1"",""entities"":[{""id"":""e01"",""type"":""character"",""label"":""詩人""},{""id"":""e02"",""type"":""object"",""label"":""風""},{""id"":""e03"",""type"":""location"",""label"":""山中""},{""id"":""e04"",""type"":""location"",""label"":""溪流""},{""id"":""e05"",""type"":""location"",""label"":""樓台""},{""id"":""e06"",""type"":""object"",""label"":""月亮""},{""id"":""e07"",""type"":""object"",""label"":""雲""},{""id"":""e08"",""type"":""location"",""label"":""江邊""},{""id"":""e09"",""type"":""location"",""label"":""關塞""}],""continuity"":{""recurring_entities"":[""e01""]},""scenes"":[{""id"":""p183_s01"",""setting"":""未明示"",""time"":""未明示"",""mood"":""平靜"",""entities"":[""e01"",""e02""],""actions"":[],""focus"":[""詩人"",""風""]},{""id"":""p183_s02"",""setting"":""山中"",""time"":""未明示"",""mood"":""平靜"",""entities"":[""e03"",""e04"",""e05"",""e06"",""e07""],""actions"":[],""focus"":[""月亮"",""雲""]},{""id"":""p183_s03"",""setting"":""未明示"",""time"":""未明示"",""mood"":""平靜"",""entities"":[""e01""],""actions"":[],""focus"":[""詩人""]},{""id"":""p183_s04"",""setting"":""江邊"",""time"":""黃昏"",""mood"":""平靜"",""entities"":[""e01"",""e08"",""e09""],""actions"":[],""focus"":[""詩人""]}]}",依各 Scene 視覺計畫,"p183_s01｜場景：未明示｜畫面核心：詩人、風｜情緒：平靜｜出現：詩人、風
p183_s02｜場景：山中｜畫面核心：月亮、雲｜情緒：平靜｜出現：山中、溪流、樓台、月亮、雲
p183_s03｜場景：未明示｜畫面核心：詩人｜情緒：平靜｜出現：詩人
p183_s04｜場景：江邊｜時間：黃昏｜畫面核心：詩人｜情緒：平靜｜出現：詩人、江邊、關塞","人物｜詩人
物件｜風
場景｜山中
場景｜溪流
場景｜樓台
物件｜月亮
物件｜雲
場景｜江邊
場景｜關塞",重複元素：詩人
184,杜甫,七言律詩,詠懷古跡五首之二,"搖落深知宋玉悲，風流儒雅亦吾師。
悵望千秋一灑淚，蕭條異代不同時。
江山故宅空文藻，雲雨荒臺豈夢思。
最是楚宮俱泯滅，舟人指點到今疑。","看秋葉凋落，我更懂宋玉當年的悲秋，他文雅有才，也是我敬仰的前輩。
隔著千年遙望，我忍不住落淚；雖在不同時代，都有相似的蕭條感受。
美麗江山和舊宅只留下他的文章，楚王雲雨故事難道只是荒臺上的夢嗎？
連楚宮都完全消失了，如今船夫指著遺址時，大家還不確定到底在哪裡。",3,9,visual_plan_v1,draft,"{""v"":""visual_plan_v1"",""entities"":[{""id"":""e01"",""type"":""character"",""label"":""詩人""},{""id"":""e02"",""type"":""object"",""label"":""風""},{""id"":""e03"",""type"":""location"",""label"":""江邊""},{""id"":""e04"",""type"":""location"",""label"":""樓台""},{""id"":""e05"",""type"":""object"",""label"":""雲""},{""id"":""e06"",""type"":""object"",""label"":""雨""},{""id"":""e07"",""type"":""location"",""label"":""船上""},{""id"":""e08"",""type"":""location"",""label"":""宮中""},{""id"":""e09"",""type"":""object"",""label"":""小船""}],""continuity"":{""recurring_entities"":[""e01""]},""scenes"":[{""id"":""p184_s01"",""setting"":""未明示"",""time"":""秋天"",""mood"":""平靜"",""entities"":[""e01"",""e02""],""actions"":[""看望""],""focus"":[""詩人"",""風"",""看望""]},{""id"":""p184_s02"",""setting"":""未明示"",""time"":""秋天"",""mood"":""感傷"",""entities"":[""e01""],""actions"":[""看望"",""哭泣""],""focus"":[""詩人"",""看望"",""哭泣""]},{""id"":""p184_s03"",""setting"":""江邊"",""time"":""未明示"",""mood"":""平靜"",""entities"":[""e03"",""e04"",""e05"",""e06""],""actions"":[],""focus"":[""雲"",""雨""]},{""id"":""p184_s04"",""setting"":""船上"",""time"":""未明示"",""mood"":""平靜"",""entities"":[""e07"",""e08"",""e09""],""actions"":[],""focus"":[""小船""]}]}",依各 Scene 視覺計畫,"p184_s01｜場景：未明示｜時間：秋天｜畫面核心：詩人、風、看望｜動作：看望｜情緒：平靜｜出現：詩人、風
p184_s02｜場景：未明示｜時間：秋天｜畫面核心：詩人、看望、哭泣｜動作：看望、哭泣｜情緒：感傷｜出現：詩人
p184_s03｜場景：江邊｜畫面核心：雲、雨｜情緒：平靜｜出現：江邊、樓台、雲、雨
p184_s04｜場景：船上｜畫面核心：小船｜情緒：平靜｜出現：船上、宮中、小船","人物｜詩人
物件｜風
場景｜江邊
場景｜樓台
物件｜雲
物件｜雨
場景｜船上
場景｜宮中
物件｜小船",重複元素：詩人
185,杜甫,七言律詩,詠懷古跡五首之三,"羣山萬壑赴荆門，生長明妃尚有村。
一去紫臺連朔漠，獨留青塚向黃昏。
畫圖省識春風面，環佩空歸月夜魂。
千載琵琶作胡語，分明怨恨曲中論。","群山萬谷一起奔向荊門，那裡附近還有王昭君出生的村子。
她一離開漢宮就遠去北方沙漠，只留下青塚面向黃昏。
皇帝只從畫像認識她美貌，月夜裡只有她佩玉般的魂魄想回故鄉。
千年以來琵琶彈著胡地曲調，像一直在訴說她遠嫁異鄉的怨愁。",3,9,visual_plan_v1,draft,"{""v"":""visual_plan_v1"",""entities"":[{""id"":""e01"",""type"":""character"",""label"":""朋友""},{""id"":""e02"",""type"":""location"",""label"":""村莊""},{""id"":""e03"",""type"":""location"",""label"":""山谷""},{""id"":""e04"",""type"":""location"",""label"":""宮中""},{""id"":""e05"",""type"":""location"",""label"":""樓台""},{""id"":""e06"",""type"":""object"",""label"":""月亮""},{""id"":""e07"",""type"":""object"",""label"":""風""}],""continuity"":{""recurring_entities"":[]},""scenes"":[{""id"":""p185_s01"",""setting"":""村莊"",""time"":""未明示"",""mood"":""平靜"",""entities"":[""e01"",""e02"",""e03""],""actions"":[],""focus"":[""朋友""]},{""id"":""p185_s02"",""setting"":""宮中"",""time"":""未明示"",""mood"":""平靜"",""entities"":[""e04"",""e05""],""actions"":[""前行""],""focus"":[""前行""]},{""id"":""p185_s03"",""setting"":""未明示"",""time"":""夜晚"",""mood"":""平靜"",""entities"":[""e06"",""e07""],""actions"":[],""focus"":[""月亮"",""風""]},{""id"":""p185_s04"",""setting"":""未明示"",""time"":""未明示"",""mood"":""平靜"",""entities"":[],""actions"":[],""focus"":[]}]}",依各 Scene 視覺計畫,"p185_s01｜場景：村莊｜畫面核心：朋友｜情緒：平靜｜出現：朋友、村莊、山谷
p185_s02｜場景：宮中｜畫面核心：前行｜動作：前行｜情緒：平靜｜出現：宮中、樓台
p185_s03｜場景：未明示｜時間：夜晚｜畫面核心：月亮、風｜情緒：平靜｜出現：月亮、風
p185_s04｜場景：未明示｜畫面核心：｜情緒：平靜","人物｜朋友
場景｜村莊
場景｜山谷
場景｜宮中
場景｜樓台
物件｜月亮
物件｜風",
186,杜甫,七言律詩,詠懷古跡五首之四,"蜀主窺吳幸三峽，崩年亦在永安宮。
翠華想像空山裏，玉殿虛無野寺中。
古廟杉松巢水鶴，歲時伏臘走村翁。
武侯祠屋常鄰近，一體君臣祭祀同。","蜀主劉備想攻吳國，幸至三峽，後來也在永安宮去世。
如今只能想像當年皇帝車旗曾出現在空山中，華麗宮殿也早變成野寺。
古廟杉松上水鳥築巢，每逢節日村中老人仍趕來祭拜。
諸葛亮祠就在附近，君臣兩人像一體一樣，一直到後世都一起受祭祀。",3,9,visual_plan_v1,draft,"{""v"":""visual_plan_v1"",""entities"":[{""id"":""e01"",""type"":""location"",""label"":""宮中""},{""id"":""e02"",""type"":""location"",""label"":""山中""},{""id"":""e03"",""type"":""location"",""label"":""寺院""},{""id"":""e04"",""type"":""character"",""label"":""老人""},{""id"":""e05"",""type"":""animal"",""label"":""鳥""},{""id"":""e06"",""type"":""animal"",""label"":""鶴""},{""id"":""e07"",""type"":""plant"",""label"":""松樹""},{""id"":""e08"",""type"":""location"",""label"":""村莊""},{""id"":""e09"",""type"":""character"",""label"":""朋友""},{""id"":""e10"",""type"":""location"",""label"":""房間""}],""continuity"":{""recurring_entities"":[""e01""]},""scenes"":[{""id"":""p186_s01"",""setting"":""宮中"",""time"":""未明示"",""mood"":""平靜"",""entities"":[""e01""],""actions"":[""前行""],""focus"":[""前行""]},{""id"":""p186_s02"",""setting"":""山中"",""time"":""未明示"",""mood"":""平靜"",""entities"":[""e02"",""e01"",""e03""],""actions"":[],""focus"":[]},{""id"":""p186_s03"",""setting"":""村莊"",""time"":""未明示"",""mood"":""平靜"",""entities"":[""e04"",""e05"",""e06"",""e07"",""e08""],""actions"":[],""focus"":[""老人"",""鳥"",""鶴"",""松樹""]},{""id"":""p186_s04"",""setting"":""房間"",""time"":""未明示"",""mood"":""平靜"",""entities"":[""e09"",""e10""],""actions"":[],""focus"":[""朋友""]}]}",依各 Scene 視覺計畫,"p186_s01｜場景：宮中｜畫面核心：前行｜動作：前行｜情緒：平靜｜出現：宮中
p186_s02｜場景：山中｜畫面核心：｜情緒：平靜｜出現：山中、宮中、寺院
p186_s03｜場景：村莊｜畫面核心：老人、鳥、鶴、松樹｜情緒：平靜｜出現：老人、鳥、鶴、松樹、村莊
p186_s04｜場景：房間｜畫面核心：朋友｜情緒：平靜｜出現：朋友、房間","場景｜宮中
場景｜山中
場景｜寺院
人物｜老人
動物｜鳥
動物｜鶴
植物｜松樹
場景｜村莊
人物｜朋友
場景｜房間",重複元素：宮中
187,杜甫,七言律詩,詠懷古跡五首之五,"諸葛大名垂宇宙，宗臣遺像肅清高。
三分割據紆籌策，萬古雲霄一羽毛。
伯仲之間見伊呂，指揮若定失蕭曹。
運移漢祚終難復，志決身殲軍務勞。","諸葛亮的大名傳遍天地，他留下的形象莊重清高。
三國局勢靠他精心策畫，而他的人品才華在千古人物中像高空一根羽毛般出眾。
他的才能可以和伊尹、呂尚相比，指揮鎮定甚至不輸蕭何曹參。
可惜時代命運已變，漢朝終究無法恢復；他意志堅決，最後因軍務勞累去世。",3,9,visual_plan_v1,draft,"{""v"":""visual_plan_v1"",""entities"":[{""id"":""e01"",""type"":""object"",""label"":""雲""}],""continuity"":{""recurring_entities"":[]},""scenes"":[{""id"":""p187_s01"",""setting"":""未明示"",""time"":""未明示"",""mood"":""平靜"",""entities"":[],""actions"":[],""focus"":[]},{""id"":""p187_s02"",""setting"":""未明示"",""time"":""未明示"",""mood"":""平靜"",""entities"":[""e01""],""actions"":[],""focus"":[""雲""]},{""id"":""p187_s03"",""setting"":""未明示"",""time"":""未明示"",""mood"":""平靜"",""entities"":[],""actions"":[],""focus"":[]},{""id"":""p187_s04"",""setting"":""未明示"",""time"":""未明示"",""mood"":""感傷"",""entities"":[],""actions"":[""前行""],""focus"":[""前行""]}]}",依各 Scene 視覺計畫,"p187_s01｜場景：未明示｜畫面核心：｜情緒：平靜
p187_s02｜場景：未明示｜畫面核心：雲｜情緒：平靜｜出現：雲
p187_s03｜場景：未明示｜畫面核心：｜情緒：平靜
p187_s04｜場景：未明示｜畫面核心：前行｜動作：前行｜情緒：感傷",物件｜雲,
188,劉長卿,七言律詩,江州重別薛六柳八二員外,"生涯豈料承優詔，世事空知學醉歌。
江上月明胡鴈過，淮南木落楚山多。
寄身且喜滄洲近，顧影無如白髮何。
今日龍鍾人共棄，媿君猶遣慎風波。","人生哪想到還能得到較好的詔命？世事變化太多，我只學會用喝酒唱歌安慰自己。
江上月明，大雁飛過；淮南樹葉凋落，楚地山色一重又一重。
暫時寄身在水邊還算可喜，可看見自己白髮卻毫無辦法。
如今我老態龍鍾，很多人都不再理會，慚愧你還特地提醒我小心風浪。",2,9,visual_plan_v1,draft,"{""v"":""visual_plan_v1"",""entities"":[{""id"":""e01"",""type"":""character"",""label"":""詩人""},{""id"":""e02"",""type"":""object"",""label"":""酒""},{""id"":""e03"",""type"":""animal"",""label"":""鳥""},{""id"":""e04"",""type"":""plant"",""label"":""樹木""},{""id"":""e05"",""type"":""location"",""label"":""江邊""},{""id"":""e06"",""type"":""object"",""label"":""月亮""},{""id"":""e07"",""type"":""object"",""label"":""風""}],""continuity"":{""recurring_entities"":[""e01""]},""scenes"":[{""id"":""p188_s01"",""setting"":""未明示"",""time"":""未明示"",""mood"":""平靜"",""entities"":[""e01"",""e02""],""actions"":[""飲酒""],""focus"":[""詩人"",""酒"",""飲酒""]},{""id"":""p188_s02"",""setting"":""江邊"",""time"":""未明示"",""mood"":""平靜"",""entities"":[""e03"",""e04"",""e05"",""e06""],""actions"":[],""focus"":[""鳥"",""樹木"",""月亮""]},{""id"":""p188_s03"",""setting"":""未明示"",""time"":""未明示"",""mood"":""平靜"",""entities"":[],""actions"":[""看望""],""focus"":[""看望""]},{""id"":""p188_s04"",""setting"":""未明示"",""time"":""未明示"",""mood"":""平靜"",""entities"":[""e01"",""e07""],""actions"":[],""focus"":[""詩人"",""風""]}]}",依各 Scene 視覺計畫,"p188_s01｜場景：未明示｜畫面核心：詩人、酒、飲酒｜動作：飲酒｜情緒：平靜｜出現：詩人、酒
p188_s02｜場景：江邊｜畫面核心：鳥、樹木、月亮｜情緒：平靜｜出現：鳥、樹木、江邊、月亮
p188_s03｜場景：未明示｜畫面核心：看望｜動作：看望｜情緒：平靜
p188_s04｜場景：未明示｜畫面核心：詩人、風｜情緒：平靜｜出現：詩人、風","人物｜詩人
物件｜酒
動物｜鳥
植物｜樹木
場景｜江邊
物件｜月亮
物件｜風",重複元素：詩人
189,劉長卿,七言律詩,長沙過賈誼宅,"三年謫宦此棲遲，萬古惟留楚客悲。
秋草獨尋人去後，寒林空見日斜時。
漢文有道恩猶薄，湘水無情弔豈知。
寂寂江山搖落處，憐君何事到天涯。","賈誼被貶後在這裡住了三年，千百年來只留下失意楚客的悲哀。
秋草中我獨自尋找他離去後的舊宅，只看見寒林裡夕陽西斜。
漢文帝算是好皇帝，對賈誼的恩遇仍太薄；湘水無情，哪懂後人前來憑弔？
江山寂寞、草木凋落，我憐惜你當年為什麼也會被放逐到天涯。",2,9,visual_plan_v1,draft,"{""v"":""visual_plan_v1"",""entities"":[{""id"":""e01"",""type"":""character"",""label"":""旅人""},{""id"":""e02"",""type"":""character"",""label"":""詩人""},{""id"":""e03"",""type"":""plant"",""label"":""青草""},{""id"":""e04"",""type"":""object"",""label"":""太陽""},{""id"":""e05"",""type"":""location"",""label"":""江邊""}],""continuity"":{""recurring_entities"":[""e02"",""e03""]},""scenes"":[{""id"":""p189_s01"",""setting"":""未明示"",""time"":""未明示"",""mood"":""平靜"",""entities"":[""e01""],""actions"":[],""focus"":[""旅人""]},{""id"":""p189_s02"",""setting"":""未明示"",""time"":""黃昏"",""mood"":""平靜"",""entities"":[""e02"",""e03"",""e04""],""actions"":[""看望"",""前行""],""focus"":[""詩人"",""青草"",""太陽"",""看望"",""前行""]},{""id"":""p189_s03"",""setting"":""未明示"",""time"":""未明示"",""mood"":""平靜"",""entities"":[],""actions"":[],""focus"":[]},{""id"":""p189_s04"",""setting"":""江邊"",""time"":""未明示"",""mood"":""孤寂"",""entities"":[""e02"",""e03"",""e05""],""actions"":[],""focus"":[""詩人"",""青草""]}]}",依各 Scene 視覺計畫,"p189_s01｜場景：未明示｜畫面核心：旅人｜情緒：平靜｜出現：旅人
p189_s02｜場景：未明示｜時間：黃昏｜畫面核心：詩人、青草、太陽、看望、前行｜動作：看望、前行｜情緒：平靜｜出現：詩人、青草、太陽
p189_s03｜場景：未明示｜畫面核心：｜情緒：平靜
p189_s04｜場景：江邊｜畫面核心：詩人、青草｜情緒：孤寂｜出現：詩人、青草、江邊","人物｜旅人
人物｜詩人
植物｜青草
物件｜太陽
場景｜江邊",重複元素：詩人、青草
190,劉長卿,七言律詩,自夏口至鸚鵡洲望岳陽寄元中丞,"汀洲無浪復無煙，楚客相思益渺然。
漢口夕陽斜渡鳥，洞庭秋水遠連天。
孤城背嶺寒吹角，獨樹臨江夜泊船。
賈誼上書憂漢室，長沙謫去古今憐。","沙洲上沒有浪也沒有煙，我這個楚地旅人想朋友，心情更加遙遠迷茫。
漢口夕陽下鳥斜斜飛過，洞庭秋水一直連到天邊。
孤城背山，寒風裡號角響起；一棵孤樹臨江，我的船夜裡就泊在旁邊。
古代賈誼因上書憂國被貶長沙，古今的人想到他都很同情。",2,9,visual_plan_v1,draft,"{""v"":""visual_plan_v1"",""entities"":[{""id"":""e01"",""type"":""character"",""label"":""詩人""},{""id"":""e02"",""type"":""character"",""label"":""朋友""},{""id"":""e03"",""type"":""character"",""label"":""旅人""},{""id"":""e04"",""type"":""animal"",""label"":""鳥""},{""id"":""e05"",""type"":""location"",""label"":""庭院""},{""id"":""e06"",""type"":""object"",""label"":""太陽""},{""id"":""e07"",""type"":""plant"",""label"":""樹木""},{""id"":""e08"",""type"":""location"",""label"":""江邊""},{""id"":""e09"",""type"":""location"",""label"":""船上""},{""id"":""e10"",""type"":""location"",""label"":""城中""},{""id"":""e11"",""type"":""object"",""label"":""風""},{""id"":""e12"",""type"":""object"",""label"":""小船""}],""continuity"":{""recurring_entities"":[""e01""]},""scenes"":[{""id"":""p190_s01"",""setting"":""未明示"",""time"":""未明示"",""mood"":""平靜"",""entities"":[""e01"",""e02"",""e03""],""actions"":[],""focus"":[""詩人"",""朋友"",""旅人""]},{""id"":""p190_s02"",""setting"":""庭院"",""time"":""黃昏"",""mood"":""平靜"",""entities"":[""e04"",""e05"",""e06""],""actions"":[],""focus"":[""鳥"",""太陽""]},{""id"":""p190_s03"",""setting"":""江邊"",""time"":""夜晚"",""mood"":""平靜"",""entities"":[""e01"",""e07"",""e08"",""e09"",""e10"",""e11"",""e12""],""actions"":[],""focus"":[""詩人"",""樹木"",""風"",""小船""]},{""id"":""p190_s04"",""setting"":""未明示"",""time"":""未明示"",""mood"":""平靜"",""entities"":[],""actions"":[],""focus"":[]}]}",依各 Scene 視覺計畫,"p190_s01｜場景：未明示｜畫面核心：詩人、朋友、旅人｜情緒：平靜｜出現：詩人、朋友、旅人
p190_s02｜場景：庭院｜時間：黃昏｜畫面核心：鳥、太陽｜情緒：平靜｜出現：鳥、庭院、太陽
p190_s03｜場景：江邊｜時間：夜晚｜畫面核心：詩人、樹木、風、小船｜情緒：平靜｜出現：詩人、樹木、江邊、船上、城中、風、小船
p190_s04｜場景：未明示｜畫面核心：｜情緒：平靜","人物｜詩人
人物｜朋友
人物｜旅人
動物｜鳥
場景｜庭院
物件｜太陽
植物｜樹木
場景｜江邊
場景｜船上
場景｜城中
物件｜風
物件｜小船",重複元素：詩人
191,錢起,七言律詩,贈闕下裴舍人,"二月黃鶯飛上林，春城紫禁曉陰陰。
長樂鐘聲花外盡，龍池柳色雨中深。
陽和不散窮途恨，霄漢長懷捧日新。
獻賦十年猶未遇，羞將白髮對華簪。","二月黃鶯飛入皇家園林，春天京城清晨還有淡淡陰雲。
長樂宮鐘聲穿過花外漸漸消失，龍池柳樹在春雨裡顏色更深。
和暖春氣也消不了我不得志的遺憾，我一直盼望有機會為朝廷效力。
我獻文章求機會已十年還沒被賞識，白髮漸多，面對顯貴官帽都覺得不好意思。",1,9,visual_plan_v1,draft,"{""v"":""visual_plan_v1"",""entities"":[{""id"":""e01"",""type"":""animal"",""label"":""鳥""},{""id"":""e02"",""type"":""location"",""label"":""城中""},{""id"":""e03"",""type"":""object"",""label"":""月亮""},{""id"":""e04"",""type"":""object"",""label"":""雲""},{""id"":""e05"",""type"":""plant"",""label"":""花樹""},{""id"":""e06"",""type"":""plant"",""label"":""柳樹""},{""id"":""e07"",""type"":""plant"",""label"":""樹木""},{""id"":""e08"",""type"":""location"",""label"":""宮中""},{""id"":""e09"",""type"":""object"",""label"":""雨""},{""id"":""e10"",""type"":""object"",""label"":""鐘""},{""id"":""e11"",""type"":""character"",""label"":""詩人""}],""continuity"":{""recurring_entities"":[""e11""]},""scenes"":[{""id"":""p191_s01"",""setting"":""城中"",""time"":""清晨"",""mood"":""平靜"",""entities"":[""e01"",""e02"",""e03"",""e04""],""actions"":[],""focus"":[""鳥"",""月亮"",""雲""]},{""id"":""p191_s02"",""setting"":""宮中"",""time"":""春天"",""mood"":""平靜"",""entities"":[""e05"",""e06"",""e07"",""e08"",""e09"",""e10""],""actions"":[],""focus"":[""花樹"",""柳樹"",""樹木"",""雨"",""鐘""]},{""id"":""p191_s03"",""setting"":""未明示"",""time"":""春天"",""mood"":""平靜"",""entities"":[""e11""],""actions"":[""看望""],""focus"":[""詩人"",""看望""]},{""id"":""p191_s04"",""setting"":""未明示"",""time"":""未明示"",""mood"":""平靜"",""entities"":[""e11""],""actions"":[],""focus"":[""詩人""]}]}",依各 Scene 視覺計畫,"p191_s01｜場景：城中｜時間：清晨｜畫面核心：鳥、月亮、雲｜情緒：平靜｜出現：鳥、城中、月亮、雲
p191_s02｜場景：宮中｜時間：春天｜畫面核心：花樹、柳樹、樹木、雨、鐘｜情緒：平靜｜出現：花樹、柳樹、樹木、宮中、雨、鐘
p191_s03｜場景：未明示｜時間：春天｜畫面核心：詩人、看望｜動作：看望｜情緒：平靜｜出現：詩人
p191_s04｜場景：未明示｜畫面核心：詩人｜情緒：平靜｜出現：詩人","動物｜鳥
場景｜城中
物件｜月亮
物件｜雲
植物｜花樹
植物｜柳樹
植物｜樹木
場景｜宮中
物件｜雨
物件｜鐘
人物｜詩人",重複元素：詩人
192,韋應物,七言律詩,寄李儋元錫,"去年花裏逢君別，今日花開已一年。
世事茫茫難自料，春愁黯黯獨成眠。
身多疾病思田里，邑有流亡愧俸錢。
聞道欲來相問訊，西樓望月幾廻圓。","去年花開時和你分別，今天花又開了，竟已整整一年。
世事茫茫很難預料，春天愁悶中我常一個人睡著。
自己多病，很想回鄉下；又想到城中有人流離失所，拿著官俸更覺慚愧。
聽說你想來探望我，我在西樓望月，不知道已等過多少次月圓。",3,9,visual_plan_v1,draft,"{""v"":""visual_plan_v1"",""entities"":[{""id"":""e01"",""type"":""plant"",""label"":""花樹""},{""id"":""e02"",""type"":""character"",""label"":""詩人""},{""id"":""e03"",""type"":""location"",""label"":""城中""},{""id"":""e04"",""type"":""location"",""label"":""田野""},{""id"":""e05"",""type"":""location"",""label"":""樓台""},{""id"":""e06"",""type"":""object"",""label"":""月亮""}],""continuity"":{""recurring_entities"":[""e02""]},""scenes"":[{""id"":""p192_s01"",""setting"":""未明示"",""time"":""未明示"",""mood"":""平靜"",""entities"":[""e01""],""actions"":[""前行""],""focus"":[""花樹"",""前行""]},{""id"":""p192_s02"",""setting"":""未明示"",""time"":""春天"",""mood"":""平靜"",""entities"":[""e02""],""actions"":[""休息""],""focus"":[""詩人"",""休息""]},{""id"":""p192_s03"",""setting"":""城中"",""time"":""未明示"",""mood"":""平靜"",""entities"":[""e03"",""e04""],""actions"":[],""focus"":[]},{""id"":""p192_s04"",""setting"":""樓台"",""time"":""未明示"",""mood"":""平靜"",""entities"":[""e02"",""e05"",""e06""],""actions"":[""看望"",""聆聽""],""focus"":[""詩人"",""月亮"",""看望"",""聆聽""]}]}",依各 Scene 視覺計畫,"p192_s01｜場景：未明示｜畫面核心：花樹、前行｜動作：前行｜情緒：平靜｜出現：花樹
p192_s02｜場景：未明示｜時間：春天｜畫面核心：詩人、休息｜動作：休息｜情緒：平靜｜出現：詩人
p192_s03｜場景：城中｜畫面核心：｜情緒：平靜｜出現：城中、田野
p192_s04｜場景：樓台｜畫面核心：詩人、月亮、看望、聆聽｜動作：看望、聆聽｜情緒：平靜｜出現：詩人、樓台、月亮","植物｜花樹
人物｜詩人
場景｜城中
場景｜田野
場景｜樓台
物件｜月亮",重複元素：詩人
193,韓翃,七言律詩,同題仙遊觀,"仙台下見五城樓，風物悽悽宿雨收。
山色遙連秦樹晚，砧聲近報漢宮秋。
疏鬆影落空壇靜，細草香閒小洞幽。
何用別尋方外去，人間亦自有丹丘。","從仙觀高臺往下看見五城樓，昨夜雨停後景色帶著清冷。
遠方山色連著秦地暮樹，近處搗衣聲提醒漢宮秋天來了。
稀疏松影落在空壇上十分安靜，細草帶香，小洞更顯幽深。
何必另外去世外尋仙境？人間也有像丹丘一樣清靜美好的地方。",1,9,visual_plan_v1,draft,"{""v"":""visual_plan_v1"",""entities"":[{""id"":""e01"",""type"":""location"",""label"":""城中""},{""id"":""e02"",""type"":""location"",""label"":""樓台""},{""id"":""e03"",""type"":""object"",""label"":""雨""},{""id"":""e04"",""type"":""object"",""label"":""風""},{""id"":""e05"",""type"":""plant"",""label"":""樹木""},{""id"":""e06"",""type"":""location"",""label"":""宮中""},{""id"":""e07"",""type"":""plant"",""label"":""青草""},{""id"":""e08"",""type"":""plant"",""label"":""松樹""}],""continuity"":{""recurring_entities"":[]},""scenes"":[{""id"":""p193_s01"",""setting"":""城中"",""time"":""夜晚"",""mood"":""平靜"",""entities"":[""e01"",""e02"",""e03"",""e04""],""actions"":[""看望""],""focus"":[""雨"",""風"",""看望""]},{""id"":""p193_s02"",""setting"":""宮中"",""time"":""黃昏"",""mood"":""平靜"",""entities"":[""e05"",""e06""],""actions"":[],""focus"":[""樹木""]},{""id"":""p193_s03"",""setting"":""未明示"",""time"":""未明示"",""mood"":""安靜"",""entities"":[""e07"",""e08""],""actions"":[],""focus"":[""青草"",""松樹""]},{""id"":""p193_s04"",""setting"":""未明示"",""time"":""未明示"",""mood"":""平靜"",""entities"":[],""actions"":[""前行""],""focus"":[""前行""]}]}",依各 Scene 視覺計畫,"p193_s01｜場景：城中｜時間：夜晚｜畫面核心：雨、風、看望｜動作：看望｜情緒：平靜｜出現：城中、樓台、雨、風
p193_s02｜場景：宮中｜時間：黃昏｜畫面核心：樹木｜情緒：平靜｜出現：樹木、宮中
p193_s03｜場景：未明示｜畫面核心：青草、松樹｜情緒：安靜｜出現：青草、松樹
p193_s04｜場景：未明示｜畫面核心：前行｜動作：前行｜情緒：平靜","場景｜城中
場景｜樓台
物件｜雨
物件｜風
植物｜樹木
場景｜宮中
植物｜青草
植物｜松樹",
194,皇甫冉,七言律詩,春思,"鶯啼燕語報新年，馬邑龍堆路幾千。
家住秦城鄰漢苑，心隨明月到胡天。
機中錦字論長恨，樓上花枝笑獨眠。
爲問元戎竇車騎，何時反斾勒燕然。","黃鶯燕子都在報告新年到了，可丈夫所在的馬邑、龍堆卻在幾千里外。
我的家在秦城靠近皇家園林，心卻跟著明月飛到北方邊地。
我像古人織錦寄信一樣訴說長久思念，樓外花枝好像還笑我獨自睡覺。
想問帶兵的大將，什麼時候才能勝利回軍，讓征人都能回家？",1,9,visual_plan_v1,draft,"{""v"":""visual_plan_v1"",""entities"":[{""id"":""e01"",""type"":""animal"",""label"":""鳥""},{""id"":""e02"",""type"":""animal"",""label"":""馬""},{""id"":""e03"",""type"":""location"",""label"":""古道""},{""id"":""e04"",""type"":""character"",""label"":""詩人""},{""id"":""e05"",""type"":""location"",""label"":""城中""},{""id"":""e06"",""type"":""object"",""label"":""月亮""},{""id"":""e07"",""type"":""plant"",""label"":""花樹""},{""id"":""e08"",""type"":""location"",""label"":""樓台""}],""continuity"":{""recurring_entities"":[""e01"",""e04""]},""scenes"":[{""id"":""p194_s01"",""setting"":""古道"",""time"":""未明示"",""mood"":""平靜"",""entities"":[""e01"",""e02"",""e03""],""actions"":[],""focus"":[""鳥"",""馬""]},{""id"":""p194_s02"",""setting"":""城中"",""time"":""夜晚"",""mood"":""平靜"",""entities"":[""e04"",""e05"",""e06""],""actions"":[],""focus"":[""詩人"",""月亮""]},{""id"":""p194_s03"",""setting"":""樓台"",""time"":""未明示"",""mood"":""思念"",""entities"":[""e04"",""e07"",""e08""],""actions"":[""休息""],""focus"":[""詩人"",""花樹"",""休息""]},{""id"":""p194_s04"",""setting"":""未明示"",""time"":""未明示"",""mood"":""平靜"",""entities"":[""e01""],""actions"":[""等待""],""focus"":[""鳥"",""等待""]}]}",依各 Scene 視覺計畫,"p194_s01｜場景：古道｜畫面核心：鳥、馬｜情緒：平靜｜出現：鳥、馬、古道
p194_s02｜場景：城中｜時間：夜晚｜畫面核心：詩人、月亮｜情緒：平靜｜出現：詩人、城中、月亮
p194_s03｜場景：樓台｜畫面核心：詩人、花樹、休息｜動作：休息｜情緒：思念｜出現：詩人、花樹、樓台
p194_s04｜場景：未明示｜畫面核心：鳥、等待｜動作：等待｜情緒：平靜｜出現：鳥","動物｜鳥
動物｜馬
場景｜古道
人物｜詩人
場景｜城中
物件｜月亮
植物｜花樹
場景｜樓台",重複元素：鳥、詩人
195,盧綸,七言律詩,晚次鄂州,"雲開遠見漢陽城，猶是孤帆一日程。
估客晝眠知浪靜，舟人夜語覺潮生。
三湘衰鬢逢秋色，萬里歸心對月明。
舊業已隨征戰盡，更堪江上鼓鼙聲。","雲散後遠遠看見漢陽城，可我的孤帆還要走一整天才到。
商人白天能睡覺，就知道浪很平；船夫夜裡開始說話，就知道潮水漲了。
漂泊三湘，頭髮已衰白，又遇秋色；面對明月，更想萬里之外的家。
家中產業早在戰亂裡失去，現在江上又傳來戰鼓聲，更讓人受不了。",2,9,visual_plan_v1,draft,"{""v"":""visual_plan_v1"",""entities"":[{""id"":""e01"",""type"":""character"",""label"":""詩人""},{""id"":""e02"",""type"":""location"",""label"":""城中""},{""id"":""e03"",""type"":""object"",""label"":""雲""},{""id"":""e04"",""type"":""location"",""label"":""船上""},{""id"":""e05"",""type"":""object"",""label"":""小船""},{""id"":""e06"",""type"":""object"",""label"":""月亮""},{""id"":""e07"",""type"":""location"",""label"":""江邊""}],""continuity"":{""recurring_entities"":[]},""scenes"":[{""id"":""p195_s01"",""setting"":""城中"",""time"":""未明示"",""mood"":""平靜"",""entities"":[""e01"",""e02"",""e03""],""actions"":[""看望"",""前行""],""focus"":[""詩人"",""雲"",""看望"",""前行""]},{""id"":""p195_s02"",""setting"":""船上"",""time"":""夜晚"",""mood"":""平靜"",""entities"":[""e04"",""e05""],""actions"":[""休息""],""focus"":[""小船"",""休息""]},{""id"":""p195_s03"",""setting"":""未明示"",""time"":""夜晚"",""mood"":""平靜"",""entities"":[""e06""],""actions"":[],""focus"":[""月亮""]},{""id"":""p195_s04"",""setting"":""江邊"",""time"":""未明示"",""mood"":""平靜"",""entities"":[""e07""],""actions"":[""前行""],""focus"":[""前行""]}]}",依各 Scene 視覺計畫,"p195_s01｜場景：城中｜畫面核心：詩人、雲、看望、前行｜動作：看望、前行｜情緒：平靜｜出現：詩人、城中、雲
p195_s02｜場景：船上｜時間：夜晚｜畫面核心：小船、休息｜動作：休息｜情緒：平靜｜出現：船上、小船
p195_s03｜場景：未明示｜時間：夜晚｜畫面核心：月亮｜情緒：平靜｜出現：月亮
p195_s04｜場景：江邊｜畫面核心：前行｜動作：前行｜情緒：平靜｜出現：江邊","人物｜詩人
場景｜城中
物件｜雲
場景｜船上
物件｜小船
物件｜月亮
場景｜江邊",
196,柳宗元,七言律詩,登柳州城樓寄漳汀封連四州刺史,"城上高樓接大荒，海天愁思正茫茫。
驚風亂颭芙蓉水，密雨斜侵薜荔牆。
嶺樹重遮千里目，江流曲似九迴腸。
共來百越文身地，猶自音書滯一鄉。","柳州城樓高高接著荒野，我面對海天，愁思也茫茫無邊。
猛烈風把水上荷花吹得亂晃，密雨斜斜打在長滿薜荔的牆上。
山嶺樹木層層遮住千里視線，江水彎曲得像我的愁腸九轉。
我們幾個都被貶到南方偏遠地區，彼此書信竟還被困在不同地方難以送達。",3,9,visual_plan_v1,draft,"{""v"":""visual_plan_v1"",""entities"":[{""id"":""e01"",""type"":""character"",""label"":""詩人""},{""id"":""e02"",""type"":""plant"",""label"":""柳樹""},{""id"":""e03"",""type"":""location"",""label"":""海邊""},{""id"":""e04"",""type"":""location"",""label"":""城中""},{""id"":""e05"",""type"":""location"",""label"":""樓台""},{""id"":""e06"",""type"":""plant"",""label"":""花樹""},{""id"":""e07"",""type"":""plant"",""label"":""荷花""},{""id"":""e08"",""type"":""object"",""label"":""雨""},{""id"":""e09"",""type"":""object"",""label"":""風""},{""id"":""e10"",""type"":""plant"",""label"":""樹木""},{""id"":""e11"",""type"":""location"",""label"":""江邊""}],""continuity"":{""recurring_entities"":[""e01""]},""scenes"":[{""id"":""p196_s01"",""setting"":""海邊"",""time"":""未明示"",""mood"":""平靜"",""entities"":[""e01"",""e02"",""e03"",""e04"",""e05""],""actions"":[],""focus"":[""詩人"",""柳樹""]},{""id"":""p196_s02"",""setting"":""未明示"",""time"":""未明示"",""mood"":""平靜"",""entities"":[""e06"",""e07"",""e08"",""e09""],""actions"":[],""focus"":[""花樹"",""荷花"",""雨"",""風""]},{""id"":""p196_s03"",""setting"":""江邊"",""time"":""未明示"",""mood"":""平靜"",""entities"":[""e01"",""e10"",""e11""],""actions"":[],""focus"":[""詩人"",""樹木""]},{""id"":""p196_s04"",""setting"":""未明示"",""time"":""未明示"",""mood"":""平靜"",""entities"":[""e01""],""actions"":[],""focus"":[""詩人""]}]}",依各 Scene 視覺計畫,"p196_s01｜場景：海邊｜畫面核心：詩人、柳樹｜情緒：平靜｜出現：詩人、柳樹、海邊、城中、樓台
p196_s02｜場景：未明示｜畫面核心：花樹、荷花、雨、風｜情緒：平靜｜出現：花樹、荷花、雨、風
p196_s03｜場景：江邊｜畫面核心：詩人、樹木｜情緒：平靜｜出現：詩人、樹木、江邊
p196_s04｜場景：未明示｜畫面核心：詩人｜情緒：平靜｜出現：詩人","人物｜詩人
植物｜柳樹
場景｜海邊
場景｜城中
場景｜樓台
植物｜花樹
植物｜荷花
物件｜雨
物件｜風
植物｜樹木
場景｜江邊",重複元素：詩人
197,劉禹錫,七言律詩,西塞山懷古,"王濬樓船下益州，金陵王氣黯然收。
千尋鐵鎖沈江底，一片降旛出石頭。
人世幾回傷往事，山形依舊枕寒流。
今逢四海為家日，故壘蕭蕭蘆荻秋。","王濬帶著高大戰船從益州順江而下，金陵原本的王者氣勢一下消失。
東吳用千尺鐵鍊封江也沉到水底，最後只見降旗從石頭城升起。
人世不知幾次為往事感傷，可山的形狀仍照舊靠著寒冷江流。
如今天下統一、四海一家，只有舊堡在秋風中蘆葦蕭蕭。",4,9,visual_plan_v1,draft,"{""v"":""visual_plan_v1"",""entities"":[{""id"":""e01"",""type"":""location"",""label"":""江邊""},{""id"":""e02"",""type"":""location"",""label"":""船上""},{""id"":""e03"",""type"":""location"",""label"":""樓台""},{""id"":""e04"",""type"":""object"",""label"":""小船""},{""id"":""e05"",""type"":""location"",""label"":""城中""},{""id"":""e06"",""type"":""object"",""label"":""石陣""},{""id"":""e07"",""type"":""location"",""label"":""海邊""},{""id"":""e08"",""type"":""object"",""label"":""風""}],""continuity"":{""recurring_entities"":[""e01""]},""scenes"":[{""id"":""p197_s01"",""setting"":""江邊"",""time"":""未明示"",""mood"":""平靜"",""entities"":[""e01"",""e02"",""e03"",""e04""],""actions"":[],""focus"":[""小船""]},{""id"":""p197_s02"",""setting"":""江邊"",""time"":""未明示"",""mood"":""平靜"",""entities"":[""e01"",""e05"",""e06""],""actions"":[],""focus"":[""石陣""]},{""id"":""p197_s03"",""setting"":""江邊"",""time"":""未明示"",""mood"":""平靜"",""entities"":[""e01""],""actions"":[],""focus"":[]},{""id"":""p197_s04"",""setting"":""海邊"",""time"":""秋天"",""mood"":""平靜"",""entities"":[""e07"",""e08""],""actions"":[],""focus"":[""風""]}]}",依各 Scene 視覺計畫,"p197_s01｜場景：江邊｜畫面核心：小船｜情緒：平靜｜出現：江邊、船上、樓台、小船
p197_s02｜場景：江邊｜畫面核心：石陣｜情緒：平靜｜出現：江邊、城中、石陣
p197_s03｜場景：江邊｜畫面核心：｜情緒：平靜｜出現：江邊
p197_s04｜場景：海邊｜時間：秋天｜畫面核心：風｜情緒：平靜｜出現：海邊、風","場景｜江邊
場景｜船上
場景｜樓台
物件｜小船
場景｜城中
物件｜石陣
場景｜海邊
物件｜風",重複元素：江邊
198,元稹,七言律詩,遣悲懷三首之一,"謝公最小偏憐女，嫁與黔婁百事乖。
顧我無衣搜藎篋，泥他沽酒拔金釵。
野蔬充膳甘長藿，落葉添薪仰古槐。
今日俸錢過十萬，與君營奠復營齋。","你本是謝家最受疼愛的小女兒，嫁給清貧的我後，很多事情都不如意。
看我沒有衣服，你翻箱找布；我纏著你想買酒，你甚至拔下金釵換錢。
吃野菜也甘願，落葉不夠燒時還抬頭找老槐樹枯枝。
如今我的俸祿已很高，可你已不在，我只能替你準備祭品和法會。",2,9,visual_plan_v1,draft,"{""v"":""visual_plan_v1"",""entities"":[{""id"":""e01"",""type"":""character"",""label"":""詩人""},{""id"":""e02"",""type"":""object"",""label"":""酒""},{""id"":""e03"",""type"":""plant"",""label"":""樹木""}],""continuity"":{""recurring_entities"":[""e01""]},""scenes"":[{""id"":""p198_s01"",""setting"":""未明示"",""time"":""未明示"",""mood"":""平靜"",""entities"":[""e01""],""actions"":[],""focus"":[""詩人""]},{""id"":""p198_s02"",""setting"":""未明示"",""time"":""未明示"",""mood"":""平靜"",""entities"":[""e01"",""e02""],""actions"":[""看望"",""飲酒""],""focus"":[""詩人"",""酒"",""看望"",""飲酒""]},{""id"":""p198_s03"",""setting"":""未明示"",""time"":""未明示"",""mood"":""平靜"",""entities"":[""e03""],""actions"":[],""focus"":[""樹木""]},{""id"":""p198_s04"",""setting"":""未明示"",""time"":""未明示"",""mood"":""平靜"",""entities"":[""e01""],""actions"":[],""focus"":[""詩人""]}]}",依各 Scene 視覺計畫,"p198_s01｜場景：未明示｜畫面核心：詩人｜情緒：平靜｜出現：詩人
p198_s02｜場景：未明示｜畫面核心：詩人、酒、看望、飲酒｜動作：看望、飲酒｜情緒：平靜｜出現：詩人、酒
p198_s03｜場景：未明示｜畫面核心：樹木｜情緒：平靜｜出現：樹木
p198_s04｜場景：未明示｜畫面核心：詩人｜情緒：平靜｜出現：詩人","人物｜詩人
物件｜酒
植物｜樹木",重複元素：詩人
199,元稹,七言律詩,遣悲懷三首之二,"昔日戲言身後意，今朝皆到眼前來。
衣裳已施行看盡，針線猶存未忍開。
尚想舊情憐婢僕，也曾因夢送錢財。
誠知此恨人人有，貧賤夫妻百事哀。","以前我們曾開玩笑談過死後的事，如今那些話竟一件件真的出現在眼前。
你的衣服已陸續送給別人，快看不見了，可留下的針線我還捨不得打開。
因想起你以前疼惜僕人，我現在也特別照顧他們；夢見你時還會想替你送些錢物。
我知道失去伴侶的痛很多人都有，但一起吃過苦的夫妻分離尤其讓人悲傷。",2,9,visual_plan_v1,draft,"{""v"":""visual_plan_v1"",""entities"":[{""id"":""e01"",""type"":""character"",""label"":""詩人""}],""continuity"":{""recurring_entities"":[""e01""]},""scenes"":[{""id"":""p199_s01"",""setting"":""未明示"",""time"":""未明示"",""mood"":""平靜"",""entities"":[""e01""],""actions"":[],""focus"":[""詩人""]},{""id"":""p199_s02"",""setting"":""未明示"",""time"":""未明示"",""mood"":""平靜"",""entities"":[""e01""],""actions"":[""看望""],""focus"":[""詩人"",""看望""]},{""id"":""p199_s03"",""setting"":""未明示"",""time"":""未明示"",""mood"":""平靜"",""entities"":[""e01""],""actions"":[],""focus"":[""詩人""]},{""id"":""p199_s04"",""setting"":""未明示"",""time"":""未明示"",""mood"":""平靜"",""entities"":[""e01""],""actions"":[""前行""],""focus"":[""詩人"",""前行""]}]}",依各 Scene 視覺計畫,"p199_s01｜場景：未明示｜畫面核心：詩人｜情緒：平靜｜出現：詩人
p199_s02｜場景：未明示｜畫面核心：詩人、看望｜動作：看望｜情緒：平靜｜出現：詩人
p199_s03｜場景：未明示｜畫面核心：詩人｜情緒：平靜｜出現：詩人
p199_s04｜場景：未明示｜畫面核心：詩人、前行｜動作：前行｜情緒：平靜｜出現：詩人",人物｜詩人,重複元素：詩人
200,元稹,七言律詩,遣悲懷三首之三,"閒坐悲君亦自悲，百年都是幾多時？
鄧攸無子尋知命，潘岳悼亡猶費詞。
同穴窅冥何所望，他生緣會更難期。
惟將終夜長開眼，報答平生未展眉。","閒坐時想你很悲傷，也想到自己一生其實沒有多少時間。
鄧攸失去孩子只能接受命運，潘岳寫再多悼亡文章也換不回妻子。
死後能不能同葬都很渺茫，更別說期待來生還能再相遇。
我只能整夜睜著眼想你，像用餘生報答你從前跟著我時一直沒有真正舒展過眉頭。",2,9,visual_plan_v1,draft,"{""v"":""visual_plan_v1"",""entities"":[{""id"":""e01"",""type"":""character"",""label"":""童子""},{""id"":""e02"",""type"":""character"",""label"":""詩人""}],""continuity"":{""recurring_entities"":[]},""scenes"":[{""id"":""p200_s01"",""setting"":""未明示"",""time"":""未明示"",""mood"":""平靜"",""entities"":[],""actions"":[],""focus"":[]},{""id"":""p200_s02"",""setting"":""未明示"",""time"":""未明示"",""mood"":""平靜"",""entities"":[""e01""],""actions"":[""前行""],""focus"":[""童子"",""前行""]},{""id"":""p200_s03"",""setting"":""未明示"",""time"":""未明示"",""mood"":""平靜"",""entities"":[],""actions"":[],""focus"":[]},{""id"":""p200_s04"",""setting"":""未明示"",""time"":""夜晚"",""mood"":""平靜"",""entities"":[""e02""],""actions"":[],""focus"":[""詩人""]}]}",依各 Scene 視覺計畫,"p200_s01｜場景：未明示｜畫面核心：｜情緒：平靜
p200_s02｜場景：未明示｜畫面核心：童子、前行｜動作：前行｜情緒：平靜｜出現：童子
p200_s03｜場景：未明示｜畫面核心：｜情緒：平靜
p200_s04｜場景：未明示｜時間：夜晚｜畫面核心：詩人｜情緒：平靜｜出現：詩人","人物｜童子
人物｜詩人",
201,白居易,七言律詩,望月有感,"自河南經亂、關內阻飢，兄弟離散各在一處，因望月有感，聊書所懷寄上浮梁大兄、於潛七兄、烏江十五兄，兼示符離及下邽弟妹。

時難年荒世業空，弟兄羈旅各西東。
田園寥落干戈後，骨肉流離道路中。
弔影分爲千里雁，辭根散作九秋蓬。
共看明月應垂淚，一夜鄉心五處同。","白居易說戰亂和飢荒讓兄弟姊妹分散各地，他望著月亮想起家人，因此寫詩寄給不同地方的兄弟姊妹。

世道艱難又遇荒年，家中產業都空了，兄弟姊妹各自在不同地方漂泊。
戰亂後田園荒涼，親人也流離失所、奔走在道路上。
我們像分飛千里的大雁，又像離開根部、在秋風中四散的蓬草。
大家此刻看著同一輪明月，應該都會流淚；這一夜五個地方都有同樣的思鄉心情。",3,9,visual_plan_v1,draft,"{""v"":""visual_plan_v1"",""entities"":[{""id"":""e01"",""type"":""location"",""label"":""江邊""},{""id"":""e02"",""type"":""location"",""label"":""河岸""},{""id"":""e03"",""type"":""location"",""label"":""關塞""},{""id"":""e04"",""type"":""object"",""label"":""月亮""},{""id"":""e05"",""type"":""location"",""label"":""古道""},{""id"":""e06"",""type"":""location"",""label"":""田野""},{""id"":""e07"",""type"":""character"",""label"":""詩人""},{""id"":""e08"",""type"":""animal"",""label"":""鳥""},{""id"":""e09"",""type"":""plant"",""label"":""青草""},{""id"":""e10"",""type"":""object"",""label"":""風""}],""continuity"":{""recurring_entities"":[""e04""]},""scenes"":[{""id"":""p201_s01"",""setting"":""江邊"",""time"":""未明示"",""mood"":""平靜"",""entities"":[""e01"",""e02"",""e03"",""e04""],""actions"":[""看望""],""focus"":[""月亮"",""看望""]},{""id"":""p201_s02"",""setting"":""未明示"",""time"":""未明示"",""mood"":""平靜"",""entities"":[],""actions"":[],""focus"":[]},{""id"":""p201_s03"",""setting"":""未明示"",""time"":""未明示"",""mood"":""悠閒"",""entities"":[],""actions"":[],""focus"":[]},{""id"":""p201_s04"",""setting"":""古道"",""time"":""未明示"",""mood"":""平靜"",""entities"":[""e05"",""e06""],""actions"":[""前行""],""focus"":[""前行""]},{""id"":""p201_s05"",""setting"":""未明示"",""time"":""秋天"",""mood"":""平靜"",""entities"":[""e07"",""e08"",""e09"",""e10""],""actions"":[],""focus"":[""詩人"",""鳥"",""青草"",""風""]},{""id"":""p201_s06"",""setting"":""未明示"",""time"":""夜晚"",""mood"":""思念"",""entities"":[""e04""],""actions"":[""看望"",""思念"",""哭泣""],""focus"":[""月亮"",""看望"",""思念"",""哭泣""]}]}",依各 Scene 視覺計畫,"p201_s01｜場景：江邊｜畫面核心：月亮、看望｜動作：看望｜情緒：平靜｜出現：江邊、河岸、關塞、月亮
p201_s02｜場景：未明示｜畫面核心：｜情緒：平靜
p201_s03｜場景：未明示｜畫面核心：｜情緒：悠閒
p201_s04｜場景：古道｜畫面核心：前行｜動作：前行｜情緒：平靜｜出現：古道、田野
p201_s05｜場景：未明示｜時間：秋天｜畫面核心：詩人、鳥、青草、風｜情緒：平靜｜出現：詩人、鳥、青草、風
p201_s06｜場景：未明示｜時間：夜晚｜畫面核心：月亮、看望、思念、哭泣｜動作：看望、思念、哭泣｜情緒：思念｜出現：月亮","場景｜江邊
場景｜河岸
場景｜關塞
物件｜月亮
場景｜古道
場景｜田野
人物｜詩人
動物｜鳥
植物｜青草
物件｜風",重複元素：月亮
202,李商隱,七言律詩,錦瑟,"錦瑟無端五十絃，一絃一柱思華年。
莊生曉夢迷蝴蝶，望帝春心託杜鵑。
滄海月明珠有淚，藍田日暖玉生煙。
此情可待成追憶，只是當時已惘然。","漂亮錦瑟不知為什麼有五十根弦，每一弦都讓我想起青春往事。
像莊周夢見自己變蝴蝶，醒來分不清夢與真實；又像望帝把哀思寄在杜鵑聲裡。
海上月明，珍珠像含著眼淚；藍田日暖，美玉彷彿升起薄煙。
這些感情何必等到以後才回憶？其實在當時，我就已經感到迷惘和惆悵。",4,9,visual_plan_v1,draft,"{""v"":""visual_plan_v1"",""entities"":[{""id"":""e01"",""type"":""character"",""label"":""詩人""},{""id"":""e02"",""type"":""location"",""label"":""海邊""},{""id"":""e03"",""type"":""location"",""label"":""田野""},{""id"":""e04"",""type"":""object"",""label"":""月亮""}],""continuity"":{""recurring_entities"":[""e01""]},""scenes"":[{""id"":""p202_s01"",""setting"":""未明示"",""time"":""春天"",""mood"":""平靜"",""entities"":[""e01""],""actions"":[],""focus"":[""詩人""]},{""id"":""p202_s02"",""setting"":""未明示"",""time"":""清晨"",""mood"":""平靜"",""entities"":[],""actions"":[""看望""],""focus"":[""看望""]},{""id"":""p202_s03"",""setting"":""海邊"",""time"":""未明示"",""mood"":""感傷"",""entities"":[""e02"",""e03"",""e04""],""actions"":[""哭泣""],""focus"":[""月亮"",""哭泣""]},{""id"":""p202_s04"",""setting"":""未明示"",""time"":""未明示"",""mood"":""平靜"",""entities"":[""e01""],""actions"":[],""focus"":[""詩人""]}]}",依各 Scene 視覺計畫,"p202_s01｜場景：未明示｜時間：春天｜畫面核心：詩人｜情緒：平靜｜出現：詩人
p202_s02｜場景：未明示｜時間：清晨｜畫面核心：看望｜動作：看望｜情緒：平靜
p202_s03｜場景：海邊｜畫面核心：月亮、哭泣｜動作：哭泣｜情緒：感傷｜出現：海邊、田野、月亮
p202_s04｜場景：未明示｜畫面核心：詩人｜情緒：平靜｜出現：詩人","人物｜詩人
場景｜海邊
場景｜田野
物件｜月亮",重複元素：詩人
203,李商隱,七言律詩,無題,"昨夜星辰昨夜風，畫樓西畔桂堂東。
身無綵鳳雙飛翼，心有靈犀一點通。
隔座送鉤春酒暖，分曹射覆蠟燈紅。
嗟余聽鼓應官去，走馬蘭臺類轉蓬。","昨夜星星明亮、晚風吹拂，我記得相聚地方就在畫樓西邊、桂堂東邊。
我們身上沒有彩鳳翅膀能一起飛，心意卻像犀角靈光一樣彼此相通。
宴席上隔座玩遊戲、喝著暖暖春酒，分組猜謎時紅蠟燭照得很亮。
可惜鼓聲一響我就得回官署工作，只能騎馬離開，像蓬草一樣被事情推著走。",4,9,visual_plan_v1,draft,"{""v"":""visual_plan_v1"",""entities"":[{""id"":""e01"",""type"":""character"",""label"":""詩人""},{""id"":""e02"",""type"":""location"",""label"":""樓台""},{""id"":""e03"",""type"":""object"",""label"":""風""},{""id"":""e04"",""type"":""object"",""label"":""酒""},{""id"":""e05"",""type"":""object"",""label"":""燈火""},{""id"":""e06"",""type"":""animal"",""label"":""馬""},{""id"":""e07"",""type"":""plant"",""label"":""青草""}],""continuity"":{""recurring_entities"":[""e01"",""e02""]},""scenes"":[{""id"":""p203_s01"",""setting"":""樓台"",""time"":""夜晚"",""mood"":""平靜"",""entities"":[""e01"",""e02"",""e03""],""actions"":[],""focus"":[""詩人"",""風""]},{""id"":""p203_s02"",""setting"":""未明示"",""time"":""未明示"",""mood"":""平靜"",""entities"":[""e01""],""actions"":[],""focus"":[""詩人""]},{""id"":""p203_s03"",""setting"":""未明示"",""time"":""春天"",""mood"":""平靜"",""entities"":[""e04"",""e05""],""actions"":[""飲酒""],""focus"":[""酒"",""燈火"",""飲酒""]},{""id"":""p203_s04"",""setting"":""樓台"",""time"":""未明示"",""mood"":""感傷"",""entities"":[""e01"",""e06"",""e07"",""e02""],""actions"":[""前行""],""focus"":[""詩人"",""馬"",""青草"",""前行""]}]}",依各 Scene 視覺計畫,"p203_s01｜場景：樓台｜時間：夜晚｜畫面核心：詩人、風｜情緒：平靜｜出現：詩人、樓台、風
p203_s02｜場景：未明示｜畫面核心：詩人｜情緒：平靜｜出現：詩人
p203_s03｜場景：未明示｜時間：春天｜畫面核心：酒、燈火、飲酒｜動作：飲酒｜情緒：平靜｜出現：酒、燈火
p203_s04｜場景：樓台｜畫面核心：詩人、馬、青草、前行｜動作：前行｜情緒：感傷｜出現：詩人、馬、青草、樓台","人物｜詩人
場景｜樓台
物件｜風
物件｜酒
物件｜燈火
動物｜馬
植物｜青草",重複元素：詩人、樓台
204,李商隱,七言律詩,隋宮,"紫泉宮殿鎖煙霞，欲取蕪城作帝家。
玉璽不緣歸日角，錦帆應是到天涯。
於今腐草無螢火，終古垂楊有暮鴉。
地下若逢陳後主，豈宜重問後庭花。","隋朝宮殿鎖在煙霞之中，皇帝還想把遠方江都當成自己的新都城。
如果不是皇位最後落到別人手裡，他乘著華麗錦帆大概還會一路遊到天涯。
如今連當年抓螢火的地方都只剩腐草，只有楊柳下還有暮鴉。
如果隋煬帝在地下遇到同樣亡國的陳後主，恐怕都不好意思再問《後庭花》這種享樂歌曲了。",3,9,visual_plan_v1,draft,"{""v"":""visual_plan_v1"",""entities"":[{""id"":""e01"",""type"":""location"",""label"":""江邊""},{""id"":""e02"",""type"":""location"",""label"":""城中""},{""id"":""e03"",""type"":""location"",""label"":""宮中""},{""id"":""e04"",""type"":""location"",""label"":""古道""},{""id"":""e05"",""type"":""animal"",""label"":""鳥""},{""id"":""e06"",""type"":""plant"",""label"":""青草""},{""id"":""e07"",""type"":""plant"",""label"":""柳樹""},{""id"":""e08"",""type"":""plant"",""label"":""花樹""},{""id"":""e09"",""type"":""location"",""label"":""庭院""}],""continuity"":{""recurring_entities"":[]},""scenes"":[{""id"":""p204_s01"",""setting"":""江邊"",""time"":""未明示"",""mood"":""平靜"",""entities"":[""e01"",""e02"",""e03""],""actions"":[],""focus"":[]},{""id"":""p204_s02"",""setting"":""古道"",""time"":""未明示"",""mood"":""平靜"",""entities"":[""e04""],""actions"":[],""focus"":[]},{""id"":""p204_s03"",""setting"":""未明示"",""time"":""黃昏"",""mood"":""平靜"",""entities"":[""e05"",""e06"",""e07""],""actions"":[],""focus"":[""鳥"",""青草"",""柳樹""]},{""id"":""p204_s04"",""setting"":""庭院"",""time"":""未明示"",""mood"":""平靜"",""entities"":[""e08"",""e09""],""actions"":[],""focus"":[""花樹""]}]}",依各 Scene 視覺計畫,"p204_s01｜場景：江邊｜畫面核心：｜情緒：平靜｜出現：江邊、城中、宮中
p204_s02｜場景：古道｜畫面核心：｜情緒：平靜｜出現：古道
p204_s03｜場景：未明示｜時間：黃昏｜畫面核心：鳥、青草、柳樹｜情緒：平靜｜出現：鳥、青草、柳樹
p204_s04｜場景：庭院｜畫面核心：花樹｜情緒：平靜｜出現：花樹、庭院","場景｜江邊
場景｜城中
場景｜宮中
場景｜古道
動物｜鳥
植物｜青草
植物｜柳樹
植物｜花樹
場景｜庭院",
205,李商隱,七言律詩,無題二首之一,"來是空言去絕蹤，月斜樓上五更鐘。
夢為遠別啼難喚，書被催成墨未濃。
蠟照半籠金翡翠，麝熏微度繡芙蓉。
劉郎已恨蓬山遠，更隔蓬山一萬重！","你說要來卻成了空話，離開後也完全沒有消息；月亮西斜，樓上已響起五更鐘。
夢裡因遠別哭得難受，想喊也喊不醒；醒來急著寫信，連墨都還沒磨濃。
蠟燭光半照著金色翡翠屏風，麝香淡淡飄過繡著芙蓉的被褥。
古人已嫌仙山遙遠，而我和你之間彷彿還隔著千萬重仙山，更難相見。",3,9,visual_plan_v1,draft,"{""v"":""visual_plan_v1"",""entities"":[{""id"":""e01"",""type"":""location"",""label"":""樓台""},{""id"":""e02"",""type"":""object"",""label"":""月亮""},{""id"":""e03"",""type"":""object"",""label"":""鐘""},{""id"":""e04"",""type"":""object"",""label"":""風""},{""id"":""e05"",""type"":""object"",""label"":""燈火""},{""id"":""e06"",""type"":""character"",""label"":""詩人""}],""continuity"":{""recurring_entities"":[]},""scenes"":[{""id"":""p205_s01"",""setting"":""樓台"",""time"":""未明示"",""mood"":""平靜"",""entities"":[""e01"",""e02"",""e03""],""actions"":[],""focus"":[""月亮"",""鐘""]},{""id"":""p205_s02"",""setting"":""未明示"",""time"":""未明示"",""mood"":""平靜"",""entities"":[],""actions"":[""哭泣""],""focus"":[""哭泣""]},{""id"":""p205_s03"",""setting"":""未明示"",""time"":""未明示"",""mood"":""平靜"",""entities"":[""e04"",""e05""],""actions"":[],""focus"":[""風"",""燈火""]},{""id"":""p205_s04"",""setting"":""未明示"",""time"":""未明示"",""mood"":""平靜"",""entities"":[""e06""],""actions"":[],""focus"":[""詩人""]}]}",依各 Scene 視覺計畫,"p205_s01｜場景：樓台｜畫面核心：月亮、鐘｜情緒：平靜｜出現：樓台、月亮、鐘
p205_s02｜場景：未明示｜畫面核心：哭泣｜動作：哭泣｜情緒：平靜
p205_s03｜場景：未明示｜畫面核心：風、燈火｜情緒：平靜｜出現：風、燈火
p205_s04｜場景：未明示｜畫面核心：詩人｜情緒：平靜｜出現：詩人","場景｜樓台
物件｜月亮
物件｜鐘
物件｜風
物件｜燈火
人物｜詩人",
206,李商隱,七言律詩,無題二首之二,"颯颯東風細雨來，芙蓉塘外有輕雷。
金蟾齧鎖燒香入，玉虎牽絲汲井回。
賈氏窺簾韓掾少，宓妃留枕魏王才。
春心莫共花爭發，一寸相思一寸灰。","東風颯颯吹來細雨，荷花池外還傳來輕輕雷聲。
香爐穿過金蟾形的鎖扣吐出香煙，井邊玉虎滑輪拉著井繩上下。
古代賈家女子隔簾偷看英俊青年，洛水女神也因曹植才華留下傳說。
春天的心不要像花一樣一起盛開，因為每一寸相思都會燒成一寸灰。",3,9,visual_plan_v1,draft,"{""v"":""visual_plan_v1"",""entities"":[{""id"":""e01"",""type"":""plant"",""label"":""花樹""},{""id"":""e02"",""type"":""plant"",""label"":""荷花""},{""id"":""e03"",""type"":""object"",""label"":""雨""},{""id"":""e04"",""type"":""object"",""label"":""風""},{""id"":""e05"",""type"":""character"",""label"":""女子""},{""id"":""e06"",""type"":""location"",""label"":""房間""}],""continuity"":{""recurring_entities"":[""e01""]},""scenes"":[{""id"":""p206_s01"",""setting"":""未明示"",""time"":""未明示"",""mood"":""平靜"",""entities"":[""e01"",""e02"",""e03"",""e04""],""actions"":[],""focus"":[""花樹"",""荷花"",""雨"",""風""]},{""id"":""p206_s02"",""setting"":""未明示"",""time"":""未明示"",""mood"":""平靜"",""entities"":[],""actions"":[],""focus"":[]},{""id"":""p206_s03"",""setting"":""房間"",""time"":""未明示"",""mood"":""平靜"",""entities"":[""e05"",""e06""],""actions"":[""看望""],""focus"":[""女子"",""看望""]},{""id"":""p206_s04"",""setting"":""未明示"",""time"":""春天"",""mood"":""思念"",""entities"":[""e01""],""actions"":[""思念""],""focus"":[""花樹"",""思念""]}]}",依各 Scene 視覺計畫,"p206_s01｜場景：未明示｜畫面核心：花樹、荷花、雨、風｜情緒：平靜｜出現：花樹、荷花、雨、風
p206_s02｜場景：未明示｜畫面核心：｜情緒：平靜
p206_s03｜場景：房間｜畫面核心：女子、看望｜動作：看望｜情緒：平靜｜出現：女子、房間
p206_s04｜場景：未明示｜時間：春天｜畫面核心：花樹、思念｜動作：思念｜情緒：思念｜出現：花樹","植物｜花樹
植物｜荷花
物件｜雨
物件｜風
人物｜女子
場景｜房間",重複元素：花樹
207,李商隱,七言律詩,籌筆驛,"猿鳥猶疑畏簡書，風雲常爲護儲胥。
徒令上將揮神筆，終見降王走傳車。
管樂有才真不忝，關張無命欲何如？
他年錦裏經祠廟，梁父吟成恨有餘。","籌筆驛附近的猿鳥彷彿還怕諸葛亮昔日軍令，風雲也像仍在守護營壘。
可惜再高明的主將揮動神妙計策，最後還是看到後主投降、坐車被送走。
諸葛亮才華比得上管仲樂毅，絕不愧對名聲；但關羽張飛早逝又能怎麼辦？
後來我經過成都祠廟，想起他的《梁父吟》，仍覺得留下太多遺憾。",3,9,visual_plan_v1,draft,"{""v"":""visual_plan_v1"",""entities"":[{""id"":""e01"",""type"":""animal"",""label"":""鳥""},{""id"":""e02"",""type"":""animal"",""label"":""猿""},{""id"":""e03"",""type"":""object"",""label"":""雲""},{""id"":""e04"",""type"":""object"",""label"":""風""},{""id"":""e05"",""type"":""location"",""label"":""關塞""},{""id"":""e06"",""type"":""character"",""label"":""詩人""}],""continuity"":{""recurring_entities"":[]},""scenes"":[{""id"":""p207_s01"",""setting"":""未明示"",""time"":""未明示"",""mood"":""平靜"",""entities"":[""e01"",""e02"",""e03"",""e04""],""actions"":[],""focus"":[""鳥"",""猿"",""雲"",""風""]},{""id"":""p207_s02"",""setting"":""未明示"",""time"":""未明示"",""mood"":""感傷"",""entities"":[],""actions"":[""看望"",""前行""],""focus"":[""看望"",""前行""]},{""id"":""p207_s03"",""setting"":""關塞"",""time"":""未明示"",""mood"":""平靜"",""entities"":[""e05""],""actions"":[],""focus"":[]},{""id"":""p207_s04"",""setting"":""未明示"",""time"":""未明示"",""mood"":""平靜"",""entities"":[""e06""],""actions"":[],""focus"":[""詩人""]}]}",依各 Scene 視覺計畫,"p207_s01｜場景：未明示｜畫面核心：鳥、猿、雲、風｜情緒：平靜｜出現：鳥、猿、雲、風
p207_s02｜場景：未明示｜畫面核心：看望、前行｜動作：看望、前行｜情緒：感傷
p207_s03｜場景：關塞｜畫面核心：｜情緒：平靜｜出現：關塞
p207_s04｜場景：未明示｜畫面核心：詩人｜情緒：平靜｜出現：詩人","動物｜鳥
動物｜猿
物件｜雲
物件｜風
場景｜關塞
人物｜詩人",
208,李商隱,七言律詩,無題,"相見時難別亦難，東風無力百花殘。
春蠶到死絲方盡，蠟炬成灰淚始乾。
曉鏡但愁雲鬢改，夜吟應覺月光寒。
蓬山此去無多路，青鳥殷勤為探看。","相見本來就很難，分別也同樣難；東風已沒力，百花也快凋謝。
春蠶到死才把絲吐完，蠟燭燒成灰時蠟淚才會乾，像思念直到生命盡頭也不停。
早晨照鏡只怕頭髮變白，夜裡吟詩時你大概也會覺得月光特別寒冷。
你住的地方離仙山般的遠處其實不算太遠，希望青鳥能常替我探望、傳消息。",4,9,visual_plan_v1,draft,"{""v"":""visual_plan_v1"",""entities"":[{""id"":""e01"",""type"":""plant"",""label"":""花樹""},{""id"":""e02"",""type"":""object"",""label"":""風""},{""id"":""e03"",""type"":""object"",""label"":""燈火""},{""id"":""e04"",""type"":""object"",""label"":""月亮""},{""id"":""e05"",""type"":""object"",""label"":""雲""},{""id"":""e06"",""type"":""character"",""label"":""詩人""},{""id"":""e07"",""type"":""animal"",""label"":""鳥""},{""id"":""e08"",""type"":""location"",""label"":""古道""}],""continuity"":{""recurring_entities"":[]},""scenes"":[{""id"":""p208_s01"",""setting"":""未明示"",""time"":""未明示"",""mood"":""平靜"",""entities"":[""e01"",""e02""],""actions"":[],""focus"":[""花樹"",""風""]},{""id"":""p208_s02"",""setting"":""未明示"",""time"":""春天"",""mood"":""思念"",""entities"":[""e03""],""actions"":[""哭泣""],""focus"":[""燈火"",""哭泣""]},{""id"":""p208_s03"",""setting"":""未明示"",""time"":""清晨"",""mood"":""平靜"",""entities"":[""e04"",""e05""],""actions"":[],""focus"":[""月亮"",""雲""]},{""id"":""p208_s04"",""setting"":""古道"",""time"":""未明示"",""mood"":""平靜"",""entities"":[""e06"",""e07"",""e08""],""actions"":[""看望""],""focus"":[""詩人"",""鳥"",""看望""]}]}",依各 Scene 視覺計畫,"p208_s01｜場景：未明示｜畫面核心：花樹、風｜情緒：平靜｜出現：花樹、風
p208_s02｜場景：未明示｜時間：春天｜畫面核心：燈火、哭泣｜動作：哭泣｜情緒：思念｜出現：燈火
p208_s03｜場景：未明示｜時間：清晨｜畫面核心：月亮、雲｜情緒：平靜｜出現：月亮、雲
p208_s04｜場景：古道｜畫面核心：詩人、鳥、看望｜動作：看望｜情緒：平靜｜出現：詩人、鳥、古道","植物｜花樹
物件｜風
物件｜燈火
物件｜月亮
物件｜雲
人物｜詩人
動物｜鳥
場景｜古道",
209,李商隱,七言律詩,春雨,"悵臥新春白袷衣，白門寥落意多違。
紅樓隔雨相望冷，珠箔飄燈獨自歸。
遠路應悲春晼晚，殘霄猶得夢依稀。
玉璫緘札何由達，萬里雲羅一雁飛。","新春裡我穿著白衣惆悵躺著，白門一帶冷清，很多心願都不如意。
隔著雨望紅樓，只覺得又遠又冷；燈影在珠簾旁飄動，我還是一個人回去。
遠路上的你大概也會為春天將晚而難過，剩下的夜裡我們也許還能在夢中模糊相見。
寫好的信和玉飾要怎麼送到你手上？萬里雲天裡只看見一隻大雁飛過。",3,9,visual_plan_v1,draft,"{""v"":""visual_plan_v1"",""entities"":[{""id"":""e01"",""type"":""character"",""label"":""詩人""},{""id"":""e02"",""type"":""location"",""label"":""房間""},{""id"":""e03"",""type"":""location"",""label"":""樓台""},{""id"":""e04"",""type"":""object"",""label"":""雨""},{""id"":""e05"",""type"":""object"",""label"":""燈火""},{""id"":""e06"",""type"":""location"",""label"":""古道""},{""id"":""e07"",""type"":""animal"",""label"":""鳥""},{""id"":""e08"",""type"":""object"",""label"":""雲""}],""continuity"":{""recurring_entities"":[""e01""]},""scenes"":[{""id"":""p209_s01"",""setting"":""未明示"",""time"":""春天"",""mood"":""平靜"",""entities"":[""e01""],""actions"":[],""focus"":[""詩人""]},{""id"":""p209_s02"",""setting"":""房間"",""time"":""未明示"",""mood"":""平靜"",""entities"":[""e01"",""e02"",""e03"",""e04"",""e05""],""actions"":[""看望"",""前行""],""focus"":[""詩人"",""雨"",""燈火"",""看望"",""前行""]},{""id"":""p209_s03"",""setting"":""古道"",""time"":""夜晚"",""mood"":""感傷"",""entities"":[""e01"",""e06""],""actions"":[],""focus"":[""詩人""]},{""id"":""p209_s04"",""setting"":""未明示"",""time"":""未明示"",""mood"":""平靜"",""entities"":[""e07"",""e08""],""actions"":[""看望""],""focus"":[""鳥"",""雲"",""看望""]}]}",依各 Scene 視覺計畫,"p209_s01｜場景：未明示｜時間：春天｜畫面核心：詩人｜情緒：平靜｜出現：詩人
p209_s02｜場景：房間｜畫面核心：詩人、雨、燈火、看望、前行｜動作：看望、前行｜情緒：平靜｜出現：詩人、房間、樓台、雨、燈火
p209_s03｜場景：古道｜時間：夜晚｜畫面核心：詩人｜情緒：感傷｜出現：詩人、古道
p209_s04｜場景：未明示｜畫面核心：鳥、雲、看望｜動作：看望｜情緒：平靜｜出現：鳥、雲","人物｜詩人
場景｜房間
場景｜樓台
物件｜雨
物件｜燈火
場景｜古道
動物｜鳥
物件｜雲",重複元素：詩人
210,李商隱,七言律詩,無題二首之一,"鳳尾香羅薄幾重，碧文圓頂夜深縫。
扇裁月魄羞難掩，車走雷聲語未通。
曾是寂寥金燼暗，斷無消息石榴紅。
斑騅只繫垂楊岸，何處西南待好風。","鳳尾花紋的薄香羅一層又一層，深夜還在有碧紋圓頂的房中縫製。
扇子圓得像月亮，想遮羞也遮不住；車聲像雷一樣經過，卻連一句話都來不及說。
曾經只能在燈芯將滅的寂寞夜裡等待，如今石榴紅了，還是沒有消息。
花斑馬只繫在垂柳岸邊，不知道要等哪裡吹來的好風，才能帶來相見機會。",3,9,visual_plan_v1,draft,"{""v"":""visual_plan_v1"",""entities"":[{""id"":""e01"",""type"":""plant"",""label"":""花樹""},{""id"":""e02"",""type"":""location"",""label"":""房間""},{""id"":""e03"",""type"":""object"",""label"":""月亮""},{""id"":""e04"",""type"":""object"",""label"":""燈火""},{""id"":""e05"",""type"":""object"",""label"":""石陣""},{""id"":""e06"",""type"":""animal"",""label"":""馬""},{""id"":""e07"",""type"":""plant"",""label"":""柳樹""},{""id"":""e08"",""type"":""object"",""label"":""風""}],""continuity"":{""recurring_entities"":[""e01""]},""scenes"":[{""id"":""p210_s01"",""setting"":""房間"",""time"":""夜晚"",""mood"":""平靜"",""entities"":[""e01"",""e02""],""actions"":[],""focus"":[""花樹""]},{""id"":""p210_s02"",""setting"":""未明示"",""time"":""未明示"",""mood"":""平靜"",""entities"":[""e03""],""actions"":[],""focus"":[""月亮""]},{""id"":""p210_s03"",""setting"":""未明示"",""time"":""夜晚"",""mood"":""孤寂"",""entities"":[""e04"",""e05""],""actions"":[""等待""],""focus"":[""燈火"",""石陣"",""等待""]},{""id"":""p210_s04"",""setting"":""未明示"",""time"":""未明示"",""mood"":""平靜"",""entities"":[""e06"",""e01"",""e07"",""e08""],""actions"":[],""focus"":[""馬"",""花樹"",""柳樹"",""風""]}]}",依各 Scene 視覺計畫,"p210_s01｜場景：房間｜時間：夜晚｜畫面核心：花樹｜情緒：平靜｜出現：花樹、房間
p210_s02｜場景：未明示｜畫面核心：月亮｜情緒：平靜｜出現：月亮
p210_s03｜場景：未明示｜時間：夜晚｜畫面核心：燈火、石陣、等待｜動作：等待｜情緒：孤寂｜出現：燈火、石陣
p210_s04｜場景：未明示｜畫面核心：馬、花樹、柳樹、風｜情緒：平靜｜出現：馬、花樹、柳樹、風","植物｜花樹
場景｜房間
物件｜月亮
物件｜燈火
物件｜石陣
動物｜馬
植物｜柳樹
物件｜風",重複元素：花樹
211,李商隱,七言律詩,無題二首之二,"重帷深下莫愁堂，臥後清宵細細長。
神女生涯原是夢，小姑居處本無郎。
風波不信菱枝弱，月露誰教桂葉香。
直道相思了無益，未妨惆悵是清狂。","重重帷幕垂在深深房中，躺下後清靜夜晚顯得格外漫長。
傳說神女相會本來只是一場夢，小姑獨居也原本沒有丈夫陪伴。
風浪不會因菱枝柔弱就放過它，月露也沒有人特地叫桂葉散出香氣。
明知道相思沒有實際用處，我仍願保留這份惆悵，哪怕別人覺得有點癡狂。",3,9,visual_plan_v1,draft,"{""v"":""visual_plan_v1"",""entities"":[{""id"":""e01"",""type"":""location"",""label"":""房間""},{""id"":""e02"",""type"":""object"",""label"":""月亮""},{""id"":""e03"",""type"":""object"",""label"":""風""},{""id"":""e04"",""type"":""object"",""label"":""露水""},{""id"":""e05"",""type"":""character"",""label"":""詩人""}],""continuity"":{""recurring_entities"":[]},""scenes"":[{""id"":""p211_s01"",""setting"":""房間"",""time"":""夜晚"",""mood"":""平靜"",""entities"":[""e01""],""actions"":[],""focus"":[]},{""id"":""p211_s02"",""setting"":""未明示"",""time"":""未明示"",""mood"":""平靜"",""entities"":[],""actions"":[],""focus"":[]},{""id"":""p211_s03"",""setting"":""未明示"",""time"":""未明示"",""mood"":""平靜"",""entities"":[""e02"",""e03"",""e04""],""actions"":[],""focus"":[""月亮"",""風"",""露水""]},{""id"":""p211_s04"",""setting"":""未明示"",""time"":""未明示"",""mood"":""思念"",""entities"":[""e05""],""actions"":[""思念""],""focus"":[""詩人"",""思念""]}]}",依各 Scene 視覺計畫,"p211_s01｜場景：房間｜時間：夜晚｜畫面核心：｜情緒：平靜｜出現：房間
p211_s02｜場景：未明示｜畫面核心：｜情緒：平靜
p211_s03｜場景：未明示｜畫面核心：月亮、風、露水｜情緒：平靜｜出現：月亮、風、露水
p211_s04｜場景：未明示｜畫面核心：詩人、思念｜動作：思念｜情緒：思念｜出現：詩人","場景｜房間
物件｜月亮
物件｜風
物件｜露水
人物｜詩人",
212,溫庭筠,七言律詩,利州南渡,"澹然空水對斜暉，曲島蒼茫接翠微。
波上馬嘶看棹去，柳邊人歇待船歸。
數叢沙草群鷗散，萬頃江田一鷺飛。
誰解乘舟尋范蠡，五湖煙水獨忘機。","夕陽下水面空闊安靜，彎曲島嶼在遠處和青山連在一起。
波上傳來馬叫，看著船槳划走；柳樹邊有人休息，等渡船回來。
幾叢沙草旁海鷗一下飛散，萬頃江田上只有一隻白鷺飛過。
誰能像范蠡那樣乘舟遠去，在五湖煙水裡真正忘掉世間機巧和名利呢？",2,9,visual_plan_v1,draft,"{""v"":""visual_plan_v1"",""entities"":[{""id"":""e01"",""type"":""location"",""label"":""山中""},{""id"":""e02"",""type"":""object"",""label"":""太陽""},{""id"":""e03"",""type"":""animal"",""label"":""馬""},{""id"":""e04"",""type"":""plant"",""label"":""柳樹""},{""id"":""e05"",""type"":""plant"",""label"":""樹木""},{""id"":""e06"",""type"":""location"",""label"":""船上""},{""id"":""e07"",""type"":""object"",""label"":""小船""},{""id"":""e08"",""type"":""animal"",""label"":""鳥""},{""id"":""e09"",""type"":""plant"",""label"":""青草""},{""id"":""e10"",""type"":""location"",""label"":""江邊""},{""id"":""e11"",""type"":""location"",""label"":""海邊""},{""id"":""e12"",""type"":""location"",""label"":""田野""},{""id"":""e13"",""type"":""location"",""label"":""湖邊""}],""continuity"":{""recurring_entities"":[""e06"",""e07""]},""scenes"":[{""id"":""p212_s01"",""setting"":""山中"",""time"":""黃昏"",""mood"":""安靜"",""entities"":[""e01"",""e02""],""actions"":[],""focus"":[""太陽""]},{""id"":""p212_s02"",""setting"":""船上"",""time"":""未明示"",""mood"":""平靜"",""entities"":[""e03"",""e04"",""e05"",""e06"",""e07""],""actions"":[""看望"",""前行""],""focus"":[""馬"",""柳樹"",""樹木"",""小船"",""看望""]},{""id"":""p212_s03"",""setting"":""江邊"",""time"":""未明示"",""mood"":""平靜"",""entities"":[""e08"",""e09"",""e10"",""e11"",""e12""],""actions"":[],""focus"":[""鳥"",""青草""]},{""id"":""p212_s04"",""setting"":""湖邊"",""time"":""未明示"",""mood"":""平靜"",""entities"":[""e13"",""e06"",""e07""],""actions"":[""前行""],""focus"":[""小船"",""前行""]}]}",依各 Scene 視覺計畫,"p212_s01｜場景：山中｜時間：黃昏｜畫面核心：太陽｜情緒：安靜｜出現：山中、太陽
p212_s02｜場景：船上｜畫面核心：馬、柳樹、樹木、小船、看望｜動作：看望、前行｜情緒：平靜｜出現：馬、柳樹、樹木、船上、小船
p212_s03｜場景：江邊｜畫面核心：鳥、青草｜情緒：平靜｜出現：鳥、青草、江邊、海邊、田野
p212_s04｜場景：湖邊｜畫面核心：小船、前行｜動作：前行｜情緒：平靜｜出現：湖邊、船上、小船","場景｜山中
物件｜太陽
動物｜馬
植物｜柳樹
植物｜樹木
場景｜船上
物件｜小船
動物｜鳥
植物｜青草
場景｜江邊
場景｜海邊
場景｜田野
場景｜湖邊",重複元素：船上、小船
213,溫庭筠,七言律詩,蘇武廟,"蘇武魂銷漢使前，古祠高樹兩茫然。
雲邊雁斷胡天月，隴上羊歸塞草煙。
回日樓臺非甲帳，去時冠劍是丁年。
茂陵不見封侯印，空向秋波哭逝川。","蘇武當年終於見到漢朝使者，激動得幾乎失去魂魄；如今只剩古祠和高樹茫然相對。
北方天邊大雁稀少，只有胡地月色；羊群從隴上回來，邊草間升著煙霧。
回漢朝時看到的宮殿已不是離開時模樣，而他出使時還是佩冠帶劍的青年。
回來後漢武帝已葬茂陵，無法親自看到他的忠節，他只能面對秋水感嘆歲月流逝。",2,9,visual_plan_v1,draft,"{""v"":""visual_plan_v1"",""entities"":[{""id"":""e01"",""type"":""plant"",""label"":""樹木""},{""id"":""e02"",""type"":""animal"",""label"":""鳥""},{""id"":""e03"",""type"":""plant"",""label"":""青草""},{""id"":""e04"",""type"":""location"",""label"":""關塞""},{""id"":""e05"",""type"":""object"",""label"":""月亮""},{""id"":""e06"",""type"":""object"",""label"":""雲""},{""id"":""e07"",""type"":""location"",""label"":""宮中""},{""id"":""e08"",""type"":""location"",""label"":""樓台""},{""id"":""e09"",""type"":""location"",""label"":""溪流""}],""continuity"":{""recurring_entities"":[""e05""]},""scenes"":[{""id"":""p213_s01"",""setting"":""未明示"",""time"":""未明示"",""mood"":""平靜"",""entities"":[""e01""],""actions"":[""前行""],""focus"":[""樹木"",""前行""]},{""id"":""p213_s02"",""setting"":""關塞"",""time"":""未明示"",""mood"":""平靜"",""entities"":[""e02"",""e03"",""e04"",""e05"",""e06""],""actions"":[],""focus"":[""鳥"",""青草"",""月亮"",""雲""]},{""id"":""p213_s03"",""setting"":""宮中"",""time"":""未明示"",""mood"":""平靜"",""entities"":[""e07"",""e08""],""actions"":[""看望""],""focus"":[""看望""]},{""id"":""p213_s04"",""setting"":""溪流"",""time"":""秋天"",""mood"":""平靜"",""entities"":[""e09"",""e05""],""actions"":[""看望""],""focus"":[""月亮"",""看望""]}]}",依各 Scene 視覺計畫,"p213_s01｜場景：未明示｜畫面核心：樹木、前行｜動作：前行｜情緒：平靜｜出現：樹木
p213_s02｜場景：關塞｜畫面核心：鳥、青草、月亮、雲｜情緒：平靜｜出現：鳥、青草、關塞、月亮、雲
p213_s03｜場景：宮中｜畫面核心：看望｜動作：看望｜情緒：平靜｜出現：宮中、樓台
p213_s04｜場景：溪流｜時間：秋天｜畫面核心：月亮、看望｜動作：看望｜情緒：平靜｜出現：溪流、月亮","植物｜樹木
動物｜鳥
植物｜青草
場景｜關塞
物件｜月亮
物件｜雲
場景｜宮中
場景｜樓台
場景｜溪流",重複元素：月亮
214,薛逢,七言律詩,宮詞,"十二樓中盡曉妝，望仙樓上望君王。
鎖銜金獸連環冷，水滴銅龍晝漏長。
雲髻罷梳還對鏡，羅衣欲換更添香。
遙窺正殿簾開處，袍袴宮人掃御床。","十二座宮樓裡的宮女清晨全都梳妝，在望仙樓上等待皇帝出現。
宮門金獸銜著冰冷鎖環，銅製漏壺一滴滴計時，白天顯得特別漫長。
頭髮梳好後又對鏡查看，想換衣服時還要再添香氣。
遠遠偷看正殿簾子打開，只見穿袍褲的宮人正在打掃皇帝床榻。",1,9,visual_plan_v1,draft,"{""v"":""visual_plan_v1"",""entities"":[{""id"":""e01"",""type"":""character"",""label"":""宮女""},{""id"":""e02"",""type"":""location"",""label"":""宮中""},{""id"":""e03"",""type"":""location"",""label"":""樓台""},{""id"":""e04"",""type"":""object"",""label"":""雲""},{""id"":""e05"",""type"":""location"",""label"":""房間""},{""id"":""e06"",""type"":""object"",""label"":""床""}],""continuity"":{""recurring_entities"":[""e02""]},""scenes"":[{""id"":""p214_s01"",""setting"":""宮中"",""time"":""清晨"",""mood"":""平靜"",""entities"":[""e01"",""e02"",""e03""],""actions"":[""看望"",""等待""],""focus"":[""宮女"",""看望"",""等待""]},{""id"":""p214_s02"",""setting"":""宮中"",""time"":""未明示"",""mood"":""平靜"",""entities"":[""e02""],""actions"":[],""focus"":[]},{""id"":""p214_s03"",""setting"":""未明示"",""time"":""未明示"",""mood"":""平靜"",""entities"":[""e04""],""actions"":[""看望""],""focus"":[""雲"",""看望""]},{""id"":""p214_s04"",""setting"":""房間"",""time"":""未明示"",""mood"":""平靜"",""entities"":[""e05"",""e02"",""e06""],""actions"":[""看望""],""focus"":[""床"",""看望""]}]}",依各 Scene 視覺計畫,"p214_s01｜場景：宮中｜時間：清晨｜畫面核心：宮女、看望、等待｜動作：看望、等待｜情緒：平靜｜出現：宮女、宮中、樓台
p214_s02｜場景：宮中｜畫面核心：｜情緒：平靜｜出現：宮中
p214_s03｜場景：未明示｜畫面核心：雲、看望｜動作：看望｜情緒：平靜｜出現：雲
p214_s04｜場景：房間｜畫面核心：床、看望｜動作：看望｜情緒：平靜｜出現：房間、宮中、床","人物｜宮女
場景｜宮中
場景｜樓台
物件｜雲
場景｜房間
物件｜床",重複元素：宮中
215,秦韜玉,七言律詩,貧女,"蓬門未識綺羅香，擬託良媒益自傷。
誰愛風流高格調，共憐時世儉梳妝。
敢將十指誇偏巧，不把雙眉鬬畫長。
苦恨年年壓金線，爲他人作嫁衣裳。","我住在簡陋家門，從沒享受過華麗絲衣，想到要靠媒人找婚事反而更傷心。
世上有誰真正欣賞高雅品格？大家反而只稱讚符合流行的簡單打扮。
我十根手指很靈巧，卻不拿來炫耀；也不靠把眉毛畫得更長和別人比美。
最難過的是年年替別人刺繡金線、做嫁衣，自己卻一直沒有好歸宿。",1,9,visual_plan_v1,draft,"{""v"":""visual_plan_v1"",""entities"":[{""id"":""e01"",""type"":""character"",""label"":""詩人""},{""id"":""e02"",""type"":""object"",""label"":""風""}],""continuity"":{""recurring_entities"":[""e01""]},""scenes"":[{""id"":""p215_s01"",""setting"":""未明示"",""time"":""未明示"",""mood"":""感傷"",""entities"":[""e01""],""actions"":[],""focus"":[""詩人""]},{""id"":""p215_s02"",""setting"":""未明示"",""time"":""未明示"",""mood"":""平靜"",""entities"":[""e02""],""actions"":[""前行""],""focus"":[""風"",""前行""]},{""id"":""p215_s03"",""setting"":""未明示"",""time"":""未明示"",""mood"":""平靜"",""entities"":[""e01""],""actions"":[],""focus"":[""詩人""]},{""id"":""p215_s04"",""setting"":""未明示"",""time"":""未明示"",""mood"":""感傷"",""entities"":[],""actions"":[""前行""],""focus"":[""前行""]}]}",依各 Scene 視覺計畫,"p215_s01｜場景：未明示｜畫面核心：詩人｜情緒：感傷｜出現：詩人
p215_s02｜場景：未明示｜畫面核心：風、前行｜動作：前行｜情緒：平靜｜出現：風
p215_s03｜場景：未明示｜畫面核心：詩人｜情緒：平靜｜出現：詩人
p215_s04｜場景：未明示｜畫面核心：前行｜動作：前行｜情緒：感傷","人物｜詩人
物件｜風",重複元素：詩人
216,沈佺期,七言樂府,獨不見,"盧家少婦鬱金堂，海燕雙棲玳瑁梁。
九月寒砧催木葉，十年征戍憶遼陽。
白狼河北音書斷，丹鳳城南秋夜長。
誰為含愁獨不見，更教明月照流黃。","盧家少婦住在華麗房中，屋梁上成雙燕子一起棲息。
九月搗衣聲催著樹葉落下，她卻想著丈夫已遠征遼陽十年。
白狼河北方一直沒有書信，長安城南的秋夜因此顯得特別漫長。
還有誰像她這樣含著愁、獨自等不到心愛的人，又偏偏讓明月照著空房呢？",1,9,visual_plan_v1,draft,"{""v"":""visual_plan_v1"",""entities"":[{""id"":""e01"",""type"":""animal"",""label"":""鳥""},{""id"":""e02"",""type"":""location"",""label"":""海邊""},{""id"":""e03"",""type"":""location"",""label"":""房間""},{""id"":""e04"",""type"":""plant"",""label"":""樹木""},{""id"":""e05"",""type"":""object"",""label"":""月亮""},{""id"":""e06"",""type"":""location"",""label"":""河岸""},{""id"":""e07"",""type"":""location"",""label"":""城中""}],""continuity"":{""recurring_entities"":[""e03"",""e05""]},""scenes"":[{""id"":""p216_s01"",""setting"":""海邊"",""time"":""未明示"",""mood"":""平靜"",""entities"":[""e01"",""e02"",""e03""],""actions"":[],""focus"":[""鳥""]},{""id"":""p216_s02"",""setting"":""未明示"",""time"":""未明示"",""mood"":""平靜"",""entities"":[""e04"",""e05""],""actions"":[],""focus"":[""樹木"",""月亮""]},{""id"":""p216_s03"",""setting"":""河岸"",""time"":""夜晚"",""mood"":""平靜"",""entities"":[""e06"",""e07""],""actions"":[],""focus"":[]},{""id"":""p216_s04"",""setting"":""房間"",""time"":""夜晚"",""mood"":""平靜"",""entities"":[""e03"",""e05""],""actions"":[],""focus"":[""月亮""]}]}",依各 Scene 視覺計畫,"p216_s01｜場景：海邊｜畫面核心：鳥｜情緒：平靜｜出現：鳥、海邊、房間
p216_s02｜場景：未明示｜畫面核心：樹木、月亮｜情緒：平靜｜出現：樹木、月亮
p216_s03｜場景：河岸｜時間：夜晚｜畫面核心：｜情緒：平靜｜出現：河岸、城中
p216_s04｜場景：房間｜時間：夜晚｜畫面核心：月亮｜情緒：平靜｜出現：房間、月亮","動物｜鳥
場景｜海邊
場景｜房間
植物｜樹木
物件｜月亮
場景｜河岸
場景｜城中",重複元素：房間、月亮
217,王維,五言絕句,鹿柴,"空山不見人，但聞人語響。
返景入深林，復照青苔上。","空空山裡看不到人，卻聽見遠處有人說話的回聲。
夕陽反射的光照進深林，又落在青苔上，讓幽暗山林亮起一小片。",4,6,visual_plan_v2,approved,"{""v"":""visual_plan_v2"",""world"":""幽靜深山森林；空寂，最後由夕陽光束點亮"",""entities"":[{""id"":""forest"",""type"":""location"",""label"":""深山森林"",""detail"":""高大樹木、青苔、幽暗林下""},{""id"":""moss"",""type"":""plant"",""label"":""青苔""},{""id"":""light"",""type"":""light"",""label"":""夕陽反光""}],""scenes"":[{""id"":""p217_s01"",""setting"":""空山林間"",""time"":""傍晚前"",""focus"":""空無人影的山林"",""action"":""只呈現遠處人語回聲感，不出現人物"",""entities"":[""forest""]},{""id"":""p217_s02"",""setting"":""同一深林"",""time"":""傍晚"",""focus"":""夕陽落在青苔"",""action"":""一道暖光穿林照亮青苔"",""entities"":[""forest"",""moss"",""light""]}],""continuity_rules"":[""兩幕固定同一座山林"",""不要因人語加入可見人物"",""S02只在S01基礎上增加夕陽光束""]}",幽靜深山森林；空寂，最後由夕陽光束點亮,"p217_s01｜場景：空山林間｜時間：傍晚前｜畫面核心：空無人影的山林｜動作：只呈現遠處人語回聲感，不出現人物｜出現：深山森林
p217_s02｜場景：同一深林｜時間：傍晚｜畫面核心：夕陽落在青苔｜動作：一道暖光穿林照亮青苔｜出現：深山森林、青苔、夕陽反光","場景｜深山森林｜高大樹木、青苔、幽暗林下
植物｜青苔
光線｜夕陽反光","兩幕固定同一座山林
不要因人語加入可見人物
S02只在S01基礎上增加夕陽光束"
218,王維,五言絕句,竹里館,"獨坐幽篁裏，彈琴復長嘯。
深林人不知，明月來相照。","我一個人坐在幽深竹林裡，一邊彈琴，一邊放聲長嘯。
深林裡沒有人知道我在這裡，只有明月來陪伴、照著我。",4,7,visual_plan_v1,draft,"{""v"":""visual_plan_v1"",""entities"":[{""id"":""e01"",""type"":""character"",""label"":""詩人""},{""id"":""e02"",""type"":""plant"",""label"":""竹子""},{""id"":""e03"",""type"":""location"",""label"":""森林""},{""id"":""e04"",""type"":""object"",""label"":""古琴""},{""id"":""e05"",""type"":""object"",""label"":""月亮""}],""continuity"":{""recurring_entities"":[""e01"",""e03""]},""scenes"":[{""id"":""p218_s01"",""setting"":""森林"",""time"":""未明示"",""mood"":""平靜"",""entities"":[""e01"",""e02"",""e03"",""e04""],""actions"":[""彈奏""],""focus"":[""詩人"",""竹子"",""古琴"",""彈奏""]},{""id"":""p218_s02"",""setting"":""森林"",""time"":""夜晚"",""mood"":""平靜"",""entities"":[""e01"",""e03"",""e05""],""actions"":[],""focus"":[""詩人"",""月亮""]}]}",依各 Scene 視覺計畫,"p218_s01｜場景：森林｜畫面核心：詩人、竹子、古琴、彈奏｜動作：彈奏｜情緒：平靜｜出現：詩人、竹子、森林、古琴
p218_s02｜場景：森林｜時間：夜晚｜畫面核心：詩人、月亮｜情緒：平靜｜出現：詩人、森林、月亮","人物｜詩人
植物｜竹子
場景｜森林
物件｜古琴
物件｜月亮",重複元素：詩人、森林
219,王維,五言絕句,送別,"山中相送罷，日暮掩柴扉。
春草明年綠，王孫歸不歸。","在山中送別朋友後，我到黃昏才關上柴門。
明年春草又會變綠，不知道遠行的你到時會不會回來。",4,6,visual_plan_v2,approved,"{""v"":""visual_plan_v2"",""world"":""山中小屋、柴門與山路；眼前黃昏延伸到想像中的明年春天"",""entities"":[{""id"":""home"",""type"":""location"",""label"":""山中小屋"",""detail"":""柴門、山路、屋前春草""},{""id"":""poet"",""type"":""character"",""label"":""送行者""},{""id"":""friend"",""type"":""character"",""label"":""遠行朋友""},{""id"":""gate"",""type"":""object"",""label"":""柴門""},{""id"":""grass"",""type"":""plant"",""label"":""春草""}],""scenes"":[{""id"":""p219_s01"",""setting"":""山中小屋門前"",""time"":""黃昏"",""focus"":""送別後關柴門"",""action"":""朋友沿山路遠去，送行者回身關門"",""entities"":[""home"",""poet"",""friend"",""gate""]},{""id"":""p219_s02"",""setting"":""同一小屋"",""time"":""想像中的次年春天"",""focus"":""柴門外重新變綠的春草"",""action"":""送行者望向空山路，想朋友是否歸來"",""entities"":[""home"",""poet"",""gate"",""grass""]}],""continuity_rules"":[""固定同一小屋、柴門與山路"",""朋友只在S01遠景離去"",""S02以春草表示時間推進""]}",山中小屋、柴門與山路；眼前黃昏延伸到想像中的明年春天,"p219_s01｜場景：山中小屋門前｜時間：黃昏｜畫面核心：送別後關柴門｜動作：朋友沿山路遠去，送行者回身關門｜出現：山中小屋、送行者、遠行朋友、柴門
p219_s02｜場景：同一小屋｜時間：想像中的次年春天｜畫面核心：柴門外重新變綠的春草｜動作：送行者望向空山路，想朋友是否歸來｜出現：山中小屋、送行者、柴門、春草","場景｜山中小屋｜柴門、山路、屋前春草
人物｜送行者
人物｜遠行朋友
物件｜柴門
植物｜春草","固定同一小屋、柴門與山路
朋友只在S01遠景離去
S02以春草表示時間推進"
220,王維,五言絕句,相思,"紅豆生南國，春來發幾枝。
願君多采擷，此物最相思。","紅豆生長在南方，春天來時不知道會長出多少新枝。
希望你多摘一些，因為大家常用紅豆代表深深的思念。",5,6,visual_plan_v2,approved,"{""v"":""visual_plan_v2"",""world"":""南方春日庭園或山坡；清新、溫柔、以紅豆承載思念"",""entities"":[{""id"":""redbean"",""type"":""plant"",""label"":""紅豆植物"",""detail"":""新綠枝葉與紅豆果實""}],""scenes"":[{""id"":""p220_s01"",""setting"":""南方春日庭園"",""time"":""春日白天"",""focus"":""紅豆新枝"",""action"":""近景呈現紅豆植物萌發新枝"",""entities"":[""redbean""]},{""id"":""p220_s02"",""setting"":""同一株紅豆旁"",""time"":""春日白天"",""focus"":""採下的紅豆"",""action"":""以採摘紅豆的手與果實為核心"",""entities"":[""redbean""]}],""continuity_rules"":[""兩幕使用同一株紅豆植物"",""思念由紅豆本身承載"",""不要額外加入文字或符號""]}",南方春日庭園或山坡；清新、溫柔、以紅豆承載思念,"p220_s01｜場景：南方春日庭園｜時間：春日白天｜畫面核心：紅豆新枝｜動作：近景呈現紅豆植物萌發新枝｜出現：紅豆植物
p220_s02｜場景：同一株紅豆旁｜時間：春日白天｜畫面核心：採下的紅豆｜動作：以採摘紅豆的手與果實為核心｜出現：紅豆植物",植物｜紅豆植物｜新綠枝葉與紅豆果實,"兩幕使用同一株紅豆植物
思念由紅豆本身承載
不要額外加入文字或符號"
221,王維,五言絕句,雜詩,"君自故鄉來，應知故鄉事。
來日綺窗前，寒梅着花未。","你從我的故鄉來，應該知道家鄉最近發生的事。
你離開那天，我家雕花窗前那株寒梅開花了嗎？",4,7,visual_plan_v1,draft,"{""v"":""visual_plan_v1"",""entities"":[{""id"":""e01"",""type"":""character"",""label"":""詩人""},{""id"":""e02"",""type"":""plant"",""label"":""花樹""},{""id"":""e03"",""type"":""plant"",""label"":""梅花""},{""id"":""e04"",""type"":""location"",""label"":""房間""},{""id"":""e05"",""type"":""object"",""label"":""窗戶""}],""continuity"":{""recurring_entities"":[""e01""]},""scenes"":[{""id"":""p221_s01"",""setting"":""未明示"",""time"":""未明示"",""mood"":""平靜"",""entities"":[""e01""],""actions"":[],""focus"":[""詩人""]},{""id"":""p221_s02"",""setting"":""房間"",""time"":""未明示"",""mood"":""平靜"",""entities"":[""e01"",""e02"",""e03"",""e04"",""e05""],""actions"":[],""focus"":[""詩人"",""花樹"",""梅花"",""窗戶""]}]}",依各 Scene 視覺計畫,"p221_s01｜場景：未明示｜畫面核心：詩人｜情緒：平靜｜出現：詩人
p221_s02｜場景：房間｜畫面核心：詩人、花樹、梅花、窗戶｜情緒：平靜｜出現：詩人、花樹、梅花、房間、窗戶","人物｜詩人
植物｜花樹
植物｜梅花
場景｜房間
物件｜窗戶",重複元素：詩人
222,裴迪,五言絕句,送崔九,"歸山深淺去，
須盡丘壑美。
莫學武陵人，
暫遊桃源裡。","既然要回山裡，不論走深走淺，
都要真正欣賞山谷的美好。
不要像桃花源故事中的漁人，
只短短遊過仙境，最後卻再也找不到。",1,7,visual_plan_v1,draft,"{""v"":""visual_plan_v1"",""entities"":[{""id"":""e01"",""type"":""location"",""label"":""山谷""},{""id"":""e02"",""type"":""plant"",""label"":""花樹""}],""continuity"":{""recurring_entities"":[]},""scenes"":[{""id"":""p222_s01"",""setting"":""未明示"",""time"":""未明示"",""mood"":""平靜"",""entities"":[],""actions"":[""前行""],""focus"":[""前行""]},{""id"":""p222_s02"",""setting"":""山谷"",""time"":""未明示"",""mood"":""平靜"",""entities"":[""e01""],""actions"":[],""focus"":[]},{""id"":""p222_s03"",""setting"":""未明示"",""time"":""未明示"",""mood"":""平靜"",""entities"":[""e02""],""actions"":[],""focus"":[""花樹""]},{""id"":""p222_s04"",""setting"":""未明示"",""time"":""未明示"",""mood"":""平靜"",""entities"":[],""actions"":[],""focus"":[]}]}",依各 Scene 視覺計畫,"p222_s01｜場景：未明示｜畫面核心：前行｜動作：前行｜情緒：平靜
p222_s02｜場景：山谷｜畫面核心：｜情緒：平靜｜出現：山谷
p222_s03｜場景：未明示｜畫面核心：花樹｜情緒：平靜｜出現：花樹
p222_s04｜場景：未明示｜畫面核心：｜情緒：平靜","場景｜山谷
植物｜花樹",
223,祖詠,五言絕句,終南望餘雪,"終南陰嶺秀，積雪浮雲端。
林表明霽色，城中增暮寒。","終南山北面的山嶺特別秀麗，山頂積雪像浮在雲端。
雪後天晴，樹林上方亮了起來，可城裡傍晚反而因雪更覺寒冷。",4,6,visual_plan_v2,approved,"{""v"":""visual_plan_v2"",""world"":""從城中遠望終南山；冬季雪後，白天逐漸進入傍晚"",""entities"":[{""id"":""mountain"",""type"":""location"",""label"":""終南山"",""detail"":""北坡積雪、高峰入雲""},{""id"":""city"",""type"":""location"",""label"":""山下城郭""},{""id"":""snow"",""type"":""object"",""label"":""積雪""},{""id"":""cloud"",""type"":""object"",""label"":""雲""}],""scenes"":[{""id"":""p223_s01"",""setting"":""遠望終南山"",""time"":""雪後白天"",""focus"":""雪嶺與雲端積雪"",""action"":""高峰越過雲層，積雪清晰"",""entities"":[""mountain"",""snow"",""cloud""]},{""id"":""p223_s02"",""setting"":""山下城郭望同一山脈"",""time"":""傍晚"",""focus"":""雪後放晴與城中暮寒"",""action"":""遠山明亮，近處城郭進入暮色"",""entities"":[""mountain"",""city"",""snow""]}],""continuity_rules"":[""固定同一終南山輪廓"",""時間由白天推進到傍晚"",""遠山亮雪與城中暮寒形成冷暖變化""]}",從城中遠望終南山；冬季雪後，白天逐漸進入傍晚,"p223_s01｜場景：遠望終南山｜時間：雪後白天｜畫面核心：雪嶺與雲端積雪｜動作：高峰越過雲層，積雪清晰｜出現：終南山、積雪、雲
p223_s02｜場景：山下城郭望同一山脈｜時間：傍晚｜畫面核心：雪後放晴與城中暮寒｜動作：遠山明亮，近處城郭進入暮色｜出現：終南山、山下城郭、積雪","場景｜終南山｜北坡積雪、高峰入雲
場景｜山下城郭
物件｜積雪
物件｜雲","固定同一終南山輪廓
時間由白天推進到傍晚
遠山亮雪與城中暮寒形成冷暖變化"
224,孟浩然,五言絕句,宿建德江,"移舟泊煙渚，日暮客愁新。
野曠天低樹，江清月近人。","我把船移到煙霧籠罩的小洲旁停泊，天一黑，旅人的愁又湧上來。
原野太寬，天空像壓低到樹梢；江水很清，月亮倒像靠人特別近。",4,7,visual_plan_v1,draft,"{""v"":""visual_plan_v1"",""entities"":[{""id"":""e01"",""type"":""character"",""label"":""詩人""},{""id"":""e02"",""type"":""character"",""label"":""旅人""},{""id"":""e03"",""type"":""location"",""label"":""船上""},{""id"":""e04"",""type"":""object"",""label"":""小船""},{""id"":""e05"",""type"":""plant"",""label"":""樹木""},{""id"":""e06"",""type"":""location"",""label"":""江邊""},{""id"":""e07"",""type"":""location"",""label"":""田野""},{""id"":""e08"",""type"":""object"",""label"":""月亮""}],""continuity"":{""recurring_entities"":[]},""scenes"":[{""id"":""p224_s01"",""setting"":""船上"",""time"":""黃昏"",""mood"":""平靜"",""entities"":[""e01"",""e02"",""e03"",""e04""],""actions"":[],""focus"":[""詩人"",""旅人"",""小船""]},{""id"":""p224_s02"",""setting"":""江邊"",""time"":""未明示"",""mood"":""平靜"",""entities"":[""e05"",""e06"",""e07"",""e08""],""actions"":[],""focus"":[""樹木"",""月亮""]}]}",依各 Scene 視覺計畫,"p224_s01｜場景：船上｜時間：黃昏｜畫面核心：詩人、旅人、小船｜情緒：平靜｜出現：詩人、旅人、船上、小船
p224_s02｜場景：江邊｜畫面核心：樹木、月亮｜情緒：平靜｜出現：樹木、江邊、田野、月亮","人物｜詩人
人物｜旅人
場景｜船上
物件｜小船
植物｜樹木
場景｜江邊
場景｜田野
物件｜月亮",
225,孟浩然,五言絕句,春曉,"春眠不覺曉，處處聞啼鳥。
夜來風雨聲，花落知多少。","春天睡得很舒服，一醒來才發現天亮了，還聽見到處都有小鳥在叫。
想起昨晚風吹雨打的聲音，不知道有多少漂亮的花被吹落了呢？",5,6,visual_plan_v2,approved,"{""v"":""visual_plan_v2"",""world"":""春日臥房連接小庭院；剛睡醒的輕鬆春晨，庭院留有昨夜風雨痕跡"",""entities"":[{""id"":""sleeper"",""type"":""character"",""label"":""剛睡醒的人"",""detail"":""同一位年輕讀書人，簡單唐代家居服""},{""id"":""room"",""type"":""location"",""label"":""臥房"",""detail"":""木床、窗戶可望庭院""},{""id"":""garden"",""type"":""location"",""label"":""春日小庭院"",""detail"":""花樹、鳥兒""},{""id"":""birds"",""type"":""animal"",""label"":""庭院小鳥"",""detail"":""數隻小型鳥""},{""id"":""flowers"",""type"":""plant"",""label"":""庭院花樹""},{""id"":""petals"",""type"":""object"",""label"":""落花花瓣""}],""scenes"":[{""id"":""p225_s01"",""setting"":""臥房看向庭院"",""time"":""春日清晨"",""focus"":""睡醒的人與窗外啼鳥"",""action"":""人物剛坐起，晨光進房，鳥兒在枝頭鳴叫"",""entities"":[""sleeper"",""room"",""garden"",""birds"",""flowers""]},{""id"":""p225_s02"",""setting"":""同一臥房與庭院"",""time"":""同一清晨"",""focus"":""雨後庭院滿是落花"",""action"":""人物望窗外，枝葉帶雨水，地上散落花瓣"",""entities"":[""sleeper"",""room"",""garden"",""flowers"",""petals""],""note"":""不是另一個夜晚，而是清晨看見昨夜風雨結果""}],""continuity_rules"":[""同一個人、房間、窗與庭院"",""鳥、花樹、窗戶是連續性錨點"",""S02延續S01時間""]}",春日臥房連接小庭院；剛睡醒的輕鬆春晨，庭院留有昨夜風雨痕跡,"p225_s01｜場景：臥房看向庭院｜時間：春日清晨｜畫面核心：睡醒的人與窗外啼鳥｜動作：人物剛坐起，晨光進房，鳥兒在枝頭鳴叫｜出現：剛睡醒的人、臥房、春日小庭院、庭院小鳥、庭院花樹
p225_s02｜場景：同一臥房與庭院｜時間：同一清晨｜畫面核心：雨後庭院滿是落花｜動作：人物望窗外，枝葉帶雨水，地上散落花瓣｜出現：剛睡醒的人、臥房、春日小庭院、庭院花樹、落花花瓣｜備註：不是另一個夜晚，而是清晨看見昨夜風雨結果","人物｜剛睡醒的人｜同一位年輕讀書人，簡單唐代家居服
場景｜臥房｜木床、窗戶可望庭院
場景｜春日小庭院｜花樹、鳥兒
動物｜庭院小鳥｜數隻小型鳥
植物｜庭院花樹
物件｜落花花瓣","同一個人、房間、窗與庭院
鳥、花樹、窗戶是連續性錨點
S02延續S01時間"
226,李白,五言絕句,夜思,"牀前明月光，
疑是地上霜。
舉頭望明月，
低頭思故鄉。","床前灑著明亮月光，
我一時以為是地上的白霜。
抬起頭看看天空的明月，
再低下頭，就想起遠方故鄉。",5,6,visual_plan_v2,approved,"{""v"":""visual_plan_v2"",""world"":""旅途中簡樸臥房；安靜月夜，由疑惑轉為思鄉"",""entities"":[{""id"":""poet"",""type"":""character"",""label"":""旅人/詩人"",""detail"":""同一成年男子，簡素唐代衣著""},{""id"":""room"",""type"":""location"",""label"":""旅舍臥房"",""detail"":""木床、窗、素淨地面""},{""id"":""moon"",""type"":""object"",""label"":""明月""},{""id"":""light"",""type"":""light"",""label"":""月光""}],""scenes"":[{""id"":""p226_s01"",""setting"":""旅舍臥房"",""time"":""深夜"",""focus"":""床前明亮月光"",""action"":""月光從窗照到床前地面"",""entities"":[""poet"",""room"",""moon"",""light""]},{""id"":""p226_s02"",""setting"":""同一臥房"",""time"":""深夜"",""focus"":""地面月光像薄霜"",""action"":""人物低頭看銀白月光，產生疑惑"",""entities"":[""poet"",""room"",""light""],""note"":""不要真的畫霜""},{""id"":""p226_s03"",""setting"":""同一臥房窗前"",""time"":""深夜"",""focus"":""抬頭望明月"",""action"":""人物抬頭看向窗外完整明月"",""entities"":[""poet"",""room"",""moon""]},{""id"":""p226_s04"",""setting"":""同一臥房"",""time"":""深夜"",""focus"":""低頭思鄉"",""action"":""人物低下頭，神情安靜思念故鄉"",""entities"":[""poet"",""room"",""light""]}],""continuity_rules"":[""四幕固定同一人物、房間、床、窗與月光方向"",""動作順序：看床前→疑作霜→抬頭望月→低頭思鄉""]}",旅途中簡樸臥房；安靜月夜，由疑惑轉為思鄉,"p226_s01｜場景：旅舍臥房｜時間：深夜｜畫面核心：床前明亮月光｜動作：月光從窗照到床前地面｜出現：旅人/詩人、旅舍臥房、明月、月光
p226_s02｜場景：同一臥房｜時間：深夜｜畫面核心：地面月光像薄霜｜動作：人物低頭看銀白月光，產生疑惑｜出現：旅人/詩人、旅舍臥房、月光｜備註：不要真的畫霜
p226_s03｜場景：同一臥房窗前｜時間：深夜｜畫面核心：抬頭望明月｜動作：人物抬頭看向窗外完整明月｜出現：旅人/詩人、旅舍臥房、明月
p226_s04｜場景：同一臥房｜時間：深夜｜畫面核心：低頭思鄉｜動作：人物低下頭，神情安靜思念故鄉｜出現：旅人/詩人、旅舍臥房、月光","人物｜旅人/詩人｜同一成年男子，簡素唐代衣著
場景｜旅舍臥房｜木床、窗、素淨地面
物件｜明月
光線｜月光","四幕固定同一人物、房間、床、窗與月光方向
動作順序：看床前→疑作霜→抬頭望月→低頭思鄉"
227,李白,五言絕句,怨情,"美人捲珠簾，深坐顰蛾眉。
但見淚痕濕，不知心恨誰。","美麗女子捲起珠簾，久久坐著，眉頭緊緊皺起。
只看見她臉上有淚痕，卻不知道她心裡正在怨誰、想誰。",3,6,visual_plan_v2,approved,"{""v"":""visual_plan_v2"",""world"":""安靜內室與珠簾；寂靜、含蓄的哀愁"",""entities"":[{""id"":""woman"",""type"":""character"",""label"":""女子"",""detail"":""同一位成年女子，唐代衣著，神情含蓄""},{""id"":""room"",""type"":""location"",""label"":""內室""},{""id"":""curtain"",""type"":""object"",""label"":""珠簾""}],""scenes"":[{""id"":""p227_s01"",""setting"":""內室珠簾旁"",""time"":""未限定"",""focus"":""捲簾後久坐皺眉的女子"",""action"":""女子捲起珠簾後獨坐，眉頭微蹙"",""entities"":[""woman"",""room"",""curtain""]},{""id"":""p227_s02"",""setting"":""同一內室"",""time"":""稍後"",""focus"":""臉上淚痕"",""action"":""同一女子仍坐原處，眼角與臉頰可見淚痕"",""entities"":[""woman"",""room"",""curtain""]}],""continuity_rules"":[""固定同一女子、座位、珠簾與內室"",""不加入詩句未支持的怨恨對象""]}",安靜內室與珠簾；寂靜、含蓄的哀愁,"p227_s01｜場景：內室珠簾旁｜時間：未限定｜畫面核心：捲簾後久坐皺眉的女子｜動作：女子捲起珠簾後獨坐，眉頭微蹙｜出現：女子、內室、珠簾
p227_s02｜場景：同一內室｜時間：稍後｜畫面核心：臉上淚痕｜動作：同一女子仍坐原處，眼角與臉頰可見淚痕｜出現：女子、內室、珠簾","人物｜女子｜同一位成年女子，唐代衣著，神情含蓄
場景｜內室
物件｜珠簾","固定同一女子、座位、珠簾與內室
不加入詩句未支持的怨恨對象"
228,杜甫,五言絕句,八陣圖,"功蓋三分國，名成八陣圖。
江流石不轉，遺恨失吞吳。","諸葛亮功勞足以影響三國局勢，他設計的八陣圖也讓他名聲流傳。
江水一直流，陣石卻沒有被沖走；可惜他最後仍沒能完成吞併東吳的願望。",3,6,visual_plan_v2,approved,"{""v"":""visual_plan_v2"",""world"":""江邊八陣圖石陣；歷史感、敬佩與未竟遺憾"",""entities"":[{""id"":""array"",""type"":""location"",""label"":""八陣圖石陣"",""detail"":""規整古老石堆、臨江""},{""id"":""river"",""type"":""object"",""label"":""江水""},{""id"":""zhuge"",""type"":""character"",""label"":""諸葛亮"",""detail"":""只作歷史想像/遠景""}],""scenes"":[{""id"":""p228_s01"",""setting"":""江邊石陣"",""time"":""歷史想像"",""focus"":""壯觀八陣圖"",""action"":""石陣為主，遠景淡化呈現諸葛亮功業意象"",""entities"":[""array"",""zhuge""]},{""id"":""p228_s02"",""setting"":""同一江邊石陣"",""time"":""後世觀看"",""focus"":""江水流而陣石仍在"",""action"":""流水繞過古老石陣，留下未竟遺憾"",""entities"":[""array"",""river""]}],""continuity_rules"":[""固定同一石陣與江岸"",""不呈現兒童不宜的戰爭暴力""]}",江邊八陣圖石陣；歷史感、敬佩與未竟遺憾,"p228_s01｜場景：江邊石陣｜時間：歷史想像｜畫面核心：壯觀八陣圖｜動作：石陣為主，遠景淡化呈現諸葛亮功業意象｜出現：八陣圖石陣、諸葛亮
p228_s02｜場景：同一江邊石陣｜時間：後世觀看｜畫面核心：江水流而陣石仍在｜動作：流水繞過古老石陣，留下未竟遺憾｜出現：八陣圖石陣、江水","場景｜八陣圖石陣｜規整古老石堆、臨江
物件｜江水
人物｜諸葛亮｜只作歷史想像/遠景","固定同一石陣與江岸
不呈現兒童不宜的戰爭暴力"
229,王之渙,五言絕句,登鸛雀樓,"白日依山盡，黃河入海流。
欲窮千里目，更上一層樓。","夕陽慢慢貼著山邊落下，黃河一路奔向大海。
如果想把更遠的景色都看清楚，就再登高一層樓。",5,6,visual_plan_v2,approved,"{""v"":""visual_plan_v2"",""world"":""鸛雀樓高處與黃河遠景；開闊、明亮、向上"",""entities"":[{""id"":""tower"",""type"":""location"",""label"":""鸛雀樓"",""detail"":""高樓、可登高遠望""},{""id"":""river"",""type"":""object"",""label"":""黃河""},{""id"":""sun"",""type"":""object"",""label"":""夕陽""},{""id"":""climber"",""type"":""character"",""label"":""登樓者""}],""scenes"":[{""id"":""p229_s01"",""setting"":""高樓眺望"",""time"":""傍晚"",""focus"":""夕陽貼山與黃河遠流"",""action"":""從樓上看夕陽沉向群山、黃河伸向遠方"",""entities"":[""tower"",""river"",""sun""]},{""id"":""p229_s02"",""setting"":""同一高樓"",""time"":""傍晚稍後"",""focus"":""繼續登上一層"",""action"":""登樓者沿樓梯向上，視野更開闊"",""entities"":[""tower"",""climber"",""river""]}],""continuity_rules"":[""固定同一座樓與黃河方向"",""S02直接承接S01再上一層""]}",鸛雀樓高處與黃河遠景；開闊、明亮、向上,"p229_s01｜場景：高樓眺望｜時間：傍晚｜畫面核心：夕陽貼山與黃河遠流｜動作：從樓上看夕陽沉向群山、黃河伸向遠方｜出現：鸛雀樓、黃河、夕陽
p229_s02｜場景：同一高樓｜時間：傍晚稍後｜畫面核心：繼續登上一層｜動作：登樓者沿樓梯向上，視野更開闊｜出現：鸛雀樓、登樓者、黃河","場景｜鸛雀樓｜高樓、可登高遠望
物件｜黃河
物件｜夕陽
人物｜登樓者","固定同一座樓與黃河方向
S02直接承接S01再上一層"
230,劉長卿,五言絕句,送靈澈,"蒼蒼竹林寺，杳杳鐘聲晚。
荷笠帶夕陽，青山獨歸遠。","青翠竹林寺藏在山中，傍晚鐘聲從很遠地方傳來。
靈澈和尚背著斗笠，帶著夕陽餘光，一個人走回遠方青山。",2,6,visual_plan_v2,approved,"{""v"":""visual_plan_v2"",""world"":""竹林寺通往青山的小徑；傍晚清幽、送別但平靜"",""entities"":[{""id"":""temple"",""type"":""location"",""label"":""竹林寺"",""detail"":""竹林包圍、山中寺院""},{""id"":""monk"",""type"":""character"",""label"":""靈澈和尚"",""detail"":""同一僧人，背斗笠""},{""id"":""bell"",""type"":""object"",""label"":""寺鐘""},{""id"":""path"",""type"":""location"",""label"":""青山小徑""}],""scenes"":[{""id"":""p230_s01"",""setting"":""竹林寺"",""time"":""傍晚"",""focus"":""竹林深處寺院與遠鐘"",""action"":""寺院藏青竹間，鐘聲從深處傳來"",""entities"":[""temple"",""bell""]},{""id"":""p230_s02"",""setting"":""離寺山徑"",""time"":""夕陽"",""focus"":""僧人獨自走向青山"",""action"":""同一僧人背斗笠沿山徑遠去"",""entities"":[""monk"",""path""]}],""continuity_rules"":[""S02由S01寺院方向出發"",""竹林、青山、夕陽形成連續地景"",""僧人外觀固定""]}",竹林寺通往青山的小徑；傍晚清幽、送別但平靜,"p230_s01｜場景：竹林寺｜時間：傍晚｜畫面核心：竹林深處寺院與遠鐘｜動作：寺院藏青竹間，鐘聲從深處傳來｜出現：竹林寺、寺鐘
p230_s02｜場景：離寺山徑｜時間：夕陽｜畫面核心：僧人獨自走向青山｜動作：同一僧人背斗笠沿山徑遠去｜出現：靈澈和尚、青山小徑","場景｜竹林寺｜竹林包圍、山中寺院
人物｜靈澈和尚｜同一僧人，背斗笠
物件｜寺鐘
場景｜青山小徑","S02由S01寺院方向出發
竹林、青山、夕陽形成連續地景
僧人外觀固定"
231,劉長卿,五言絕句,彈琴,"泠泠七絲上，靜聽松風寒。
古調雖自愛，今人多不彈。","七弦琴發出清亮聲音，安靜聽來像寒冷松風吹過。
我自己很喜歡這種古老曲調，可惜現在很多人已經不彈了。",2,6,visual_plan_v2,approved,"{""v"":""visual_plan_v2"",""world"":""松林旁安靜居所；清冷、專注、喜愛古調"",""entities"":[{""id"":""player"",""type"":""character"",""label"":""琴者"",""detail"":""同一成年文士""},{""id"":""qin"",""type"":""object"",""label"":""七弦琴""},{""id"":""pines"",""type"":""location"",""label"":""松林""}],""scenes"":[{""id"":""p231_s01"",""setting"":""松林旁居所"",""time"":""清涼時分"",""focus"":""手撫七弦琴"",""action"":""琴者安靜彈琴，松林在風中微動"",""entities"":[""player"",""qin"",""pines""]},{""id"":""p231_s02"",""setting"":""同一處"",""time"":""稍後"",""focus"":""古琴與獨自彈奏者"",""action"":""同一琴者珍惜地彈古調，周遭無聽眾"",""entities"":[""player"",""qin"",""pines""]}],""continuity_rules"":[""固定同一琴者、古琴與松林"",""S02用無人共彈的安靜感表達古調少人彈""]}",松林旁安靜居所；清冷、專注、喜愛古調,"p231_s01｜場景：松林旁居所｜時間：清涼時分｜畫面核心：手撫七弦琴｜動作：琴者安靜彈琴，松林在風中微動｜出現：琴者、七弦琴、松林
p231_s02｜場景：同一處｜時間：稍後｜畫面核心：古琴與獨自彈奏者｜動作：同一琴者珍惜地彈古調，周遭無聽眾｜出現：琴者、七弦琴、松林","人物｜琴者｜同一成年文士
物件｜七弦琴
場景｜松林","固定同一琴者、古琴與松林
S02用無人共彈的安靜感表達古調少人彈"
232,劉長卿,五言絕句,送上人,"孤雲將野鶴，豈向人間住。
莫買沃洲山，時人已知處。","你像孤雲和野鶴一樣自由，怎麼會長久住在人世熱鬧地方呢？
也別特地去買沃洲山隱居，因為那地方早已被世人知道，不算真正清幽了。",2,6,visual_plan_v2,approved,"{""v"":""visual_plan_v2"",""world"":""清幽山野與隱居地；自在、幽遠"",""entities"":[{""id"":""monk"",""type"":""character"",""label"":""上人/僧人"",""detail"":""同一行腳僧""},{""id"":""cloud"",""type"":""object"",""label"":""孤雲""},{""id"":""crane"",""type"":""animal"",""label"":""野鶴""},{""id"":""mountain"",""type"":""location"",""label"":""清幽山地""}],""scenes"":[{""id"":""p232_s01"",""setting"":""開闊山野"",""time"":""白天"",""focus"":""孤雲、野鶴與行腳僧"",""action"":""僧人走山野，天空孤雲，附近野鶴"",""entities"":[""monk"",""cloud"",""crane"",""mountain""]},{""id"":""p232_s02"",""setting"":""更深山中"",""time"":""白天"",""focus"":""尋找更清幽之處"",""action"":""同一僧人望向遠山，避免熱鬧人煙"",""entities"":[""monk"",""mountain""]}],""continuity_rules"":[""固定同一僧人"",""孤雲野鶴主要作S01自由意象"",""全詩保持遠離城市的山野世界""]}",清幽山野與隱居地；自在、幽遠,"p232_s01｜場景：開闊山野｜時間：白天｜畫面核心：孤雲、野鶴與行腳僧｜動作：僧人走山野，天空孤雲，附近野鶴｜出現：上人/僧人、孤雲、野鶴、清幽山地
p232_s02｜場景：更深山中｜時間：白天｜畫面核心：尋找更清幽之處｜動作：同一僧人望向遠山，避免熱鬧人煙｜出現：上人/僧人、清幽山地","人物｜上人/僧人｜同一行腳僧
物件｜孤雲
動物｜野鶴
場景｜清幽山地","固定同一僧人
孤雲野鶴主要作S01自由意象
全詩保持遠離城市的山野世界"
233,韋應物,五言絕句,秋夜寄邱員外,"懷君屬秋夜，散步詠涼天。
空山松子落，幽人應未眠。","秋夜裡我正想著你，一邊散步一邊吟詠清涼天氣。
空山裡松果落下，我猜住在幽靜地方的你此刻大概也還沒睡。",3,6,visual_plan_v2,approved,"{""v"":""visual_plan_v2"",""world"":""同一秋夜、兩個不同地點；詩人散步處與友人所在空山"",""entities"":[{""id"":""poet"",""type"":""character"",""label"":""思念朋友的人""},{""id"":""friend"",""type"":""character"",""label"":""山中友人""},{""id"":""walk"",""type"":""location"",""label"":""秋夜小徑""},{""id"":""mountain"",""type"":""location"",""label"":""友人所在空山""},{""id"":""pinecone"",""type"":""object"",""label"":""松果""}],""scenes"":[{""id"":""p233_s01"",""setting"":""秋夜小徑"",""time"":""秋夜"",""focus"":""月下散步思友"",""action"":""詩人散步並吟詠清涼秋夜"",""entities"":[""poet"",""walk""]},{""id"":""p233_s02"",""setting"":""友人所在空山"",""time"":""同一秋夜"",""focus"":""松果落下與未眠友人"",""action"":""切到空山松林，友人仍醒著"",""entities"":[""friend"",""mountain"",""pinecone""]}],""continuity_rules"":[""兩幕同一晚但不同地點"",""不可把詩人與友人畫成同行"",""用相似秋夜光色連接兩地""]}",同一秋夜、兩個不同地點；詩人散步處與友人所在空山,"p233_s01｜場景：秋夜小徑｜時間：秋夜｜畫面核心：月下散步思友｜動作：詩人散步並吟詠清涼秋夜｜出現：思念朋友的人、秋夜小徑
p233_s02｜場景：友人所在空山｜時間：同一秋夜｜畫面核心：松果落下與未眠友人｜動作：切到空山松林，友人仍醒著｜出現：山中友人、友人所在空山、松果","人物｜思念朋友的人
人物｜山中友人
場景｜秋夜小徑
場景｜友人所在空山
物件｜松果","兩幕同一晚但不同地點
不可把詩人與友人畫成同行
用相似秋夜光色連接兩地"
234,李端,五言絕句,聽箏,"鳴箏金粟柱，素手玉房前。
欲得周郎顧，時時誤拂弦。","箏聲從金色琴柱間響起，一雙白皙的手在華美房前彈奏。
她想引起懂音樂的周郎注意，所以故意偶爾彈錯一根弦，讓他回頭看。",1,6,visual_plan_v2,approved,"{""v"":""visual_plan_v2"",""world"":""華美但不浮誇的演奏空間；優雅、帶一點俏皮心思"",""entities"":[{""id"":""player"",""type"":""character"",""label"":""彈箏女子"",""detail"":""同一位年輕女子，唐代衣著""},{""id"":""listener"",""type"":""character"",""label"":""懂音樂的男子"",""detail"":""S02遠處出現""},{""id"":""zheng"",""type"":""object"",""label"":""古箏"",""detail"":""金色琴柱""}],""scenes"":[{""id"":""p234_s01"",""setting"":""廊前或室內"",""time"":""白天"",""focus"":""女子雙手彈箏"",""action"":""聚焦雙手與古箏，金色琴柱清楚"",""entities"":[""player"",""zheng""]},{""id"":""p234_s02"",""setting"":""同一演奏處"",""time"":""稍後"",""focus"":""故意撥錯一弦引人回望"",""action"":""同一女子看向遠處聽者，手仍在弦上"",""entities"":[""player"",""listener"",""zheng""]}],""continuity_rules"":[""固定同一女子與古箏"",""S02只是演奏中的小動作變化"",""情緒俏皮但含蓄""]}",華美但不浮誇的演奏空間；優雅、帶一點俏皮心思,"p234_s01｜場景：廊前或室內｜時間：白天｜畫面核心：女子雙手彈箏｜動作：聚焦雙手與古箏，金色琴柱清楚｜出現：彈箏女子、古箏
p234_s02｜場景：同一演奏處｜時間：稍後｜畫面核心：故意撥錯一弦引人回望｜動作：同一女子看向遠處聽者，手仍在弦上｜出現：彈箏女子、懂音樂的男子、古箏","人物｜彈箏女子｜同一位年輕女子，唐代衣著
人物｜懂音樂的男子｜S02遠處出現
物件｜古箏｜金色琴柱","固定同一女子與古箏
S02只是演奏中的小動作變化
情緒俏皮但含蓄"
235,王建,五言絕句,新嫁娘,"三日入廚下，洗手作羹湯。
未諳姑食性，先遣小姑嘗。","新媳婦嫁進家門第三天就走進廚房，洗好手開始煮羹湯。
因為還不知道婆婆喜歡什麼味道，所以先請小姑嘗嘗看。",1,6,visual_plan_v2,approved,"{""v"":""visual_plan_v2"",""world"":""家中廚房；新婚後的認真、謹慎、家庭感"",""entities"":[{""id"":""bride"",""type"":""character"",""label"":""新嫁娘"",""detail"":""同一位年輕女子，簡潔家居唐代服飾""},{""id"":""sister"",""type"":""character"",""label"":""小姑"",""detail"":""較年輕女孩""},{""id"":""kitchen"",""type"":""location"",""label"":""家中廚房""},{""id"":""soup"",""type"":""object"",""label"":""羹湯""}],""scenes"":[{""id"":""p235_s01"",""setting"":""家中廚房"",""time"":""白天"",""focus"":""洗手後煮羹湯"",""action"":""新嫁娘在灶台前認真準備羹湯"",""entities"":[""bride"",""kitchen"",""soup""]},{""id"":""p235_s02"",""setting"":""同一廚房"",""time"":""稍後"",""focus"":""小姑先嘗羹湯"",""action"":""新嫁娘端湯請小姑試味"",""entities"":[""bride"",""sister"",""kitchen"",""soup""]}],""continuity_rules"":[""固定同一廚房、新嫁娘與同一鍋羹湯"",""S02直接承接S01烹煮完成後"",""不新增婆婆入鏡""]}",家中廚房；新婚後的認真、謹慎、家庭感,"p235_s01｜場景：家中廚房｜時間：白天｜畫面核心：洗手後煮羹湯｜動作：新嫁娘在灶台前認真準備羹湯｜出現：新嫁娘、家中廚房、羹湯
p235_s02｜場景：同一廚房｜時間：稍後｜畫面核心：小姑先嘗羹湯｜動作：新嫁娘端湯請小姑試味｜出現：新嫁娘、小姑、家中廚房、羹湯","人物｜新嫁娘｜同一位年輕女子，簡潔家居唐代服飾
人物｜小姑｜較年輕女孩
場景｜家中廚房
物件｜羹湯","固定同一廚房、新嫁娘與同一鍋羹湯
S02直接承接S01烹煮完成後
不新增婆婆入鏡"
236,權德輿,五言絕句,玉臺體,"昨夜裙帶解，
今朝蟢子飛。
鉛華不可棄，
莫是藁砧歸。","昨晚裙帶自己鬆開，
今天早上又看見喜蛛飛來。
我想還是不能放下梳妝打扮，
會不會這些都是丈夫快回來的好兆頭呢？",1,7,visual_plan_v1,draft,"{""v"":""visual_plan_v1"",""entities"":[{""id"":""e01"",""type"":""character"",""label"":""詩人""}],""continuity"":{""recurring_entities"":[]},""scenes"":[{""id"":""p236_s01"",""setting"":""未明示"",""time"":""夜晚"",""mood"":""平靜"",""entities"":[],""actions"":[],""focus"":[]},{""id"":""p236_s02"",""setting"":""未明示"",""time"":""未明示"",""mood"":""平靜"",""entities"":[],""actions"":[""看望""],""focus"":[""看望""]},{""id"":""p236_s03"",""setting"":""未明示"",""time"":""未明示"",""mood"":""平靜"",""entities"":[""e01""],""actions"":[],""focus"":[""詩人""]},{""id"":""p236_s04"",""setting"":""未明示"",""time"":""未明示"",""mood"":""平靜"",""entities"":[],""actions"":[],""focus"":[]}]}",依各 Scene 視覺計畫,"p236_s01｜場景：未明示｜時間：夜晚｜畫面核心：｜情緒：平靜
p236_s02｜場景：未明示｜畫面核心：看望｜動作：看望｜情緒：平靜
p236_s03｜場景：未明示｜畫面核心：詩人｜情緒：平靜｜出現：詩人
p236_s04｜場景：未明示｜畫面核心：｜情緒：平靜",人物｜詩人,
237,柳宗元,五言絕句,江雪,"千山鳥飛絕，萬徑人蹤滅。
孤舟簑笠翁，獨釣寒江雪。","千座山都看不到一隻飛鳥，萬條小路也沒有人的足跡。
只有一艘孤船上，一位披蓑衣戴斗笠的老人，獨自在寒冷雪江中釣魚。",5,6,visual_plan_v2,approved,"{""v"":""visual_plan_v2"",""world"":""冬季大雪中的群山寒江；極靜、孤寂、清冷"",""entities"":[{""id"":""river"",""type"":""location"",""label"":""雪中寒江"",""detail"":""遠山、無人小徑、江面""},{""id"":""fisher"",""type"":""character"",""label"":""老漁翁"",""detail"":""同一老人，蓑衣斗笠""},{""id"":""boat"",""type"":""object"",""label"":""孤舟""},{""id"":""snow"",""type"":""object"",""label"":""大雪""}],""scenes"":[{""id"":""p237_s01"",""setting"":""雪中群山與寒江"",""time"":""冬日"",""focus"":""無鳥無人的雪山江景"",""action"":""廣角呈現雪山與空路，完全無人無鳥"",""entities"":[""river"",""snow""]},{""id"":""p237_s02"",""setting"":""同一寒江"",""time"":""同一冬日"",""focus"":""孤舟老翁垂釣"",""action"":""同一雪江加入一艘小舟與蓑笠老翁"",""entities"":[""river"",""fisher"",""boat"",""snow""]}],""continuity_rules"":[""固定同一寒江與遠山"",""S01真正空無人鳥，S02才揭示孤舟老翁"",""老翁服裝與船型固定""]}",冬季大雪中的群山寒江；極靜、孤寂、清冷,"p237_s01｜場景：雪中群山與寒江｜時間：冬日｜畫面核心：無鳥無人的雪山江景｜動作：廣角呈現雪山與空路，完全無人無鳥｜出現：雪中寒江、大雪
p237_s02｜場景：同一寒江｜時間：同一冬日｜畫面核心：孤舟老翁垂釣｜動作：同一雪江加入一艘小舟與蓑笠老翁｜出現：雪中寒江、老漁翁、孤舟、大雪","場景｜雪中寒江｜遠山、無人小徑、江面
人物｜老漁翁｜同一老人，蓑衣斗笠
物件｜孤舟
物件｜大雪","固定同一寒江與遠山
S01真正空無人鳥，S02才揭示孤舟老翁
老翁服裝與船型固定"
238,元稹,五言絕句,行宮,"寥落古行宮，宮花寂寞紅。
白頭宮女在，閑坐說玄宗。","古老行宮冷冷清清，只有宮中花朵寂寞地開紅。
幾位白髮宮女還住在那裡，閒坐時談起以前唐玄宗的故事。",2,6,visual_plan_v2,approved,"{""v"":""visual_plan_v2"",""world"":""荒涼舊行宮；歲月流逝、柔和懷舊"",""entities"":[{""id"":""palace"",""type"":""location"",""label"":""古行宮"",""detail"":""褪色宮牆、安靜庭院""},{""id"":""flowers"",""type"":""plant"",""label"":""宮中紅花""},{""id"":""ladies"",""type"":""character"",""label"":""白髮宮女"",""detail"":""數位年老宮女""}],""scenes"":[{""id"":""p238_s01"",""setting"":""古行宮庭院"",""time"":""白天"",""focus"":""冷清宮院與紅花"",""action"":""空曠舊宮中只有紅花醒目"",""entities"":[""palace"",""flowers""]},{""id"":""p238_s02"",""setting"":""同一行宮"",""time"":""稍後"",""focus"":""白髮宮女閒坐談往事"",""action"":""幾位白髮宮女坐廊下交談，紅花仍在"",""entities"":[""palace"",""ladies"",""flowers""]}],""continuity_rules"":[""固定同一行宮與紅花位置"",""人物年老但不做陰森廢墟感"",""往事只由交談姿態暗示""]}",荒涼舊行宮；歲月流逝、柔和懷舊,"p238_s01｜場景：古行宮庭院｜時間：白天｜畫面核心：冷清宮院與紅花｜動作：空曠舊宮中只有紅花醒目｜出現：古行宮、宮中紅花
p238_s02｜場景：同一行宮｜時間：稍後｜畫面核心：白髮宮女閒坐談往事｜動作：幾位白髮宮女坐廊下交談，紅花仍在｜出現：古行宮、白髮宮女、宮中紅花","場景｜古行宮｜褪色宮牆、安靜庭院
植物｜宮中紅花
人物｜白髮宮女｜數位年老宮女","固定同一行宮與紅花位置
人物年老但不做陰森廢墟感
往事只由交談姿態暗示"
239,白居易,五言絕句,問劉十九,"綠螘新醅酒，
紅泥小火爐。
晚來天欲雪，
能飲一杯無？","新釀的酒上還浮著綠綠酒花，
小小紅泥火爐正燒得暖暖的。
傍晚看來就快要下雪了，
你要不要來一起喝一杯呢？",4,7,visual_plan_v1,draft,"{""v"":""visual_plan_v1"",""entities"":[{""id"":""e01"",""type"":""plant"",""label"":""花樹""},{""id"":""e02"",""type"":""object"",""label"":""酒""},{""id"":""e03"",""type"":""object"",""label"":""雪""}],""continuity"":{""recurring_entities"":[]},""scenes"":[{""id"":""p239_s01"",""setting"":""未明示"",""time"":""未明示"",""mood"":""平靜"",""entities"":[""e01"",""e02""],""actions"":[""飲酒""],""focus"":[""花樹"",""酒"",""飲酒""]},{""id"":""p239_s02"",""setting"":""未明示"",""time"":""未明示"",""mood"":""平靜"",""entities"":[],""actions"":[],""focus"":[]},{""id"":""p239_s03"",""setting"":""未明示"",""time"":""冬天"",""mood"":""平靜"",""entities"":[""e03""],""actions"":[""看望""],""focus"":[""雪"",""看望""]},{""id"":""p239_s04"",""setting"":""未明示"",""time"":""未明示"",""mood"":""平靜"",""entities"":[],""actions"":[],""focus"":[]}]}",依各 Scene 視覺計畫,"p239_s01｜場景：未明示｜畫面核心：花樹、酒、飲酒｜動作：飲酒｜情緒：平靜｜出現：花樹、酒
p239_s02｜場景：未明示｜畫面核心：｜情緒：平靜
p239_s03｜場景：未明示｜時間：冬天｜畫面核心：雪、看望｜動作：看望｜情緒：平靜｜出現：雪
p239_s04｜場景：未明示｜畫面核心：｜情緒：平靜","植物｜花樹
物件｜酒
物件｜雪",
240,張祜,五言絕句,何滿子,"故國三千里，深宮二十年。
一聲何滿子，雙淚落君前。","離故鄉足足三千里，又在深宮裡生活了二十年。
唱起一聲《何滿子》，她便在君王面前流下兩行眼淚。",1,6,visual_plan_v2,approved,"{""v"":""visual_plan_v2"",""world"":""深宮內室；長久思鄉、克制悲傷"",""entities"":[{""id"":""singer"",""type"":""character"",""label"":""宮中女子"",""detail"":""同一成年女子，宮廷服飾，神情疲倦""},{""id"":""palace"",""type"":""location"",""label"":""深宮內室""},{""id"":""ruler"",""type"":""character"",""label"":""君王"",""detail"":""S02前方/遠處""}],""scenes"":[{""id"":""p240_s01"",""setting"":""深宮內室"",""time"":""未限定"",""focus"":""被深宮包圍的孤單女子"",""action"":""女子獨處深宮，遠望窗外"",""entities"":[""singer"",""palace""]},{""id"":""p240_s02"",""setting"":""同一宮中"",""time"":""演唱時"",""focus"":""唱曲落淚"",""action"":""同一女子唱曲時流下兩行淚，君王不搶主體"",""entities"":[""singer"",""palace"",""ruler""]}],""continuity_rules"":[""固定同一女子與宮廷空間"",""情緒壓抑克制，不渲染激烈哭號""]}",深宮內室；長久思鄉、克制悲傷,"p240_s01｜場景：深宮內室｜時間：未限定｜畫面核心：被深宮包圍的孤單女子｜動作：女子獨處深宮，遠望窗外｜出現：宮中女子、深宮內室
p240_s02｜場景：同一宮中｜時間：演唱時｜畫面核心：唱曲落淚｜動作：同一女子唱曲時流下兩行淚，君王不搶主體｜出現：宮中女子、深宮內室、君王","人物｜宮中女子｜同一成年女子，宮廷服飾，神情疲倦
場景｜深宮內室
人物｜君王｜S02前方/遠處","固定同一女子與宮廷空間
情緒壓抑克制，不渲染激烈哭號"
241,李商隱,五言絕句,登樂遊原,"向晚意不適，驅車登古原。
夕陽無限好，只是近黃昏。","傍晚時心情不太好，我就坐車登上樂遊原散心。
夕陽真的非常美，只可惜它已接近黃昏，很快就要落下了。",4,6,visual_plan_v2,approved,"{""v"":""visual_plan_v2"",""world"":""樂遊原高地；由低落轉為被夕陽安慰，再帶惜暮"",""entities"":[{""id"":""poet"",""type"":""character"",""label"":""登原者""},{""id"":""cart"",""type"":""object"",""label"":""車駕""},{""id"":""plateau"",""type"":""location"",""label"":""樂遊原高地""},{""id"":""sun"",""type"":""object"",""label"":""夕陽""}],""scenes"":[{""id"":""p241_s01"",""setting"":""前往樂遊原道路"",""time"":""傍晚"",""focus"":""乘車登高散心"",""action"":""人物坐車向高地前進，神情略低落"",""entities"":[""poet"",""cart"",""plateau""]},{""id"":""p241_s02"",""setting"":""樂遊原高處"",""time"":""夕陽將落"",""focus"":""壯麗夕陽與遠景"",""action"":""同一人物到高處看金色夕陽"",""entities"":[""poet"",""plateau"",""sun""]}],""continuity_rules"":[""S02人物、車駕與地形承接S01"",""情緒轉為欣賞夕陽但保留將逝感""]}",樂遊原高地；由低落轉為被夕陽安慰，再帶惜暮,"p241_s01｜場景：前往樂遊原道路｜時間：傍晚｜畫面核心：乘車登高散心｜動作：人物坐車向高地前進，神情略低落｜出現：登原者、車駕、樂遊原高地
p241_s02｜場景：樂遊原高處｜時間：夕陽將落｜畫面核心：壯麗夕陽與遠景｜動作：同一人物到高處看金色夕陽｜出現：登原者、樂遊原高地、夕陽","人物｜登原者
物件｜車駕
場景｜樂遊原高地
物件｜夕陽","S02人物、車駕與地形承接S01
情緒轉為欣賞夕陽但保留將逝感"
242,賈島,五言絕句,尋隱者不遇,"松下問童子，言師採藥去。
只在此山中，雲深不知處。","我在松樹下問小童，童子說老師上山採藥去了。
他只知道老師還在這座山裡，可山中雲太深，不知道究竟在哪裡。",5,6,visual_plan_v2,approved,"{""v"":""visual_plan_v2"",""world"":""松林山徑與雲霧深山；清幽、尋訪、帶未知"",""entities"":[{""id"":""visitor"",""type"":""character"",""label"":""尋訪者"",""detail"":""同一成年文士""},{""id"":""boy"",""type"":""character"",""label"":""童子"",""detail"":""同一山中小童""},{""id"":""hermit"",""type"":""character"",""label"":""隱者/老師"",""detail"":""全詩不可直接出現""},{""id"":""pine"",""type"":""location"",""label"":""松樹下山徑""},{""id"":""mountain"",""type"":""location"",""label"":""雲霧深山""}],""scenes"":[{""id"":""p242_s01"",""setting"":""松樹下山徑"",""time"":""白天"",""focus"":""訪客詢問童子"",""action"":""訪客與童子在高松下交談，童子指向山中"",""entities"":[""visitor"",""boy"",""pine""]},{""id"":""p242_s02"",""setting"":""同一山區更深處"",""time"":""白天"",""focus"":""雲霧遮住山中去向"",""action"":""沿童子所指方向看濃雲山路，隱者仍不可見"",""entities"":[""mountain""]}],""continuity_rules"":[""兩幕是同一座山的連續空間"",""隱者不能直接出現"",""S02保留松林元素維持地理連續""]}",松林山徑與雲霧深山；清幽、尋訪、帶未知,"p242_s01｜場景：松樹下山徑｜時間：白天｜畫面核心：訪客詢問童子｜動作：訪客與童子在高松下交談，童子指向山中｜出現：尋訪者、童子、松樹下山徑
p242_s02｜場景：同一山區更深處｜時間：白天｜畫面核心：雲霧遮住山中去向｜動作：沿童子所指方向看濃雲山路，隱者仍不可見｜出現：雲霧深山","人物｜尋訪者｜同一成年文士
人物｜童子｜同一山中小童
人物｜隱者/老師｜全詩不可直接出現
場景｜松樹下山徑
場景｜雲霧深山","兩幕是同一座山的連續空間
隱者不能直接出現
S02保留松林元素維持地理連續"
243,李頻,五言絕句,渡漢江,"嶺外音書斷，經冬復歷春。
近鄉情更怯，不敢問來人。","在嶺南時一直收不到家裡消息，一轉眼冬天過去，春天也來了。
如今越靠近家鄉，反而越害怕，連遇到故鄉來的人都不敢問近況。",1,6,visual_plan_v2,approved,"{""v"":""visual_plan_v2"",""world"":""返鄉道路；冬去春來，期待與忐忑並存"",""entities"":[{""id"":""traveler"",""type"":""character"",""label"":""返鄉旅人"",""detail"":""同一成年旅人，簡單行裝""},{""id"":""road"",""type"":""location"",""label"":""返鄉道路""},{""id"":""passers"",""type"":""character"",""label"":""故鄉方向來人""}],""scenes"":[{""id"":""p243_s01"",""setting"":""嶺外旅途"",""time"":""冬去春來"",""focus"":""長久收不到家書的旅人"",""action"":""同一旅人帶行囊，背景由冬景轉春景"",""entities"":[""traveler"",""road""]},{""id"":""p243_s02"",""setting"":""接近故鄉道路"",""time"":""春天"",""focus"":""越近家鄉越不敢問"",""action"":""旅人遇到故鄉方向來人卻猶豫停步"",""entities"":[""traveler"",""road"",""passers""]}],""continuity_rules"":[""固定同一旅人與行囊"",""季節由冬轉春但旅程連續"",""S02表情忐忑但不誇張恐懼""]}",返鄉道路；冬去春來，期待與忐忑並存,"p243_s01｜場景：嶺外旅途｜時間：冬去春來｜畫面核心：長久收不到家書的旅人｜動作：同一旅人帶行囊，背景由冬景轉春景｜出現：返鄉旅人、返鄉道路
p243_s02｜場景：接近故鄉道路｜時間：春天｜畫面核心：越近家鄉越不敢問｜動作：旅人遇到故鄉方向來人卻猶豫停步｜出現：返鄉旅人、返鄉道路、故鄉方向來人","人物｜返鄉旅人｜同一成年旅人，簡單行裝
場景｜返鄉道路
人物｜故鄉方向來人","固定同一旅人與行囊
季節由冬轉春但旅程連續
S02表情忐忑但不誇張恐懼"
244,金昌緒,五言絕句,春怨,"打起黃鶯兒，莫教枝上啼。
啼時驚妾夢，不得到遼西。","快把枝頭上的黃鶯趕走，別讓牠繼續啼叫。
因為牠一叫就會驚醒我的夢，讓我沒辦法在夢中去遙遠遼西和丈夫相見。",1,6,visual_plan_v2,approved,"{""v"":""visual_plan_v2"",""world"":""春日庭院/窗前花樹；思念遠方丈夫，焦急但溫柔"",""entities"":[{""id"":""woman"",""type"":""character"",""label"":""思念丈夫的女子"",""detail"":""同一位年輕女子，唐代家居服""},{""id"":""oriole"",""type"":""animal"",""label"":""黃鶯""},{""id"":""garden"",""type"":""location"",""label"":""春日庭院""},{""id"":""branch"",""type"":""plant"",""label"":""花樹枝頭""},{""id"":""husband"",""type"":""character"",""label"":""遠方丈夫"",""detail"":""只作夢境意象""}],""scenes"":[{""id"":""p244_s01"",""setting"":""春日庭院/窗前"",""time"":""白天"",""focus"":""女子趕枝頭黃鶯"",""action"":""女子輕揮手或小扇趕走啼叫黃鶯"",""entities"":[""woman"",""oriole"",""garden"",""branch""]},{""id"":""p244_s02"",""setting"":""同一住處與夢境交界"",""time"":""夢醒"",""focus"":""黃鶯驚醒思夫夢"",""action"":""女子從夢中醒，遙遠丈夫只作柔和夢境殘影"",""entities"":[""woman"",""oriole"",""husband"",""garden""]}],""continuity_rules"":[""固定同一女子、黃鶯與庭院枝頭"",""夢境不可變成完整戰爭場景"",""不出現暴力邊塞內容""]}",春日庭院/窗前花樹；思念遠方丈夫，焦急但溫柔,"p244_s01｜場景：春日庭院/窗前｜時間：白天｜畫面核心：女子趕枝頭黃鶯｜動作：女子輕揮手或小扇趕走啼叫黃鶯｜出現：思念丈夫的女子、黃鶯、春日庭院、花樹枝頭
p244_s02｜場景：同一住處與夢境交界｜時間：夢醒｜畫面核心：黃鶯驚醒思夫夢｜動作：女子從夢中醒，遙遠丈夫只作柔和夢境殘影｜出現：思念丈夫的女子、黃鶯、遠方丈夫、春日庭院","人物｜思念丈夫的女子｜同一位年輕女子，唐代家居服
動物｜黃鶯
場景｜春日庭院
植物｜花樹枝頭
人物｜遠方丈夫｜只作夢境意象","固定同一女子、黃鶯與庭院枝頭
夢境不可變成完整戰爭場景
不出現暴力邊塞內容"
245,西鄙人,五言絕句,哥舒歌,"北斗七星高，哥舒夜帶刀。
至今窺牧馬，不敢過臨洮。","北斗七星高掛天空，哥舒將軍夜裡還佩刀守邊。
直到現在，敵人就算想來偷牧馬匹，也不敢越過臨洮一帶。",1,6,visual_plan_v2,approved,"{""v"":""visual_plan_v2"",""world"":""唐代臨洮邊塞夜景；英勇守備、安定有力量"",""entities"":[{""id"":""general"",""type"":""character"",""label"":""哥舒將軍"",""detail"":""同一邊將，佩刀，唐代邊塞裝束""},{""id"":""border"",""type"":""location"",""label"":""邊塞營地與關防""},{""id"":""dipper"",""type"":""object"",""label"":""北斗七星""},{""id"":""horses"",""type"":""animal"",""label"":""牧馬""}],""scenes"":[{""id"":""p245_s01"",""setting"":""邊塞營地"",""time"":""夜晚"",""focus"":""北斗與佩刀守夜將軍"",""action"":""將軍站關防高處，北斗高掛"",""entities"":[""general"",""border"",""dipper""]},{""id"":""p245_s02"",""setting"":""同一邊塞外圍"",""time"":""夜晚或黎明前"",""focus"":""遠方牧馬停在界外"",""action"":""遠方人馬只敢在邊界外窺望，不敢越過關防"",""entities"":[""border"",""horses""]}],""continuity_rules"":[""固定同一邊塞地貌與關防方向"",""以距離感呈現威懾結果"",""不描繪戰鬥或血腥衝突""]}",唐代臨洮邊塞夜景；英勇守備、安定有力量,"p245_s01｜場景：邊塞營地｜時間：夜晚｜畫面核心：北斗與佩刀守夜將軍｜動作：將軍站關防高處，北斗高掛｜出現：哥舒將軍、邊塞營地與關防、北斗七星
p245_s02｜場景：同一邊塞外圍｜時間：夜晚或黎明前｜畫面核心：遠方牧馬停在界外｜動作：遠方人馬只敢在邊界外窺望，不敢越過關防｜出現：邊塞營地與關防、牧馬","人物｜哥舒將軍｜同一邊將，佩刀，唐代邊塞裝束
場景｜邊塞營地與關防
物件｜北斗七星
動物｜牧馬","固定同一邊塞地貌與關防方向
以距離感呈現威懾結果
不描繪戰鬥或血腥衝突"
246,崔顥,五言樂府,長干行二首之一,"君家何處住？妾住在橫塘。
停船暫借問，或恐是同鄉。","你家住在哪裡呢？我家住在橫塘。
請把船停一下讓我問問，說不定我們原來是同鄉呢。",2,8,visual_plan_v1,draft,"{""v"":""visual_plan_v1"",""entities"":[{""id"":""e01"",""type"":""character"",""label"":""詩人""},{""id"":""e02"",""type"":""location"",""label"":""船上""},{""id"":""e03"",""type"":""object"",""label"":""小船""}],""continuity"":{""recurring_entities"":[""e01""]},""scenes"":[{""id"":""p246_s01"",""setting"":""未明示"",""time"":""未明示"",""mood"":""平靜"",""entities"":[""e01""],""actions"":[],""focus"":[""詩人""]},{""id"":""p246_s02"",""setting"":""船上"",""time"":""未明示"",""mood"":""平靜"",""entities"":[""e01"",""e02"",""e03""],""actions"":[],""focus"":[""詩人"",""小船""]}]}",依各 Scene 視覺計畫,"p246_s01｜場景：未明示｜畫面核心：詩人｜情緒：平靜｜出現：詩人
p246_s02｜場景：船上｜畫面核心：詩人、小船｜情緒：平靜｜出現：詩人、船上、小船","人物｜詩人
場景｜船上
物件｜小船",重複元素：詩人
247,崔顥,五言樂府,長干行二首之二,"家臨九江水，來去九江側。
同是長干人，自小不相識。","我家就在九江水邊，平常來來去去都經過九江附近。
原來我們都是長干里的人，可惜從小竟然沒有認識彼此。",2,8,visual_plan_v1,draft,"{""v"":""visual_plan_v1"",""entities"":[{""id"":""e01"",""type"":""character"",""label"":""詩人""},{""id"":""e02"",""type"":""location"",""label"":""江邊""}],""continuity"":{""recurring_entities"":[""e01""]},""scenes"":[{""id"":""p247_s01"",""setting"":""江邊"",""time"":""未明示"",""mood"":""平靜"",""entities"":[""e01"",""e02""],""actions"":[""前行""],""focus"":[""詩人"",""前行""]},{""id"":""p247_s02"",""setting"":""未明示"",""time"":""未明示"",""mood"":""感傷"",""entities"":[""e01""],""actions"":[],""focus"":[""詩人""]}]}",依各 Scene 視覺計畫,"p247_s01｜場景：江邊｜畫面核心：詩人、前行｜動作：前行｜情緒：平靜｜出現：詩人、江邊
p247_s02｜場景：未明示｜畫面核心：詩人｜情緒：感傷｜出現：詩人","人物｜詩人
場景｜江邊",重複元素：詩人
248,李白,五言樂府,玉階怨,"玉階生白露，夜久侵羅襪。
却下水晶簾，玲瓏望秋月。","白露落在宮殿玉階上，夜深後寒氣連薄薄羅襪都浸濕了。
我放下水晶簾，隔著透明簾幕，默默望著明亮秋月。",3,7,visual_plan_v1,draft,"{""v"":""visual_plan_v1"",""entities"":[{""id"":""e01"",""type"":""location"",""label"":""宮中""},{""id"":""e02"",""type"":""object"",""label"":""露水""},{""id"":""e03"",""type"":""character"",""label"":""詩人""},{""id"":""e04"",""type"":""location"",""label"":""房間""},{""id"":""e05"",""type"":""object"",""label"":""月亮""}],""continuity"":{""recurring_entities"":[]},""scenes"":[{""id"":""p248_s01"",""setting"":""宮中"",""time"":""夜晚"",""mood"":""平靜"",""entities"":[""e01"",""e02""],""actions"":[],""focus"":[""露水""]},{""id"":""p248_s02"",""setting"":""房間"",""time"":""秋天"",""mood"":""平靜"",""entities"":[""e03"",""e04"",""e05""],""actions"":[""看望""],""focus"":[""詩人"",""月亮"",""看望""]}]}",依各 Scene 視覺計畫,"p248_s01｜場景：宮中｜時間：夜晚｜畫面核心：露水｜情緒：平靜｜出現：宮中、露水
p248_s02｜場景：房間｜時間：秋天｜畫面核心：詩人、月亮、看望｜動作：看望｜情緒：平靜｜出現：詩人、房間、月亮","場景｜宮中
物件｜露水
人物｜詩人
場景｜房間
物件｜月亮",
249,盧綸,五言樂府,塞下曲四首之一,"鷲翎金僕姑，
燕尾繡蝥弧。
獨立揚新令，
千營共一呼。","箭尾裝著猛禽羽毛，
軍旗像燕尾一樣飄揚。
將軍一個人站出來宣布新命令，
千座軍營同時大聲回應。",2,8,visual_plan_v1,draft,"{""v"":""visual_plan_v1"",""entities"":[{""id"":""e01"",""type"":""animal"",""label"":""鳥""},{""id"":""e02"",""type"":""character"",""label"":""將軍""}],""continuity"":{""recurring_entities"":[]},""scenes"":[{""id"":""p249_s01"",""setting"":""未明示"",""time"":""未明示"",""mood"":""平靜"",""entities"":[],""actions"":[],""focus"":[]},{""id"":""p249_s02"",""setting"":""未明示"",""time"":""未明示"",""mood"":""平靜"",""entities"":[""e01""],""actions"":[],""focus"":[""鳥""]},{""id"":""p249_s03"",""setting"":""未明示"",""time"":""未明示"",""mood"":""平靜"",""entities"":[""e02""],""actions"":[],""focus"":[""將軍""]},{""id"":""p249_s04"",""setting"":""未明示"",""time"":""未明示"",""mood"":""平靜"",""entities"":[],""actions"":[],""focus"":[]}]}",依各 Scene 視覺計畫,"p249_s01｜場景：未明示｜畫面核心：｜情緒：平靜
p249_s02｜場景：未明示｜畫面核心：鳥｜情緒：平靜｜出現：鳥
p249_s03｜場景：未明示｜畫面核心：將軍｜情緒：平靜｜出現：將軍
p249_s04｜場景：未明示｜畫面核心：｜情緒：平靜","動物｜鳥
人物｜將軍",
250,盧綸,五言樂府,塞下曲四首之二,"林暗草驚風，將軍夜引弓。
平明尋白羽，沒在石棱中。","黑暗樹林裡草被風吹動，將軍以為有猛獸，夜裡立刻拉弓射箭。
天亮去找射出的白羽箭，才發現箭竟深深射進堅硬石頭裡。",2,8,visual_plan_v1,draft,"{""v"":""visual_plan_v1"",""entities"":[{""id"":""e01"",""type"":""character"",""label"":""將軍""},{""id"":""e02"",""type"":""plant"",""label"":""青草""},{""id"":""e03"",""type"":""plant"",""label"":""樹木""},{""id"":""e04"",""type"":""object"",""label"":""風""},{""id"":""e05"",""type"":""object"",""label"":""石陣""}],""continuity"":{""recurring_entities"":[]},""scenes"":[{""id"":""p250_s01"",""setting"":""未明示"",""time"":""夜晚"",""mood"":""平靜"",""entities"":[""e01"",""e02"",""e03"",""e04""],""actions"":[],""focus"":[""將軍"",""青草"",""樹木"",""風""]},{""id"":""p250_s02"",""setting"":""未明示"",""time"":""清晨"",""mood"":""平靜"",""entities"":[""e05""],""actions"":[""前行""],""focus"":[""石陣"",""前行""]}]}",依各 Scene 視覺計畫,"p250_s01｜場景：未明示｜時間：夜晚｜畫面核心：將軍、青草、樹木、風｜情緒：平靜｜出現：將軍、青草、樹木、風
p250_s02｜場景：未明示｜時間：清晨｜畫面核心：石陣、前行｜動作：前行｜情緒：平靜｜出現：石陣","人物｜將軍
植物｜青草
植物｜樹木
物件｜風
物件｜石陣",
251,盧綸,五言樂府,塞下曲四首之三,"月黑雁飛高，單于夜遁逃。
欲將輕騎逐，大雪滿弓刀。","沒有月亮的黑夜，大雁飛得很高，敵軍首領正偷偷連夜逃走。
將軍準備帶輕騎追趕，這時大雪已落滿大家的弓和刀。",2,8,visual_plan_v1,draft,"{""v"":""visual_plan_v1"",""entities"":[{""id"":""e01"",""type"":""animal"",""label"":""鳥""},{""id"":""e02"",""type"":""object"",""label"":""月亮""},{""id"":""e03"",""type"":""character"",""label"":""將軍""},{""id"":""e04"",""type"":""object"",""label"":""雪""},{""id"":""e05"",""type"":""object"",""label"":""刀""}],""continuity"":{""recurring_entities"":[]},""scenes"":[{""id"":""p251_s01"",""setting"":""未明示"",""time"":""夜晚"",""mood"":""平靜"",""entities"":[""e01"",""e02""],""actions"":[""前行""],""focus"":[""鳥"",""月亮"",""前行""]},{""id"":""p251_s02"",""setting"":""未明示"",""time"":""冬天"",""mood"":""平靜"",""entities"":[""e03"",""e04"",""e05""],""actions"":[],""focus"":[""將軍"",""雪"",""刀""]}]}",依各 Scene 視覺計畫,"p251_s01｜場景：未明示｜時間：夜晚｜畫面核心：鳥、月亮、前行｜動作：前行｜情緒：平靜｜出現：鳥、月亮
p251_s02｜場景：未明示｜時間：冬天｜畫面核心：將軍、雪、刀｜情緒：平靜｜出現：將軍、雪、刀","動物｜鳥
物件｜月亮
人物｜將軍
物件｜雪
物件｜刀",
252,盧綸,五言樂府,塞下曲四首之四,"野幕敞瓊筵，羌戎賀勞旋。
醉和金甲舞，雷鼓動山川。","野外軍帳裡擺開盛大宴席，邊族的人也來祝賀軍隊凱旋。
將士喝醉後穿著金甲起舞，戰鼓像雷一樣震動山川。",2,8,visual_plan_v1,draft,"{""v"":""visual_plan_v1"",""entities"":[{""id"":""e01"",""type"":""location"",""label"":""溪流""}],""continuity"":{""recurring_entities"":[]},""scenes"":[{""id"":""p252_s01"",""setting"":""未明示"",""time"":""未明示"",""mood"":""平靜"",""entities"":[],""actions"":[],""focus"":[]},{""id"":""p252_s02"",""setting"":""溪流"",""time"":""未明示"",""mood"":""平靜"",""entities"":[""e01""],""actions"":[],""focus"":[]}]}",依各 Scene 視覺計畫,"p252_s01｜場景：未明示｜畫面核心：｜情緒：平靜
p252_s02｜場景：溪流｜畫面核心：｜情緒：平靜｜出現：溪流",場景｜溪流,
253,李益,五言樂府,江南曲,"嫁得瞿塘賈，朝朝誤妾期。
早知潮有信，嫁與弄潮兒。","嫁給在瞿塘做生意的商人後，他天天答應回家，卻天天讓我白等。
早知道潮水都比他守時，我還不如嫁給每天跟著潮水出沒的弄潮人。",2,8,visual_plan_v1,draft,"{""v"":""visual_plan_v1"",""entities"":[{""id"":""e01"",""type"":""character"",""label"":""詩人""}],""continuity"":{""recurring_entities"":[""e01""]},""scenes"":[{""id"":""p253_s01"",""setting"":""未明示"",""time"":""未明示"",""mood"":""平靜"",""entities"":[""e01""],""actions"":[],""focus"":[""詩人""]},{""id"":""p253_s02"",""setting"":""未明示"",""time"":""未明示"",""mood"":""平靜"",""entities"":[""e01""],""actions"":[],""focus"":[""詩人""]}]}",依各 Scene 視覺計畫,"p253_s01｜場景：未明示｜畫面核心：詩人｜情緒：平靜｜出現：詩人
p253_s02｜場景：未明示｜畫面核心：詩人｜情緒：平靜｜出現：詩人",人物｜詩人,重複元素：詩人
254,賀知章,七言絕句,回鄉偶書,"少小離家老大回，鄉音無改鬢毛衰，
兒童相見不相識，笑問客從何處來。","我年輕時離開家鄉，直到年老才回來；家鄉口音沒變，頭髮卻已稀白。
村裡孩子看見我完全不認識，還笑著問：「這位客人是從哪裡來的？」",5,6,visual_plan_v2,approved,"{""v"":""visual_plan_v2"",""world"":""故鄉村口；久別返鄉，親切又帶歲月感"",""entities"":[{""id"":""elder"",""type"":""character"",""label"":""返鄉老人"",""detail"":""同一白髮老人，唐代衣著，帶簡單行囊""},{""id"":""children"",""type"":""character"",""label"":""村中孩子"",""detail"":""數位天真孩童""},{""id"":""village"",""type"":""location"",""label"":""故鄉村口"",""detail"":""老樹、小路、民居""}],""scenes"":[{""id"":""p254_s01"",""setting"":""故鄉村口小路"",""time"":""白天"",""focus"":""白髮老人走回村莊"",""action"":""老人帶行囊進村，環境熟悉但歲月已久"",""entities"":[""elder"",""village""]},{""id"":""p254_s02"",""setting"":""同一村口"",""time"":""稍後"",""focus"":""孩子們笑著詢問老人"",""action"":""孩子友善好奇，老人帶溫和錯愕與笑意"",""entities"":[""elder"",""children"",""village""]}],""continuity_rules"":[""固定同一老人、行囊、村口老樹與道路"",""S02直接承接S01老人剛進村"",""孩子表情友善，不畫成嘲笑""]}",故鄉村口；久別返鄉，親切又帶歲月感,"p254_s01｜場景：故鄉村口小路｜時間：白天｜畫面核心：白髮老人走回村莊｜動作：老人帶行囊進村，環境熟悉但歲月已久｜出現：返鄉老人、故鄉村口
p254_s02｜場景：同一村口｜時間：稍後｜畫面核心：孩子們笑著詢問老人｜動作：孩子友善好奇，老人帶溫和錯愕與笑意｜出現：返鄉老人、村中孩子、故鄉村口","人物｜返鄉老人｜同一白髮老人，唐代衣著，帶簡單行囊
人物｜村中孩子｜數位天真孩童
場景｜故鄉村口｜老樹、小路、民居","固定同一老人、行囊、村口老樹與道路
S02直接承接S01老人剛進村
孩子表情友善，不畫成嘲笑"
255,張旭,七言絕句,桃花溪,"隱隱飛橋隔野煙，石磯西畔問漁船。
桃花盡日隨流水，洞在清谿何處邊。","遠遠看見一座小橋藏在野外煙霧裡，我在石岸西邊向漁船問路。
桃花整天隨著溪水漂走，傳說中的桃花源洞口究竟在清溪哪一邊呢？",1,7,visual_plan_v1,draft,"{""v"":""visual_plan_v1"",""entities"":[{""id"":""e01"",""type"":""character"",""label"":""詩人""},{""id"":""e02"",""type"":""location"",""label"":""船上""},{""id"":""e03"",""type"":""location"",""label"":""古道""},{""id"":""e04"",""type"":""object"",""label"":""小船""},{""id"":""e05"",""type"":""object"",""label"":""石陣""},{""id"":""e06"",""type"":""plant"",""label"":""花樹""},{""id"":""e07"",""type"":""location"",""label"":""溪流""}],""continuity"":{""recurring_entities"":[]},""scenes"":[{""id"":""p255_s01"",""setting"":""船上"",""time"":""未明示"",""mood"":""平靜"",""entities"":[""e01"",""e02"",""e03"",""e04"",""e05""],""actions"":[""看望""],""focus"":[""詩人"",""小船"",""石陣"",""看望""]},{""id"":""p255_s02"",""setting"":""溪流"",""time"":""未明示"",""mood"":""平靜"",""entities"":[""e06"",""e07""],""actions"":[""前行""],""focus"":[""花樹"",""前行""]}]}",依各 Scene 視覺計畫,"p255_s01｜場景：船上｜畫面核心：詩人、小船、石陣、看望｜動作：看望｜情緒：平靜｜出現：詩人、船上、古道、小船、石陣
p255_s02｜場景：溪流｜畫面核心：花樹、前行｜動作：前行｜情緒：平靜｜出現：花樹、溪流","人物｜詩人
場景｜船上
場景｜古道
物件｜小船
物件｜石陣
植物｜花樹
場景｜溪流",
256,王維,七言絕句,九月九日憶山東兄弟,"獨在異鄉為異客，每逢佳節倍思親。
遙知兄弟登高處，遍插茱萸少一人。","一個人在外地當異鄉客，每逢節日就會比平常更加想念家人。
我想像兄弟們今天正在登高，大家都插著茱萸，只少了我這一個人。",5,7,visual_plan_v1,draft,"{""v"":""visual_plan_v1"",""entities"":[{""id"":""e01"",""type"":""character"",""label"":""旅人""},{""id"":""e02"",""type"":""character"",""label"":""詩人""}],""continuity"":{""recurring_entities"":[]},""scenes"":[{""id"":""p256_s01"",""setting"":""未明示"",""time"":""未明示"",""mood"":""思念"",""entities"":[""e01""],""actions"":[""思念""],""focus"":[""旅人"",""思念""]},{""id"":""p256_s02"",""setting"":""未明示"",""time"":""未明示"",""mood"":""平靜"",""entities"":[""e02""],""actions"":[""前行""],""focus"":[""詩人"",""前行""]}]}",依各 Scene 視覺計畫,"p256_s01｜場景：未明示｜畫面核心：旅人、思念｜動作：思念｜情緒：思念｜出現：旅人
p256_s02｜場景：未明示｜畫面核心：詩人、前行｜動作：前行｜情緒：平靜｜出現：詩人","人物｜旅人
人物｜詩人",
257,王昌齡,七言絕句,芙蓉樓送辛漸,"寒雨連江夜入吳，平明送客楚山孤。
洛陽親友如相問，一片冰心在玉壺。","寒冷夜雨一路連著江面進入吳地，天亮送你離開時，只見孤單楚山。
如果洛陽親友問起我，就告訴他們，我的心仍像玉壺裡的冰一樣清白。",4,7,visual_plan_v1,draft,"{""v"":""visual_plan_v1"",""entities"":[{""id"":""e01"",""type"":""location"",""label"":""江邊""},{""id"":""e02"",""type"":""location"",""label"":""古道""},{""id"":""e03"",""type"":""object"",""label"":""雨""},{""id"":""e04"",""type"":""character"",""label"":""詩人""}],""continuity"":{""recurring_entities"":[]},""scenes"":[{""id"":""p257_s01"",""setting"":""江邊"",""time"":""清晨"",""mood"":""孤寂"",""entities"":[""e01"",""e02"",""e03""],""actions"":[],""focus"":[""雨""]},{""id"":""p257_s02"",""setting"":""未明示"",""time"":""未明示"",""mood"":""平靜"",""entities"":[""e04""],""actions"":[],""focus"":[""詩人""]}]}",依各 Scene 視覺計畫,"p257_s01｜場景：江邊｜時間：清晨｜畫面核心：雨｜情緒：孤寂｜出現：江邊、古道、雨
p257_s02｜場景：未明示｜畫面核心：詩人｜情緒：平靜｜出現：詩人","場景｜江邊
場景｜古道
物件｜雨
人物｜詩人",
258,王昌齡,七言絕句,閨怨,"閨中少婦不曾愁，春日凝妝上翠樓。
忽見陌頭楊柳色，悔教夫婿覓封侯。","房中的年輕妻子本來沒什麼煩惱，春天還打扮好登上高樓賞景。
忽然看見路邊楊柳青青，想到丈夫遠行求功名，才後悔當初讓他去追求封侯。",3,8,visual_plan_v1,draft,"{""v"":""visual_plan_v1"",""entities"":[{""id"":""e01"",""type"":""location"",""label"":""房間""},{""id"":""e02"",""type"":""location"",""label"":""樓台""},{""id"":""e03"",""type"":""plant"",""label"":""柳樹""},{""id"":""e04"",""type"":""location"",""label"":""古道""}],""continuity"":{""recurring_entities"":[]},""scenes"":[{""id"":""p258_s01"",""setting"":""房間"",""time"":""春天"",""mood"":""平靜"",""entities"":[""e01"",""e02""],""actions"":[""前行""],""focus"":[""前行""]},{""id"":""p258_s02"",""setting"":""古道"",""time"":""未明示"",""mood"":""平靜"",""entities"":[""e03"",""e04""],""actions"":[""看望"",""前行""],""focus"":[""柳樹"",""看望"",""前行""]}]}",依各 Scene 視覺計畫,"p258_s01｜場景：房間｜時間：春天｜畫面核心：前行｜動作：前行｜情緒：平靜｜出現：房間、樓台
p258_s02｜場景：古道｜畫面核心：柳樹、看望、前行｜動作：看望、前行｜情緒：平靜｜出現：柳樹、古道","場景｜房間
場景｜樓台
植物｜柳樹
場景｜古道",
259,王昌齡,七言絕句,春宮曲,"昨夜風開露井桃，未央前殿月輪高。
平陽歌舞新承寵，簾外春寒賜錦袍。","昨夜春風吹開露井旁的桃花，未央宮前高高掛著月亮。
平陽歌女新得到皇帝寵愛，簾外春寒時還特別獲賜錦袍。",3,7,visual_plan_v1,draft,"{""v"":""visual_plan_v1"",""entities"":[{""id"":""e01"",""type"":""plant"",""label"":""花樹""},{""id"":""e02"",""type"":""location"",""label"":""宮中""},{""id"":""e03"",""type"":""object"",""label"":""月亮""},{""id"":""e04"",""type"":""object"",""label"":""風""},{""id"":""e05"",""type"":""object"",""label"":""露水""},{""id"":""e06"",""type"":""location"",""label"":""房間""}],""continuity"":{""recurring_entities"":[]},""scenes"":[{""id"":""p259_s01"",""setting"":""宮中"",""time"":""夜晚"",""mood"":""平靜"",""entities"":[""e01"",""e02"",""e03"",""e04"",""e05""],""actions"":[],""focus"":[""花樹"",""月亮"",""風"",""露水""]},{""id"":""p259_s02"",""setting"":""房間"",""time"":""春天"",""mood"":""平靜"",""entities"":[""e06""],""actions"":[],""focus"":[]}]}",依各 Scene 視覺計畫,"p259_s01｜場景：宮中｜時間：夜晚｜畫面核心：花樹、月亮、風、露水｜情緒：平靜｜出現：花樹、宮中、月亮、風、露水
p259_s02｜場景：房間｜時間：春天｜畫面核心：｜情緒：平靜｜出現：房間","植物｜花樹
場景｜宮中
物件｜月亮
物件｜風
物件｜露水
場景｜房間",
260,王翰,七言絕句,涼州詞,"葡萄美酒夜光杯，欲飲琵琶馬上催。
醉臥沙場君莫笑，古來征戰幾人回。","夜光杯裡盛著葡萄美酒，正想喝時，馬上琵琶聲又催大家出發。
就算喝醉倒在戰場也別笑我，因為自古上戰場的人，又有多少能平安回來？",5,7,visual_plan_v1,draft,"{""v"":""visual_plan_v1"",""entities"":[{""id"":""e01"",""type"":""animal"",""label"":""馬""},{""id"":""e02"",""type"":""object"",""label"":""酒""},{""id"":""e03"",""type"":""character"",""label"":""詩人""}],""continuity"":{""recurring_entities"":[]},""scenes"":[{""id"":""p260_s01"",""setting"":""未明示"",""time"":""夜晚"",""mood"":""平靜"",""entities"":[""e01"",""e02""],""actions"":[""飲酒""],""focus"":[""馬"",""酒"",""飲酒""]},{""id"":""p260_s02"",""setting"":""未明示"",""time"":""未明示"",""mood"":""平靜"",""entities"":[""e03""],""actions"":[],""focus"":[""詩人""]}]}",依各 Scene 視覺計畫,"p260_s01｜場景：未明示｜時間：夜晚｜畫面核心：馬、酒、飲酒｜動作：飲酒｜情緒：平靜｜出現：馬、酒
p260_s02｜場景：未明示｜畫面核心：詩人｜情緒：平靜｜出現：詩人","動物｜馬
物件｜酒
人物｜詩人",
261,李白,七言絕句,送孟浩然之廣陵,"故人西辭黃鶴樓，
煙花三月下揚州。
孤帆遠影碧空盡，
唯見長江天際流。","老朋友從西邊黃鶴樓和我告別，
在花煙迷人的三月坐船前往揚州。
我一直看著那面孤帆越來越遠，最後消失在藍天盡頭，
眼前只剩長江一路流向天邊。",5,7,visual_plan_v1,draft,"{""v"":""visual_plan_v1"",""entities"":[{""id"":""e01"",""type"":""character"",""label"":""詩人""},{""id"":""e02"",""type"":""character"",""label"":""朋友""},{""id"":""e03"",""type"":""animal"",""label"":""鶴""},{""id"":""e04"",""type"":""location"",""label"":""樓台""},{""id"":""e05"",""type"":""plant"",""label"":""花樹""},{""id"":""e06"",""type"":""location"",""label"":""船上""},{""id"":""e07"",""type"":""object"",""label"":""月亮""},{""id"":""e08"",""type"":""object"",""label"":""小船""},{""id"":""e09"",""type"":""location"",""label"":""江邊""},{""id"":""e10"",""type"":""location"",""label"":""古道""}],""continuity"":{""recurring_entities"":[""e01""]},""scenes"":[{""id"":""p261_s01"",""setting"":""樓台"",""time"":""未明示"",""mood"":""平靜"",""entities"":[""e01"",""e02"",""e03"",""e04""],""actions"":[],""focus"":[""詩人"",""朋友"",""鶴""]},{""id"":""p261_s02"",""setting"":""船上"",""time"":""未明示"",""mood"":""平靜"",""entities"":[""e05"",""e06"",""e07"",""e08""],""actions"":[],""focus"":[""花樹"",""月亮"",""小船""]},{""id"":""p261_s03"",""setting"":""未明示"",""time"":""未明示"",""mood"":""平靜"",""entities"":[""e01""],""actions"":[""看望""],""focus"":[""詩人"",""看望""]},{""id"":""p261_s04"",""setting"":""江邊"",""time"":""未明示"",""mood"":""平靜"",""entities"":[""e09"",""e10""],""actions"":[],""focus"":[]}]}",依各 Scene 視覺計畫,"p261_s01｜場景：樓台｜畫面核心：詩人、朋友、鶴｜情緒：平靜｜出現：詩人、朋友、鶴、樓台
p261_s02｜場景：船上｜畫面核心：花樹、月亮、小船｜情緒：平靜｜出現：花樹、船上、月亮、小船
p261_s03｜場景：未明示｜畫面核心：詩人、看望｜動作：看望｜情緒：平靜｜出現：詩人
p261_s04｜場景：江邊｜畫面核心：｜情緒：平靜｜出現：江邊、古道","人物｜詩人
人物｜朋友
動物｜鶴
場景｜樓台
植物｜花樹
場景｜船上
物件｜月亮
物件｜小船
場景｜江邊
場景｜古道",重複元素：詩人
262,李白,七言絕句,下江陵,"朝辭白帝彩雲間，
千里江陵一日還。
兩岸猿聲啼不住，
輕舟已過萬重山。","清晨我離開彩雲間的白帝城，
千里之外的江陵，一天就能回到。
兩岸猿猴叫聲還不停傳來，
輕快小船早已穿過一重又一重高山。",5,7,visual_plan_v1,draft,"{""v"":""visual_plan_v1"",""entities"":[{""id"":""e01"",""type"":""character"",""label"":""詩人""},{""id"":""e02"",""type"":""location"",""label"":""城中""},{""id"":""e03"",""type"":""object"",""label"":""雲""},{""id"":""e04"",""type"":""location"",""label"":""江邊""},{""id"":""e05"",""type"":""animal"",""label"":""猿""},{""id"":""e06"",""type"":""location"",""label"":""山中""},{""id"":""e07"",""type"":""location"",""label"":""船上""},{""id"":""e08"",""type"":""object"",""label"":""小船""}],""continuity"":{""recurring_entities"":[]},""scenes"":[{""id"":""p262_s01"",""setting"":""城中"",""time"":""未明示"",""mood"":""平靜"",""entities"":[""e01"",""e02"",""e03""],""actions"":[],""focus"":[""詩人"",""雲""]},{""id"":""p262_s02"",""setting"":""江邊"",""time"":""未明示"",""mood"":""平靜"",""entities"":[""e04""],""actions"":[],""focus"":[]},{""id"":""p262_s03"",""setting"":""未明示"",""time"":""未明示"",""mood"":""平靜"",""entities"":[""e05""],""actions"":[],""focus"":[""猿""]},{""id"":""p262_s04"",""setting"":""山中"",""time"":""未明示"",""mood"":""平靜"",""entities"":[""e06"",""e07"",""e08""],""actions"":[],""focus"":[""小船""]}]}",依各 Scene 視覺計畫,"p262_s01｜場景：城中｜畫面核心：詩人、雲｜情緒：平靜｜出現：詩人、城中、雲
p262_s02｜場景：江邊｜畫面核心：｜情緒：平靜｜出現：江邊
p262_s03｜場景：未明示｜畫面核心：猿｜情緒：平靜｜出現：猿
p262_s04｜場景：山中｜畫面核心：小船｜情緒：平靜｜出現：山中、船上、小船","人物｜詩人
場景｜城中
物件｜雲
場景｜江邊
動物｜猿
場景｜山中
場景｜船上
物件｜小船",
263,岑參,七言絕句,逢入京使,"故園東望路漫漫，雙袖龍鍾淚不乾。
馬上相逢無紙筆，憑君傳語報平安。","向東望故鄉，路遠得看不到盡頭，我哭得兩邊袖子都濕了。
在馬上正巧遇到回京的人，身邊沒有紙筆，只好請你口頭替我向家人報平安。",3,7,visual_plan_v1,draft,"{""v"":""visual_plan_v1"",""entities"":[{""id"":""e01"",""type"":""character"",""label"":""詩人""},{""id"":""e02"",""type"":""location"",""label"":""古道""},{""id"":""e03"",""type"":""animal"",""label"":""馬""},{""id"":""e04"",""type"":""location"",""label"":""城中""}],""continuity"":{""recurring_entities"":[""e01""]},""scenes"":[{""id"":""p263_s01"",""setting"":""古道"",""time"":""未明示"",""mood"":""平靜"",""entities"":[""e01"",""e02""],""actions"":[""看望"",""哭泣""],""focus"":[""詩人"",""看望"",""哭泣""]},{""id"":""p263_s02"",""setting"":""城中"",""time"":""未明示"",""mood"":""平靜"",""entities"":[""e01"",""e03"",""e04""],""actions"":[],""focus"":[""詩人"",""馬""]}]}",依各 Scene 視覺計畫,"p263_s01｜場景：古道｜畫面核心：詩人、看望、哭泣｜動作：看望、哭泣｜情緒：平靜｜出現：詩人、古道
p263_s02｜場景：城中｜畫面核心：詩人、馬｜情緒：平靜｜出現：詩人、馬、城中","人物｜詩人
場景｜古道
動物｜馬
場景｜城中",重複元素：詩人
264,杜甫,七言絕句,江南逢李龜年,"岐王宅裏尋常見，崔九堂前㡬度聞。
正是江南好風景，落花時節又逢君。","以前在岐王府裡常常見到你，在崔九家中也多次聽你唱歌。
如今正是江南最美的時節，沒想到又在落花紛飛時和你重逢。",4,7,visual_plan_v1,draft,"{""v"":""visual_plan_v1"",""entities"":[{""id"":""e01"",""type"":""plant"",""label"":""花樹""},{""id"":""e02"",""type"":""location"",""label"":""江邊""},{""id"":""e03"",""type"":""object"",""label"":""風""}],""continuity"":{""recurring_entities"":[]},""scenes"":[{""id"":""p264_s01"",""setting"":""未明示"",""time"":""未明示"",""mood"":""平靜"",""entities"":[],""actions"":[""聆聽""],""focus"":[""聆聽""]},{""id"":""p264_s02"",""setting"":""江邊"",""time"":""未明示"",""mood"":""平靜"",""entities"":[""e01"",""e02"",""e03""],""actions"":[],""focus"":[""花樹"",""風""]}]}",依各 Scene 視覺計畫,"p264_s01｜場景：未明示｜畫面核心：聆聽｜動作：聆聽｜情緒：平靜
p264_s02｜場景：江邊｜畫面核心：花樹、風｜情緒：平靜｜出現：花樹、江邊、風","植物｜花樹
場景｜江邊
物件｜風",
265,韋應物,七言絕句,滁州西澗,"獨憐幽草澗邊生，上有黃鸝深樹鳴。
春潮帶雨晚來急，野渡無人舟自橫。","我特別喜歡溪邊安靜長著的小草，深樹上還有黃鸝鳴唱。
傍晚春潮帶著雨水突然變急，荒野渡口沒有人，只有小船自己橫在水面。",4,7,visual_plan_v1,draft,"{""v"":""visual_plan_v1"",""entities"":[{""id"":""e01"",""type"":""character"",""label"":""詩人""},{""id"":""e02"",""type"":""plant"",""label"":""青草""},{""id"":""e03"",""type"":""plant"",""label"":""樹木""},{""id"":""e04"",""type"":""location"",""label"":""溪流""},{""id"":""e05"",""type"":""location"",""label"":""船上""},{""id"":""e06"",""type"":""object"",""label"":""雨""},{""id"":""e07"",""type"":""object"",""label"":""小船""}],""continuity"":{""recurring_entities"":[]},""scenes"":[{""id"":""p265_s01"",""setting"":""溪流"",""time"":""未明示"",""mood"":""愉快"",""entities"":[""e01"",""e02"",""e03"",""e04""],""actions"":[],""focus"":[""詩人"",""青草"",""樹木""]},{""id"":""p265_s02"",""setting"":""船上"",""time"":""春天"",""mood"":""平靜"",""entities"":[""e05"",""e06"",""e07""],""actions"":[],""focus"":[""雨"",""小船""]}]}",依各 Scene 視覺計畫,"p265_s01｜場景：溪流｜畫面核心：詩人、青草、樹木｜情緒：愉快｜出現：詩人、青草、樹木、溪流
p265_s02｜場景：船上｜時間：春天｜畫面核心：雨、小船｜情緒：平靜｜出現：船上、雨、小船","人物｜詩人
植物｜青草
植物｜樹木
場景｜溪流
場景｜船上
物件｜雨
物件｜小船",
266,張繼,七言絕句,楓橋夜泊,"月落烏啼霜滿天，江楓漁火對愁眠。
姑蘇城外寒山寺，夜半鐘聲到客船。","月亮落下，烏鴉啼叫，寒霜像滿布天空；我對著江邊楓樹和漁火，帶著愁睡不著。
姑蘇城外寒山寺的鐘聲，在半夜一路傳到我停泊的客船。",5,7,visual_plan_v1,draft,"{""v"":""visual_plan_v1"",""entities"":[{""id"":""e01"",""type"":""character"",""label"":""詩人""},{""id"":""e02"",""type"":""animal"",""label"":""鳥""},{""id"":""e03"",""type"":""plant"",""label"":""樹木""},{""id"":""e04"",""type"":""location"",""label"":""江邊""},{""id"":""e05"",""type"":""object"",""label"":""月亮""},{""id"":""e06"",""type"":""object"",""label"":""霜""},{""id"":""e07"",""type"":""character"",""label"":""旅人""},{""id"":""e08"",""type"":""location"",""label"":""船上""},{""id"":""e09"",""type"":""location"",""label"":""城中""},{""id"":""e10"",""type"":""location"",""label"":""古道""},{""id"":""e11"",""type"":""location"",""label"":""寺院""},{""id"":""e12"",""type"":""object"",""label"":""小船""},{""id"":""e13"",""type"":""object"",""label"":""鐘""}],""continuity"":{""recurring_entities"":[""e01""]},""scenes"":[{""id"":""p266_s01"",""setting"":""江邊"",""time"":""未明示"",""mood"":""平靜"",""entities"":[""e01"",""e02"",""e03"",""e04"",""e05"",""e06""],""actions"":[""休息""],""focus"":[""詩人"",""鳥"",""樹木"",""月亮"",""霜""]},{""id"":""p266_s02"",""setting"":""船上"",""time"":""夜晚"",""mood"":""平靜"",""entities"":[""e01"",""e07"",""e08"",""e09"",""e10"",""e11"",""e12"",""e13""],""actions"":[],""focus"":[""詩人"",""旅人"",""小船"",""鐘""]}]}",依各 Scene 視覺計畫,"p266_s01｜場景：江邊｜畫面核心：詩人、鳥、樹木、月亮、霜｜動作：休息｜情緒：平靜｜出現：詩人、鳥、樹木、江邊、月亮、霜
p266_s02｜場景：船上｜時間：夜晚｜畫面核心：詩人、旅人、小船、鐘｜情緒：平靜｜出現：詩人、旅人、船上、城中、古道、寺院、小船、鐘","人物｜詩人
動物｜鳥
植物｜樹木
場景｜江邊
物件｜月亮
物件｜霜
人物｜旅人
場景｜船上
場景｜城中
場景｜古道
場景｜寺院
物件｜小船
物件｜鐘",重複元素：詩人
267,韓翃,七言絕句,寒食,"春城無處不飛花，寒食東風御柳斜。
日暮漢宮傳蠟燭，輕煙散入五侯家。","春天城裡到處花瓣飛舞，寒食節東風吹得皇家柳樹斜斜搖動。
傍晚宮中傳出皇帝賜下的蠟燭，淡淡煙霧很快飄進幾家權貴府邸。",4,7,visual_plan_v1,draft,"{""v"":""visual_plan_v1"",""entities"":[{""id"":""e01"",""type"":""plant"",""label"":""花樹""},{""id"":""e02"",""type"":""plant"",""label"":""柳樹""},{""id"":""e03"",""type"":""plant"",""label"":""樹木""},{""id"":""e04"",""type"":""location"",""label"":""城中""},{""id"":""e05"",""type"":""object"",""label"":""風""},{""id"":""e06"",""type"":""object"",""label"":""花瓣""},{""id"":""e07"",""type"":""location"",""label"":""宮中""},{""id"":""e08"",""type"":""object"",""label"":""燈火""}],""continuity"":{""recurring_entities"":[]},""scenes"":[{""id"":""p267_s01"",""setting"":""城中"",""time"":""春天"",""mood"":""平靜"",""entities"":[""e01"",""e02"",""e03"",""e04"",""e05"",""e06""],""actions"":[],""focus"":[""花樹"",""柳樹"",""樹木"",""風"",""花瓣""]},{""id"":""p267_s02"",""setting"":""宮中"",""time"":""黃昏"",""mood"":""平靜"",""entities"":[""e07"",""e08""],""actions"":[],""focus"":[""燈火""]}]}",依各 Scene 視覺計畫,"p267_s01｜場景：城中｜時間：春天｜畫面核心：花樹、柳樹、樹木、風、花瓣｜情緒：平靜｜出現：花樹、柳樹、樹木、城中、風、花瓣
p267_s02｜場景：宮中｜時間：黃昏｜畫面核心：燈火｜情緒：平靜｜出現：宮中、燈火","植物｜花樹
植物｜柳樹
植物｜樹木
場景｜城中
物件｜風
物件｜花瓣
場景｜宮中
物件｜燈火",
268,劉方平,七言絕句,月夜,"更深月色半人家，
北斗闌干南斗斜。
今夜偏知春氣暖，
蟲聲新透綠窗沙。","夜深後月光只照亮一半人家，
北斗橫斜，南斗也已偏向一邊。
今晚我特別感覺到春天真的暖了，
因為新出的蟲鳴已穿過綠色紗窗傳進來。",1,8,visual_plan_v1,draft,"{""v"":""visual_plan_v1"",""entities"":[{""id"":""e01"",""type"":""object"",""label"":""月亮""},{""id"":""e02"",""type"":""character"",""label"":""詩人""},{""id"":""e03"",""type"":""location"",""label"":""房間""},{""id"":""e04"",""type"":""object"",""label"":""窗戶""}],""continuity"":{""recurring_entities"":[]},""scenes"":[{""id"":""p268_s01"",""setting"":""未明示"",""time"":""夜晚"",""mood"":""平靜"",""entities"":[""e01""],""actions"":[],""focus"":[""月亮""]},{""id"":""p268_s02"",""setting"":""未明示"",""time"":""未明示"",""mood"":""平靜"",""entities"":[],""actions"":[],""focus"":[]},{""id"":""p268_s03"",""setting"":""未明示"",""time"":""夜晚"",""mood"":""平靜"",""entities"":[""e02""],""actions"":[],""focus"":[""詩人""]},{""id"":""p268_s04"",""setting"":""房間"",""time"":""未明示"",""mood"":""平靜"",""entities"":[""e03"",""e04""],""actions"":[],""focus"":[""窗戶""]}]}",依各 Scene 視覺計畫,"p268_s01｜場景：未明示｜時間：夜晚｜畫面核心：月亮｜情緒：平靜｜出現：月亮
p268_s02｜場景：未明示｜畫面核心：｜情緒：平靜
p268_s03｜場景：未明示｜時間：夜晚｜畫面核心：詩人｜情緒：平靜｜出現：詩人
p268_s04｜場景：房間｜畫面核心：窗戶｜情緒：平靜｜出現：房間、窗戶","物件｜月亮
人物｜詩人
場景｜房間
物件｜窗戶",
269,劉方平,七言絕句,春怨,"紗窗日落漸黃昏，金屋無人見淚痕。
寂寞空庭春欲晚，梨花滿地不開門。","紗窗外太陽落下，天色漸漸黃昏，華麗屋中沒有人注意她臉上的淚痕。
寂寞院子裡春天快過完了，梨花落滿地，她仍把門緊緊關著。",1,7,visual_plan_v1,draft,"{""v"":""visual_plan_v1"",""entities"":[{""id"":""e01"",""type"":""location"",""label"":""房間""},{""id"":""e02"",""type"":""object"",""label"":""窗戶""},{""id"":""e03"",""type"":""plant"",""label"":""花樹""},{""id"":""e04"",""type"":""location"",""label"":""庭院""},{""id"":""e05"",""type"":""location"",""label"":""關塞""},{""id"":""e06"",""type"":""object"",""label"":""花瓣""}],""continuity"":{""recurring_entities"":[]},""scenes"":[{""id"":""p269_s01"",""setting"":""房間"",""time"":""未明示"",""mood"":""感傷"",""entities"":[""e01"",""e02""],""actions"":[""哭泣""],""focus"":[""窗戶"",""哭泣""]},{""id"":""p269_s02"",""setting"":""庭院"",""time"":""春天"",""mood"":""孤寂"",""entities"":[""e03"",""e04"",""e05"",""e06""],""actions"":[],""focus"":[""花樹"",""花瓣""]}]}",依各 Scene 視覺計畫,"p269_s01｜場景：房間｜畫面核心：窗戶、哭泣｜動作：哭泣｜情緒：感傷｜出現：房間、窗戶
p269_s02｜場景：庭院｜時間：春天｜畫面核心：花樹、花瓣｜情緒：孤寂｜出現：花樹、庭院、關塞、花瓣","場景｜房間
物件｜窗戶
植物｜花樹
場景｜庭院
場景｜關塞
物件｜花瓣",
270,柳中庸,七言絕句,征人怨,"歲歲金河復玉關，
朝朝馬策與刀環。
三春白雪歸青塚，
萬里黃河繞黑山。","年年都在金河、玉門關一帶奔波，
每天陪伴我的只有馬鞭和刀環聲。
春天三月那裡還下著白雪，一直延伸到昭君青塚，
萬里黃河又繞過遙遠黑山，邊地生活怎麼都走不完。",1,8,visual_plan_v1,draft,"{""v"":""visual_plan_v1"",""entities"":[{""id"":""e01"",""type"":""location"",""label"":""河岸""},{""id"":""e02"",""type"":""location"",""label"":""關塞""},{""id"":""e03"",""type"":""character"",""label"":""詩人""},{""id"":""e04"",""type"":""animal"",""label"":""馬""},{""id"":""e05"",""type"":""object"",""label"":""刀""},{""id"":""e06"",""type"":""character"",""label"":""朋友""},{""id"":""e07"",""type"":""object"",""label"":""月亮""},{""id"":""e08"",""type"":""object"",""label"":""雪""}],""continuity"":{""recurring_entities"":[""e01""]},""scenes"":[{""id"":""p270_s01"",""setting"":""河岸"",""time"":""未明示"",""mood"":""平靜"",""entities"":[""e01"",""e02""],""actions"":[],""focus"":[]},{""id"":""p270_s02"",""setting"":""未明示"",""time"":""未明示"",""mood"":""平靜"",""entities"":[""e03"",""e04"",""e05""],""actions"":[],""focus"":[""詩人"",""馬"",""刀""]},{""id"":""p270_s03"",""setting"":""未明示"",""time"":""春天"",""mood"":""平靜"",""entities"":[""e06"",""e07"",""e08""],""actions"":[],""focus"":[""朋友"",""月亮"",""雪""]},{""id"":""p270_s04"",""setting"":""河岸"",""time"":""未明示"",""mood"":""平靜"",""entities"":[""e01""],""actions"":[""前行""],""focus"":[""前行""]}]}",依各 Scene 視覺計畫,"p270_s01｜場景：河岸｜畫面核心：｜情緒：平靜｜出現：河岸、關塞
p270_s02｜場景：未明示｜畫面核心：詩人、馬、刀｜情緒：平靜｜出現：詩人、馬、刀
p270_s03｜場景：未明示｜時間：春天｜畫面核心：朋友、月亮、雪｜情緒：平靜｜出現：朋友、月亮、雪
p270_s04｜場景：河岸｜畫面核心：前行｜動作：前行｜情緒：平靜｜出現：河岸","場景｜河岸
場景｜關塞
人物｜詩人
動物｜馬
物件｜刀
人物｜朋友
物件｜月亮
物件｜雪",重複元素：河岸
271,顧况,七言絕句,宮詞,"玉樓天半起笙歌，風送宮嬪笑語和。
月殿影開聞夜漏，水晶簾卷近銀河。","高高玉樓像在半空中傳出笙歌，風吹來還帶著宮女的笑語聲。
月光照開宮殿影子，夜裡能聽到漏壺報時；捲起水晶簾，天空銀河像近在眼前。",1,7,visual_plan_v1,draft,"{""v"":""visual_plan_v1"",""entities"":[{""id"":""e01"",""type"":""character"",""label"":""宮女""},{""id"":""e02"",""type"":""location"",""label"":""宮中""},{""id"":""e03"",""type"":""location"",""label"":""樓台""},{""id"":""e04"",""type"":""object"",""label"":""風""},{""id"":""e05"",""type"":""location"",""label"":""河岸""},{""id"":""e06"",""type"":""location"",""label"":""房間""},{""id"":""e07"",""type"":""object"",""label"":""月亮""}],""continuity"":{""recurring_entities"":[""e02""]},""scenes"":[{""id"":""p271_s01"",""setting"":""宮中"",""time"":""未明示"",""mood"":""平靜"",""entities"":[""e01"",""e02"",""e03"",""e04""],""actions"":[],""focus"":[""宮女"",""風""]},{""id"":""p271_s02"",""setting"":""河岸"",""time"":""夜晚"",""mood"":""平靜"",""entities"":[""e05"",""e06"",""e02"",""e07""],""actions"":[""聆聽""],""focus"":[""月亮"",""聆聽""]}]}",依各 Scene 視覺計畫,"p271_s01｜場景：宮中｜畫面核心：宮女、風｜情緒：平靜｜出現：宮女、宮中、樓台、風
p271_s02｜場景：河岸｜時間：夜晚｜畫面核心：月亮、聆聽｜動作：聆聽｜情緒：平靜｜出現：河岸、房間、宮中、月亮","人物｜宮女
場景｜宮中
場景｜樓台
物件｜風
場景｜河岸
場景｜房間
物件｜月亮",重複元素：宮中
272,李益,七言絕句,夜上受降城聞笛,"回樂峰前沙似雪，受降城下月如霜。
不知何處吹蘆管，一夜征人盡望鄉。","回樂峰前沙地白得像雪，受降城下月光冷得像秋霜。
不知道是哪裡有人吹起蘆笛，整晚所有遠征士兵都抬頭想著故鄉。",4,7,visual_plan_v1,draft,"{""v"":""visual_plan_v1"",""entities"":[{""id"":""e01"",""type"":""location"",""label"":""城中""},{""id"":""e02"",""type"":""object"",""label"":""月亮""},{""id"":""e03"",""type"":""object"",""label"":""雪""},{""id"":""e04"",""type"":""object"",""label"":""霜""}],""continuity"":{""recurring_entities"":[]},""scenes"":[{""id"":""p272_s01"",""setting"":""城中"",""time"":""夜晚"",""mood"":""平靜"",""entities"":[""e01"",""e02"",""e03"",""e04""],""actions"":[],""focus"":[""月亮"",""雪"",""霜""]},{""id"":""p272_s02"",""setting"":""未明示"",""time"":""夜晚"",""mood"":""平靜"",""entities"":[],""actions"":[],""focus"":[]}]}",依各 Scene 視覺計畫,"p272_s01｜場景：城中｜時間：夜晚｜畫面核心：月亮、雪、霜｜情緒：平靜｜出現：城中、月亮、雪、霜
p272_s02｜場景：未明示｜時間：夜晚｜畫面核心：｜情緒：平靜","場景｜城中
物件｜月亮
物件｜雪
物件｜霜",
273,劉禹錫,七言絕句,烏衣巷,"朱雀橋邊野草花，
烏衣巷口夕陽斜。
舊時王謝堂前燕，
飛入尋常百姓家。","朱雀橋旁如今只剩野草和小花，
烏衣巷口夕陽斜斜照著。
以前在王謝豪門屋前築巢的燕子，
如今早已飛進普通百姓家裡。",4,8,visual_plan_v1,draft,"{""v"":""visual_plan_v1"",""entities"":[{""id"":""e01"",""type"":""animal"",""label"":""鳥""},{""id"":""e02"",""type"":""plant"",""label"":""青草""},{""id"":""e03"",""type"":""plant"",""label"":""花樹""},{""id"":""e04"",""type"":""object"",""label"":""太陽""},{""id"":""e05"",""type"":""location"",""label"":""房間""}],""continuity"":{""recurring_entities"":[""e01""]},""scenes"":[{""id"":""p273_s01"",""setting"":""未明示"",""time"":""未明示"",""mood"":""平靜"",""entities"":[""e01"",""e02"",""e03""],""actions"":[],""focus"":[""鳥"",""青草"",""花樹""]},{""id"":""p273_s02"",""setting"":""未明示"",""time"":""黃昏"",""mood"":""平靜"",""entities"":[""e04""],""actions"":[],""focus"":[""太陽""]},{""id"":""p273_s03"",""setting"":""房間"",""time"":""未明示"",""mood"":""平靜"",""entities"":[""e01"",""e05""],""actions"":[],""focus"":[""鳥""]},{""id"":""p273_s04"",""setting"":""未明示"",""time"":""未明示"",""mood"":""平靜"",""entities"":[],""actions"":[],""focus"":[]}]}",依各 Scene 視覺計畫,"p273_s01｜場景：未明示｜畫面核心：鳥、青草、花樹｜情緒：平靜｜出現：鳥、青草、花樹
p273_s02｜場景：未明示｜時間：黃昏｜畫面核心：太陽｜情緒：平靜｜出現：太陽
p273_s03｜場景：房間｜畫面核心：鳥｜情緒：平靜｜出現：鳥、房間
p273_s04｜場景：未明示｜畫面核心：｜情緒：平靜","動物｜鳥
植物｜青草
植物｜花樹
物件｜太陽
場景｜房間",重複元素：鳥
274,劉禹錫,七言絕句,春詞,"新妝宜面下朱樓，
深鎖春光一院愁。
行到中庭數花朵，
蜻蜓飛上玉搔頭。","我換上漂亮新妝走下紅樓，
深深院門卻把整個春光和愁悶一起鎖住。
走到院子中央，我無聊地數著花朵，
一隻蜻蜓忽然飛來停在我的玉簪上。",3,8,visual_plan_v1,draft,"{""v"":""visual_plan_v1"",""entities"":[{""id"":""e01"",""type"":""character"",""label"":""詩人""},{""id"":""e02"",""type"":""location"",""label"":""樓台""},{""id"":""e03"",""type"":""location"",""label"":""庭院""},{""id"":""e04"",""type"":""plant"",""label"":""花樹""}],""continuity"":{""recurring_entities"":[""e01"",""e03""]},""scenes"":[{""id"":""p274_s01"",""setting"":""樓台"",""time"":""未明示"",""mood"":""平靜"",""entities"":[""e01"",""e02""],""actions"":[""前行""],""focus"":[""詩人"",""前行""]},{""id"":""p274_s02"",""setting"":""庭院"",""time"":""春天"",""mood"":""平靜"",""entities"":[""e03""],""actions"":[],""focus"":[]},{""id"":""p274_s03"",""setting"":""庭院"",""time"":""未明示"",""mood"":""平靜"",""entities"":[""e01"",""e04"",""e03""],""actions"":[""前行""],""focus"":[""詩人"",""花樹"",""前行""]},{""id"":""p274_s04"",""setting"":""未明示"",""time"":""未明示"",""mood"":""平靜"",""entities"":[""e01""],""actions"":[],""focus"":[""詩人""]}]}",依各 Scene 視覺計畫,"p274_s01｜場景：樓台｜畫面核心：詩人、前行｜動作：前行｜情緒：平靜｜出現：詩人、樓台
p274_s02｜場景：庭院｜時間：春天｜畫面核心：｜情緒：平靜｜出現：庭院
p274_s03｜場景：庭院｜畫面核心：詩人、花樹、前行｜動作：前行｜情緒：平靜｜出現：詩人、花樹、庭院
p274_s04｜場景：未明示｜畫面核心：詩人｜情緒：平靜｜出現：詩人","人物｜詩人
場景｜樓台
場景｜庭院
植物｜花樹",重複元素：詩人、庭院
275,白居易,七言絕句,宮詞,"淚濕羅巾夢不成，
夜深前殿按歌聲。
紅顏未老恩先斷，
斜倚薰籠坐到明。","眼淚把絲巾都弄濕了，想睡也做不了夢，
夜深還聽見前殿有人排練歌舞。
我容貌還沒有衰老，皇帝的寵愛卻早已斷了，
只好斜靠著暖香爐，一個人坐到天亮。",3,8,visual_plan_v1,draft,"{""v"":""visual_plan_v1"",""entities"":[{""id"":""e01"",""type"":""character"",""label"":""詩人""}],""continuity"":{""recurring_entities"":[]},""scenes"":[{""id"":""p275_s01"",""setting"":""未明示"",""time"":""未明示"",""mood"":""感傷"",""entities"":[],""actions"":[""哭泣"",""休息""],""focus"":[""哭泣"",""休息""]},{""id"":""p275_s02"",""setting"":""未明示"",""time"":""夜晚"",""mood"":""平靜"",""entities"":[],""actions"":[""聆聽""],""focus"":[""聆聽""]},{""id"":""p275_s03"",""setting"":""未明示"",""time"":""未明示"",""mood"":""平靜"",""entities"":[""e01""],""actions"":[],""focus"":[""詩人""]},{""id"":""p275_s04"",""setting"":""未明示"",""time"":""清晨"",""mood"":""平靜"",""entities"":[],""actions"":[],""focus"":[]}]}",依各 Scene 視覺計畫,"p275_s01｜場景：未明示｜畫面核心：哭泣、休息｜動作：哭泣、休息｜情緒：感傷
p275_s02｜場景：未明示｜時間：夜晚｜畫面核心：聆聽｜動作：聆聽｜情緒：平靜
p275_s03｜場景：未明示｜畫面核心：詩人｜情緒：平靜｜出現：詩人
p275_s04｜場景：未明示｜時間：清晨｜畫面核心：｜情緒：平靜",人物｜詩人,
276,張祜,七言絕句,贈內人,"禁門宮樹月痕過，媚眼惟看宿鷺窠。
斜拔玉釵燈影畔，剔開紅燄救飛蛾。","宮門樹影下月光慢慢移過，她漂亮的眼睛只能看著樹上夜鷺的巢。
燈影旁她斜斜拔下玉釵，用釵挑開火焰，救出一隻快被燒到的飛蛾。",1,7,visual_plan_v1,draft,"{""v"":""visual_plan_v1"",""entities"":[{""id"":""e01"",""type"":""animal"",""label"":""鳥""},{""id"":""e02"",""type"":""plant"",""label"":""樹木""},{""id"":""e03"",""type"":""location"",""label"":""宮中""},{""id"":""e04"",""type"":""object"",""label"":""月亮""},{""id"":""e05"",""type"":""object"",""label"":""燈火""}],""continuity"":{""recurring_entities"":[]},""scenes"":[{""id"":""p276_s01"",""setting"":""宮中"",""time"":""夜晚"",""mood"":""平靜"",""entities"":[""e01"",""e02"",""e03"",""e04""],""actions"":[""看望""],""focus"":[""鳥"",""樹木"",""月亮"",""看望""]},{""id"":""p276_s02"",""setting"":""未明示"",""time"":""未明示"",""mood"":""平靜"",""entities"":[""e05""],""actions"":[],""focus"":[""燈火""]}]}",依各 Scene 視覺計畫,"p276_s01｜場景：宮中｜時間：夜晚｜畫面核心：鳥、樹木、月亮、看望｜動作：看望｜情緒：平靜｜出現：鳥、樹木、宮中、月亮
p276_s02｜場景：未明示｜畫面核心：燈火｜情緒：平靜｜出現：燈火","動物｜鳥
植物｜樹木
場景｜宮中
物件｜月亮
物件｜燈火",
277,張祜,七言絕句,集靈臺二首之一,"日光斜照集靈台，紅樹花迎曉露開。
昨夜上皇新授籙，太真含笑入簾來。","陽光斜照集靈臺，紅花樹迎著清晨露水盛開。
昨夜皇帝才舉行新的道教儀式，楊太真就含笑走進簾內。",1,7,visual_plan_v1,draft,"{""v"":""visual_plan_v1"",""entities"":[{""id"":""e01"",""type"":""plant"",""label"":""花樹""},{""id"":""e02"",""type"":""plant"",""label"":""樹木""},{""id"":""e03"",""type"":""location"",""label"":""樓台""},{""id"":""e04"",""type"":""object"",""label"":""露水""},{""id"":""e05"",""type"":""location"",""label"":""房間""}],""continuity"":{""recurring_entities"":[]},""scenes"":[{""id"":""p277_s01"",""setting"":""樓台"",""time"":""清晨"",""mood"":""平靜"",""entities"":[""e01"",""e02"",""e03"",""e04""],""actions"":[],""focus"":[""花樹"",""樹木"",""露水""]},{""id"":""p277_s02"",""setting"":""房間"",""time"":""夜晚"",""mood"":""平靜"",""entities"":[""e05""],""actions"":[""前行""],""focus"":[""前行""]}]}",依各 Scene 視覺計畫,"p277_s01｜場景：樓台｜時間：清晨｜畫面核心：花樹、樹木、露水｜情緒：平靜｜出現：花樹、樹木、樓台、露水
p277_s02｜場景：房間｜時間：夜晚｜畫面核心：前行｜動作：前行｜情緒：平靜｜出現：房間","植物｜花樹
植物｜樹木
場景｜樓台
物件｜露水
場景｜房間",
278,張祜,七言絕句,集靈臺二首之二,"虢國夫人承主恩，
平明騎馬入宮門。
卻嫌脂粉污顏色，
淡掃蛾眉朝至尊。","虢國夫人受到皇帝恩寵，
天剛亮就騎馬進入宮門。
她嫌脂粉反而遮住自己天生的美，
只淡淡畫眉就去朝見皇帝。",1,8,visual_plan_v1,draft,"{""v"":""visual_plan_v1"",""entities"":[{""id"":""e01"",""type"":""animal"",""label"":""馬""},{""id"":""e02"",""type"":""location"",""label"":""宮中""}],""continuity"":{""recurring_entities"":[]},""scenes"":[{""id"":""p278_s01"",""setting"":""未明示"",""time"":""未明示"",""mood"":""平靜"",""entities"":[],""actions"":[],""focus"":[]},{""id"":""p278_s02"",""setting"":""宮中"",""time"":""未明示"",""mood"":""平靜"",""entities"":[""e01"",""e02""],""actions"":[],""focus"":[""馬""]},{""id"":""p278_s03"",""setting"":""未明示"",""time"":""未明示"",""mood"":""平靜"",""entities"":[],""actions"":[],""focus"":[]},{""id"":""p278_s04"",""setting"":""未明示"",""time"":""未明示"",""mood"":""平靜"",""entities"":[],""actions"":[""前行""],""focus"":[""前行""]}]}",依各 Scene 視覺計畫,"p278_s01｜場景：未明示｜畫面核心：｜情緒：平靜
p278_s02｜場景：宮中｜畫面核心：馬｜情緒：平靜｜出現：馬、宮中
p278_s03｜場景：未明示｜畫面核心：｜情緒：平靜
p278_s04｜場景：未明示｜畫面核心：前行｜動作：前行｜情緒：平靜","動物｜馬
場景｜宮中",
279,張祜,七言絕句,題金陵渡,"金陵津渡小山樓，
一宿行人自可愁。
潮落夜江斜月裡，
兩三星火是瓜洲。","金陵渡口旁有一座小山樓，
旅人在這裡住一晚，就足以生出許多鄉愁。
潮水退去，斜月照著夜江，
遠方兩三點燈火就是瓜洲。",1,8,visual_plan_v1,draft,"{""v"":""visual_plan_v1"",""entities"":[{""id"":""e01"",""type"":""location"",""label"":""樓台""},{""id"":""e02"",""type"":""character"",""label"":""旅人""},{""id"":""e03"",""type"":""location"",""label"":""江邊""},{""id"":""e04"",""type"":""object"",""label"":""月亮""},{""id"":""e05"",""type"":""object"",""label"":""燈火""}],""continuity"":{""recurring_entities"":[]},""scenes"":[{""id"":""p279_s01"",""setting"":""樓台"",""time"":""未明示"",""mood"":""平靜"",""entities"":[""e01""],""actions"":[],""focus"":[]},{""id"":""p279_s02"",""setting"":""未明示"",""time"":""未明示"",""mood"":""平靜"",""entities"":[""e02""],""actions"":[],""focus"":[""旅人""]},{""id"":""p279_s03"",""setting"":""江邊"",""time"":""夜晚"",""mood"":""平靜"",""entities"":[""e03"",""e04""],""actions"":[""前行""],""focus"":[""月亮"",""前行""]},{""id"":""p279_s04"",""setting"":""未明示"",""time"":""夜晚"",""mood"":""平靜"",""entities"":[""e05""],""actions"":[],""focus"":[""燈火""]}]}",依各 Scene 視覺計畫,"p279_s01｜場景：樓台｜畫面核心：｜情緒：平靜｜出現：樓台
p279_s02｜場景：未明示｜畫面核心：旅人｜情緒：平靜｜出現：旅人
p279_s03｜場景：江邊｜時間：夜晚｜畫面核心：月亮、前行｜動作：前行｜情緒：平靜｜出現：江邊、月亮
p279_s04｜場景：未明示｜時間：夜晚｜畫面核心：燈火｜情緒：平靜｜出現：燈火","場景｜樓台
人物｜旅人
場景｜江邊
物件｜月亮
物件｜燈火",
280,朱慶餘,七言絕句,宮詞,"寂寂花時閉院門，
美人相並立瓊軒。
含情欲說宮中事，
鸚鵡前頭不敢言。","花開時節，宮院大門卻安靜地緊閉，
幾位宮女一起站在華美欄杆旁。
她們含著心事想談宮裡事情，
可鸚鵡就在面前，怕牠學話，所以連說都不敢說。",1,8,visual_plan_v1,draft,"{""v"":""visual_plan_v1"",""entities"":[{""id"":""e01"",""type"":""plant"",""label"":""花樹""},{""id"":""e02"",""type"":""location"",""label"":""庭院""},{""id"":""e03"",""type"":""location"",""label"":""宮中""},{""id"":""e04"",""type"":""character"",""label"":""宮女""}],""continuity"":{""recurring_entities"":[""e03""]},""scenes"":[{""id"":""p280_s01"",""setting"":""庭院"",""time"":""未明示"",""mood"":""安靜"",""entities"":[""e01"",""e02"",""e03""],""actions"":[],""focus"":[""花樹""]},{""id"":""p280_s02"",""setting"":""宮中"",""time"":""未明示"",""mood"":""平靜"",""entities"":[""e04"",""e03""],""actions"":[],""focus"":[""宮女""]},{""id"":""p280_s03"",""setting"":""宮中"",""time"":""未明示"",""mood"":""平靜"",""entities"":[""e03""],""actions"":[],""focus"":[]},{""id"":""p280_s04"",""setting"":""未明示"",""time"":""未明示"",""mood"":""平靜"",""entities"":[],""actions"":[],""focus"":[]}]}",依各 Scene 視覺計畫,"p280_s01｜場景：庭院｜畫面核心：花樹｜情緒：安靜｜出現：花樹、庭院、宮中
p280_s02｜場景：宮中｜畫面核心：宮女｜情緒：平靜｜出現：宮女、宮中
p280_s03｜場景：宮中｜畫面核心：｜情緒：平靜｜出現：宮中
p280_s04｜場景：未明示｜畫面核心：｜情緒：平靜","植物｜花樹
場景｜庭院
場景｜宮中
人物｜宮女",重複元素：宮中
281,朱慶餘,七言絕句,近試上張水部,"洞房昨夜停紅燭，待曉堂前拜舅姑。
妝罷低聲問夫婿，畫眉深淺入時無？","洞房裡昨夜紅燭一直亮著，今天清早新娘要到堂前拜見公婆。
梳妝完後，她小聲問丈夫：「我眉毛畫成這樣，合不合大家現在喜歡的樣子？」",1,7,visual_plan_v1,draft,"{""v"":""visual_plan_v1"",""entities"":[{""id"":""e01"",""type"":""location"",""label"":""房間""},{""id"":""e02"",""type"":""object"",""label"":""燈火""},{""id"":""e03"",""type"":""character"",""label"":""詩人""}],""continuity"":{""recurring_entities"":[]},""scenes"":[{""id"":""p281_s01"",""setting"":""房間"",""time"":""清晨"",""mood"":""平靜"",""entities"":[""e01"",""e02""],""actions"":[],""focus"":[""燈火""]},{""id"":""p281_s02"",""setting"":""未明示"",""time"":""未明示"",""mood"":""愉快"",""entities"":[""e03""],""actions"":[],""focus"":[""詩人""]}]}",依各 Scene 視覺計畫,"p281_s01｜場景：房間｜時間：清晨｜畫面核心：燈火｜情緒：平靜｜出現：房間、燈火
p281_s02｜場景：未明示｜畫面核心：詩人｜情緒：愉快｜出現：詩人","場景｜房間
物件｜燈火
人物｜詩人",
282,杜牧,七言絕句,將赴吳興登樂遊原,"清時有味是無能，閑愛孤云靜愛僧。
欲把一麾江海去，樂游原上望昭陵。","太平時代裡，我這個沒什麼本事的人反而覺得自在，喜歡看孤雲，也喜歡和尚的清靜生活。
如今準備拿著官旗去江海一帶任職，我登上樂遊原，還是忍不住回望唐太宗的昭陵。",3,7,visual_plan_v1,draft,"{""v"":""visual_plan_v1"",""entities"":[{""id"":""e01"",""type"":""character"",""label"":""詩人""},{""id"":""e02"",""type"":""character"",""label"":""僧人""},{""id"":""e03"",""type"":""object"",""label"":""雲""},{""id"":""e04"",""type"":""location"",""label"":""江邊""},{""id"":""e05"",""type"":""location"",""label"":""海邊""}],""continuity"":{""recurring_entities"":[""e01""]},""scenes"":[{""id"":""p282_s01"",""setting"":""未明示"",""time"":""未明示"",""mood"":""愉快"",""entities"":[""e01"",""e02"",""e03""],""actions"":[""看望""],""focus"":[""詩人"",""僧人"",""雲"",""看望""]},{""id"":""p282_s02"",""setting"":""江邊"",""time"":""未明示"",""mood"":""平靜"",""entities"":[""e01"",""e04"",""e05""],""actions"":[""看望"",""前行""],""focus"":[""詩人"",""看望"",""前行""]}]}",依各 Scene 視覺計畫,"p282_s01｜場景：未明示｜畫面核心：詩人、僧人、雲、看望｜動作：看望｜情緒：愉快｜出現：詩人、僧人、雲
p282_s02｜場景：江邊｜畫面核心：詩人、看望、前行｜動作：看望、前行｜情緒：平靜｜出現：詩人、江邊、海邊","人物｜詩人
人物｜僧人
物件｜雲
場景｜江邊
場景｜海邊",重複元素：詩人
283,杜牧,七言絕句,赤壁,"折戟沉沙鐵未銷，自將磨洗認前朝。
東風不與周郎便，銅雀春深鎖二喬。","一截斷掉的戰戟埋在沙裡，鐵還沒有完全鏽掉；我把它磨洗乾淨，認出是以前戰爭留下的東西。
如果當年東風沒有幫助周瑜，東吳戰敗後，大喬小喬恐怕都會被帶進曹操的銅雀臺。",4,8,visual_plan_v1,draft,"{""v"":""visual_plan_v1"",""entities"":[{""id"":""e01"",""type"":""character"",""label"":""詩人""},{""id"":""e02"",""type"":""animal"",""label"":""鳥""},{""id"":""e03"",""type"":""location"",""label"":""樓台""},{""id"":""e04"",""type"":""object"",""label"":""風""}],""continuity"":{""recurring_entities"":[]},""scenes"":[{""id"":""p283_s01"",""setting"":""未明示"",""time"":""未明示"",""mood"":""平靜"",""entities"":[""e01""],""actions"":[],""focus"":[""詩人""]},{""id"":""p283_s02"",""setting"":""樓台"",""time"":""春天"",""mood"":""平靜"",""entities"":[""e02"",""e03"",""e04""],""actions"":[],""focus"":[""鳥"",""風""]}]}",依各 Scene 視覺計畫,"p283_s01｜場景：未明示｜畫面核心：詩人｜情緒：平靜｜出現：詩人
p283_s02｜場景：樓台｜時間：春天｜畫面核心：鳥、風｜情緒：平靜｜出現：鳥、樓台、風","人物｜詩人
動物｜鳥
場景｜樓台
物件｜風",
284,杜牧,七言絕句,泊秦淮,"煙籠寒水月籠沙，夜泊秦淮近酒家。
商女不知亡國恨，隔江猶唱後庭花。","煙霧籠著寒冷江水，月光照著沙洲；我夜裡把船停在秦淮河畔酒家附近。
歌女不知道亡國的悲痛，隔著江還在唱當年讓陳朝沉迷享樂的《後庭花》。",4,9,visual_plan_v1,draft,"{""v"":""visual_plan_v1"",""entities"":[{""id"":""e01"",""type"":""character"",""label"":""詩人""},{""id"":""e02"",""type"":""location"",""label"":""江邊""},{""id"":""e03"",""type"":""location"",""label"":""河岸""},{""id"":""e04"",""type"":""location"",""label"":""船上""},{""id"":""e05"",""type"":""object"",""label"":""月亮""},{""id"":""e06"",""type"":""object"",""label"":""小船""},{""id"":""e07"",""type"":""object"",""label"":""酒""},{""id"":""e08"",""type"":""plant"",""label"":""花樹""},{""id"":""e09"",""type"":""location"",""label"":""庭院""}],""continuity"":{""recurring_entities"":[""e02""]},""scenes"":[{""id"":""p284_s01"",""setting"":""江邊"",""time"":""夜晚"",""mood"":""平靜"",""entities"":[""e01"",""e02"",""e03"",""e04"",""e05"",""e06"",""e07""],""actions"":[""飲酒""],""focus"":[""詩人"",""月亮"",""小船"",""酒"",""飲酒""]},{""id"":""p284_s02"",""setting"":""江邊"",""time"":""未明示"",""mood"":""平靜"",""entities"":[""e08"",""e02"",""e09""],""actions"":[],""focus"":[""花樹""]}]}",依各 Scene 視覺計畫,"p284_s01｜場景：江邊｜時間：夜晚｜畫面核心：詩人、月亮、小船、酒、飲酒｜動作：飲酒｜情緒：平靜｜出現：詩人、江邊、河岸、船上、月亮、小船、酒
p284_s02｜場景：江邊｜畫面核心：花樹｜情緒：平靜｜出現：花樹、江邊、庭院","人物｜詩人
場景｜江邊
場景｜河岸
場景｜船上
物件｜月亮
物件｜小船
物件｜酒
植物｜花樹
場景｜庭院",重複元素：江邊
285,杜牧,七言絕句,寄揚州韓綽判官,"青山隱隱水迢迢，
秋盡江南草未凋。
二十四橋明月夜，
玉人何處教吹簫？","遠方青山若隱若現，江水長長流去，
秋天都快過完了，江南草木竟還沒有完全凋謝。
二十四橋上一定正有明亮月色，
你這位風雅朋友現在又在什麼地方聽人吹簫呢？",4,7,visual_plan_v1,draft,"{""v"":""visual_plan_v1"",""entities"":[{""id"":""e01"",""type"":""location"",""label"":""山中""},{""id"":""e02"",""type"":""location"",""label"":""江邊""},{""id"":""e03"",""type"":""plant"",""label"":""青草""},{""id"":""e04"",""type"":""object"",""label"":""月亮""},{""id"":""e05"",""type"":""character"",""label"":""朋友""},{""id"":""e06"",""type"":""object"",""label"":""風""}],""continuity"":{""recurring_entities"":[""e02""]},""scenes"":[{""id"":""p285_s01"",""setting"":""山中"",""time"":""未明示"",""mood"":""平靜"",""entities"":[""e01"",""e02""],""actions"":[""前行""],""focus"":[""前行""]},{""id"":""p285_s02"",""setting"":""江邊"",""time"":""秋天"",""mood"":""平靜"",""entities"":[""e03"",""e02""],""actions"":[],""focus"":[""青草""]},{""id"":""p285_s03"",""setting"":""未明示"",""time"":""夜晚"",""mood"":""平靜"",""entities"":[""e04""],""actions"":[],""focus"":[""月亮""]},{""id"":""p285_s04"",""setting"":""未明示"",""time"":""未明示"",""mood"":""平靜"",""entities"":[""e05"",""e06""],""actions"":[""聆聽""],""focus"":[""朋友"",""風"",""聆聽""]}]}",依各 Scene 視覺計畫,"p285_s01｜場景：山中｜畫面核心：前行｜動作：前行｜情緒：平靜｜出現：山中、江邊
p285_s02｜場景：江邊｜時間：秋天｜畫面核心：青草｜情緒：平靜｜出現：青草、江邊
p285_s03｜場景：未明示｜時間：夜晚｜畫面核心：月亮｜情緒：平靜｜出現：月亮
p285_s04｜場景：未明示｜畫面核心：朋友、風、聆聽｜動作：聆聽｜情緒：平靜｜出現：朋友、風","場景｜山中
場景｜江邊
植物｜青草
物件｜月亮
人物｜朋友
物件｜風",重複元素：江邊
286,杜牧,七言絕句,遣懷,"落魄江湖載酒行，
楚腰纖細掌中輕；
十年一覺揚州夢，
贏得青樓薄幸名。","以前我在江湖間失意遊蕩，常帶著酒到處走，
也曾喜愛楚地女子纖細輕盈的美。
回頭看十年揚州生活，就像做了一場夢，
最後只留下別人說我是個多情又薄情的人。",3,8,visual_plan_v1,draft,"{""v"":""visual_plan_v1"",""entities"":[{""id"":""e01"",""type"":""character"",""label"":""詩人""},{""id"":""e02"",""type"":""location"",""label"":""江邊""},{""id"":""e03"",""type"":""location"",""label"":""湖邊""},{""id"":""e04"",""type"":""object"",""label"":""酒""},{""id"":""e05"",""type"":""character"",""label"":""女子""},{""id"":""e06"",""type"":""location"",""label"":""樓台""}],""continuity"":{""recurring_entities"":[""e01""]},""scenes"":[{""id"":""p286_s01"",""setting"":""江邊"",""time"":""未明示"",""mood"":""平靜"",""entities"":[""e01"",""e02"",""e03"",""e04""],""actions"":[""前行"",""飲酒""],""focus"":[""詩人"",""酒"",""前行"",""飲酒""]},{""id"":""p286_s02"",""setting"":""未明示"",""time"":""未明示"",""mood"":""平靜"",""entities"":[""e05""],""actions"":[],""focus"":[""女子""]},{""id"":""p286_s03"",""setting"":""未明示"",""time"":""未明示"",""mood"":""平靜"",""entities"":[],""actions"":[""看望""],""focus"":[""看望""]},{""id"":""p286_s04"",""setting"":""樓台"",""time"":""未明示"",""mood"":""平靜"",""entities"":[""e01"",""e06""],""actions"":[],""focus"":[""詩人""]}]}",依各 Scene 視覺計畫,"p286_s01｜場景：江邊｜畫面核心：詩人、酒、前行、飲酒｜動作：前行、飲酒｜情緒：平靜｜出現：詩人、江邊、湖邊、酒
p286_s02｜場景：未明示｜畫面核心：女子｜情緒：平靜｜出現：女子
p286_s03｜場景：未明示｜畫面核心：看望｜動作：看望｜情緒：平靜
p286_s04｜場景：樓台｜畫面核心：詩人｜情緒：平靜｜出現：詩人、樓台","人物｜詩人
場景｜江邊
場景｜湖邊
物件｜酒
人物｜女子
場景｜樓台",重複元素：詩人
287,杜牧,七言絕句,秋夕,"銀燭秋光冷畫屏，
輕羅小扇撲流螢。
天階夜色涼如水，
臥看牽牛織女星。","秋夜銀色燭光照著冰冷畫屏，
宮女拿著輕薄小扇子追打飛舞的螢火蟲。
宮殿石階夜色涼得像水，
她躺著仰望牽牛星和織女星，想著自己的孤單。",4,7,visual_plan_v1,draft,"{""v"":""visual_plan_v1"",""entities"":[{""id"":""e01"",""type"":""object"",""label"":""燈火""},{""id"":""e02"",""type"":""character"",""label"":""宮女""},{""id"":""e03"",""type"":""location"",""label"":""宮中""},{""id"":""e04"",""type"":""object"",""label"":""石陣""},{""id"":""e05"",""type"":""animal"",""label"":""牛""}],""continuity"":{""recurring_entities"":[""e03""]},""scenes"":[{""id"":""p287_s01"",""setting"":""未明示"",""time"":""夜晚"",""mood"":""平靜"",""entities"":[""e01""],""actions"":[],""focus"":[""燈火""]},{""id"":""p287_s02"",""setting"":""宮中"",""time"":""未明示"",""mood"":""平靜"",""entities"":[""e02"",""e03""],""actions"":[],""focus"":[""宮女""]},{""id"":""p287_s03"",""setting"":""宮中"",""time"":""夜晚"",""mood"":""平靜"",""entities"":[""e03"",""e04""],""actions"":[],""focus"":[""石陣""]},{""id"":""p287_s04"",""setting"":""未明示"",""time"":""夜晚"",""mood"":""孤寂"",""entities"":[""e05""],""actions"":[""看望""],""focus"":[""牛"",""看望""]}]}",依各 Scene 視覺計畫,"p287_s01｜場景：未明示｜時間：夜晚｜畫面核心：燈火｜情緒：平靜｜出現：燈火
p287_s02｜場景：宮中｜畫面核心：宮女｜情緒：平靜｜出現：宮女、宮中
p287_s03｜場景：宮中｜時間：夜晚｜畫面核心：石陣｜情緒：平靜｜出現：宮中、石陣
p287_s04｜場景：未明示｜時間：夜晚｜畫面核心：牛、看望｜動作：看望｜情緒：孤寂｜出現：牛","物件｜燈火
人物｜宮女
場景｜宮中
物件｜石陣
動物｜牛",重複元素：宮中
288,杜牧,七言絕句,贈別二首之一,"娉娉褭褭十三餘，
荳蔻梢頭二月初。
春風十里揚州路，
卷上珠簾總不如。","十三歲多的少女身形柔美輕盈，
就像二月剛冒出的豆蔻花苞一樣青春。
就算走遍春風十里的揚州街道，
捲起每一家珠簾，也找不到比她更美的人。",3,8,visual_plan_v1,draft,"{""v"":""visual_plan_v1"",""entities"":[{""id"":""e01"",""type"":""plant"",""label"":""花樹""},{""id"":""e02"",""type"":""object"",""label"":""月亮""},{""id"":""e03"",""type"":""location"",""label"":""古道""},{""id"":""e04"",""type"":""object"",""label"":""風""},{""id"":""e05"",""type"":""location"",""label"":""房間""}],""continuity"":{""recurring_entities"":[]},""scenes"":[{""id"":""p288_s01"",""setting"":""未明示"",""time"":""未明示"",""mood"":""平靜"",""entities"":[],""actions"":[],""focus"":[]},{""id"":""p288_s02"",""setting"":""未明示"",""time"":""春天"",""mood"":""平靜"",""entities"":[""e01"",""e02""],""actions"":[],""focus"":[""花樹"",""月亮""]},{""id"":""p288_s03"",""setting"":""古道"",""time"":""春天"",""mood"":""平靜"",""entities"":[""e03"",""e04""],""actions"":[""前行""],""focus"":[""風"",""前行""]},{""id"":""p288_s04"",""setting"":""房間"",""time"":""未明示"",""mood"":""平靜"",""entities"":[""e05""],""actions"":[],""focus"":[]}]}",依各 Scene 視覺計畫,"p288_s01｜場景：未明示｜畫面核心：｜情緒：平靜
p288_s02｜場景：未明示｜時間：春天｜畫面核心：花樹、月亮｜情緒：平靜｜出現：花樹、月亮
p288_s03｜場景：古道｜時間：春天｜畫面核心：風、前行｜動作：前行｜情緒：平靜｜出現：古道、風
p288_s04｜場景：房間｜畫面核心：｜情緒：平靜｜出現：房間","植物｜花樹
物件｜月亮
場景｜古道
物件｜風
場景｜房間",
289,杜牧,七言絕句,贈別二首之二,"多情卻似總無情，
唯覺尊前笑不成。
蠟燭有心還惜別，
替人垂淚到天明。","感情太深時，表面看起來反而像沒有感情，
送別酒席前，我連想笑都笑不出來。
連蠟燭好像也懂得珍惜這次分別，
替人一直流著蠟淚到天亮。",3,8,visual_plan_v1,draft,"{""v"":""visual_plan_v1"",""entities"":[{""id"":""e01"",""type"":""character"",""label"":""詩人""},{""id"":""e02"",""type"":""object"",""label"":""酒""},{""id"":""e03"",""type"":""object"",""label"":""燈火""}],""continuity"":{""recurring_entities"":[]},""scenes"":[{""id"":""p289_s01"",""setting"":""未明示"",""time"":""未明示"",""mood"":""平靜"",""entities"":[],""actions"":[""看望""],""focus"":[""看望""]},{""id"":""p289_s02"",""setting"":""未明示"",""time"":""未明示"",""mood"":""平靜"",""entities"":[""e01"",""e02""],""actions"":[""送別"",""飲酒""],""focus"":[""詩人"",""酒"",""送別"",""飲酒""]},{""id"":""p289_s03"",""setting"":""未明示"",""time"":""未明示"",""mood"":""平靜"",""entities"":[""e03""],""actions"":[],""focus"":[""燈火""]},{""id"":""p289_s04"",""setting"":""未明示"",""time"":""清晨"",""mood"":""感傷"",""entities"":[],""actions"":[""哭泣""],""focus"":[""哭泣""]}]}",依各 Scene 視覺計畫,"p289_s01｜場景：未明示｜畫面核心：看望｜動作：看望｜情緒：平靜
p289_s02｜場景：未明示｜畫面核心：詩人、酒、送別、飲酒｜動作：送別、飲酒｜情緒：平靜｜出現：詩人、酒
p289_s03｜場景：未明示｜畫面核心：燈火｜情緒：平靜｜出現：燈火
p289_s04｜場景：未明示｜時間：清晨｜畫面核心：哭泣｜動作：哭泣｜情緒：感傷","人物｜詩人
物件｜酒
物件｜燈火",
290,杜牧,七言絕句,金谷園,"繁華事散逐香塵，流水無情草自春。
日暮東風怨啼鳥，落花猶似墮樓人。","以前金谷園的繁華都像香塵一樣散去了，只有流水無情、青草照樣在春天長出。
日暮東風吹來，鳥兒悲啼，滿地落花讓人想起當年從高樓墜下的女子。",3,7,visual_plan_v1,draft,"{""v"":""visual_plan_v1"",""entities"":[{""id"":""e01"",""type"":""plant"",""label"":""青草""},{""id"":""e02"",""type"":""location"",""label"":""山谷""},{""id"":""e03"",""type"":""character"",""label"":""女子""},{""id"":""e04"",""type"":""animal"",""label"":""鳥""},{""id"":""e05"",""type"":""plant"",""label"":""花樹""},{""id"":""e06"",""type"":""location"",""label"":""樓台""},{""id"":""e07"",""type"":""object"",""label"":""風""}],""continuity"":{""recurring_entities"":[]},""scenes"":[{""id"":""p290_s01"",""setting"":""山谷"",""time"":""春天"",""mood"":""平靜"",""entities"":[""e01"",""e02""],""actions"":[""前行""],""focus"":[""青草"",""前行""]},{""id"":""p290_s02"",""setting"":""樓台"",""time"":""黃昏"",""mood"":""平靜"",""entities"":[""e03"",""e04"",""e05"",""e06"",""e07""],""actions"":[],""focus"":[""女子"",""鳥"",""花樹"",""風""]}]}",依各 Scene 視覺計畫,"p290_s01｜場景：山谷｜時間：春天｜畫面核心：青草、前行｜動作：前行｜情緒：平靜｜出現：青草、山谷
p290_s02｜場景：樓台｜時間：黃昏｜畫面核心：女子、鳥、花樹、風｜情緒：平靜｜出現：女子、鳥、花樹、樓台、風","植物｜青草
場景｜山谷
人物｜女子
動物｜鳥
植物｜花樹
場景｜樓台
物件｜風",
291,李商隱,七言絕句,夜雨寄北,"君問歸期未有期，巴山夜雨漲秋池。
何當共剪西窗燭，卻話巴山夜雨時。","你問我什麼時候回去，我現在還沒有確定日期；巴山正下著夜雨，秋池水也一直漲。
什麼時候我們才能一起坐在西窗剪燭聊天，再回頭說起今天這場巴山夜雨呢？",4,7,visual_plan_v1,draft,"{""v"":""visual_plan_v1"",""entities"":[{""id"":""e01"",""type"":""character"",""label"":""詩人""},{""id"":""e02"",""type"":""object"",""label"":""雨""},{""id"":""e03"",""type"":""location"",""label"":""房間""},{""id"":""e04"",""type"":""object"",""label"":""窗戶""},{""id"":""e05"",""type"":""object"",""label"":""燈火""}],""continuity"":{""recurring_entities"":[""e01"",""e02""]},""scenes"":[{""id"":""p291_s01"",""setting"":""未明示"",""time"":""夜晚"",""mood"":""平靜"",""entities"":[""e01"",""e02""],""actions"":[""前行"",""等待""],""focus"":[""詩人"",""雨"",""前行"",""等待""]},{""id"":""p291_s02"",""setting"":""房間"",""time"":""夜晚"",""mood"":""平靜"",""entities"":[""e01"",""e03"",""e02"",""e04"",""e05""],""actions"":[""等待""],""focus"":[""詩人"",""雨"",""窗戶"",""燈火"",""等待""]}]}",依各 Scene 視覺計畫,"p291_s01｜場景：未明示｜時間：夜晚｜畫面核心：詩人、雨、前行、等待｜動作：前行、等待｜情緒：平靜｜出現：詩人、雨
p291_s02｜場景：房間｜時間：夜晚｜畫面核心：詩人、雨、窗戶、燈火、等待｜動作：等待｜情緒：平靜｜出現：詩人、房間、雨、窗戶、燈火","人物｜詩人
物件｜雨
場景｜房間
物件｜窗戶
物件｜燈火",重複元素：詩人、雨
292,李商隱,七言絕句,寄令狐郎中,"嵩雲秦樹久離居，雙鯉迢迢一紙書。
休問梁園舊賓客，茂陵秋雨病相如。","你在秦地、我在嵩山附近，我們分開住了很久，今天終於從遠方收到你一封信。
別問我這個以前在梁園作客的人如今怎樣，我就像生病的司馬相如，在秋雨裡安靜養病。",3,7,visual_plan_v1,draft,"{""v"":""visual_plan_v1"",""entities"":[{""id"":""e01"",""type"":""character"",""label"":""詩人""},{""id"":""e02"",""type"":""plant"",""label"":""樹木""},{""id"":""e03"",""type"":""object"",""label"":""雲""},{""id"":""e04"",""type"":""character"",""label"":""旅人""},{""id"":""e05"",""type"":""animal"",""label"":""馬""},{""id"":""e06"",""type"":""object"",""label"":""雨""}],""continuity"":{""recurring_entities"":[""e01""]},""scenes"":[{""id"":""p292_s01"",""setting"":""未明示"",""time"":""未明示"",""mood"":""平靜"",""entities"":[""e01"",""e02"",""e03""],""actions"":[],""focus"":[""詩人"",""樹木"",""雲""]},{""id"":""p292_s02"",""setting"":""未明示"",""time"":""秋天"",""mood"":""安靜"",""entities"":[""e01"",""e04"",""e05"",""e06""],""actions"":[],""focus"":[""詩人"",""旅人"",""馬"",""雨""]}]}",依各 Scene 視覺計畫,"p292_s01｜場景：未明示｜畫面核心：詩人、樹木、雲｜情緒：平靜｜出現：詩人、樹木、雲
p292_s02｜場景：未明示｜時間：秋天｜畫面核心：詩人、旅人、馬、雨｜情緒：安靜｜出現：詩人、旅人、馬、雨","人物｜詩人
植物｜樹木
物件｜雲
人物｜旅人
動物｜馬
物件｜雨",重複元素：詩人
293,李商隱,七言絕句,為有,"爲有雲屏無限嬌，鳳城寒盡怕春宵。
無端嫁得金龜婿，辜負香衾事早朝。","因為屏風後的妻子實在美麗可愛，長安寒冬一過，我反而更捨不得春夜太短。
偏偏嫁給了要早起上朝的高官丈夫，柔軟香被總是被他為公事早早離開而辜負。",3,7,visual_plan_v1,draft,"{""v"":""visual_plan_v1"",""entities"":[{""id"":""e01"",""type"":""character"",""label"":""詩人""},{""id"":""e02"",""type"":""location"",""label"":""城中""},{""id"":""e03"",""type"":""object"",""label"":""雲""},{""id"":""e04"",""type"":""object"",""label"":""風""}],""continuity"":{""recurring_entities"":[]},""scenes"":[{""id"":""p293_s01"",""setting"":""城中"",""time"":""夜晚"",""mood"":""平靜"",""entities"":[""e01"",""e02"",""e03"",""e04""],""actions"":[],""focus"":[""詩人"",""雲"",""風""]},{""id"":""p293_s02"",""setting"":""未明示"",""time"":""未明示"",""mood"":""平靜"",""entities"":[],""actions"":[],""focus"":[]}]}",依各 Scene 視覺計畫,"p293_s01｜場景：城中｜時間：夜晚｜畫面核心：詩人、雲、風｜情緒：平靜｜出現：詩人、城中、雲、風
p293_s02｜場景：未明示｜畫面核心：｜情緒：平靜","人物｜詩人
場景｜城中
物件｜雲
物件｜風",
294,李商隱,七言絕句,隋宮,"乘興南遊不戒嚴，九重誰省諫書函。
春風舉國裁宮錦，半作障泥半作帆。","隋煬帝一高興就向南巡遊，完全不顧警戒和節制，宮中也沒人理會勸諫奏章。
全國春天都忙著裁剪華麗宮錦，其中一半拿來墊馬具，一半做成遊船的帆，十分浪費。",3,8,visual_plan_v1,draft,"{""v"":""visual_plan_v1"",""entities"":[{""id"":""e01"",""type"":""location"",""label"":""宮中""},{""id"":""e02"",""type"":""animal"",""label"":""馬""},{""id"":""e03"",""type"":""location"",""label"":""船上""},{""id"":""e04"",""type"":""object"",""label"":""風""},{""id"":""e05"",""type"":""object"",""label"":""小船""}],""continuity"":{""recurring_entities"":[""e01""]},""scenes"":[{""id"":""p294_s01"",""setting"":""宮中"",""time"":""未明示"",""mood"":""平靜"",""entities"":[""e01""],""actions"":[],""focus"":[]},{""id"":""p294_s02"",""setting"":""船上"",""time"":""春天"",""mood"":""平靜"",""entities"":[""e02"",""e03"",""e01"",""e04"",""e05""],""actions"":[],""focus"":[""馬"",""風"",""小船""]}]}",依各 Scene 視覺計畫,"p294_s01｜場景：宮中｜畫面核心：｜情緒：平靜｜出現：宮中
p294_s02｜場景：船上｜時間：春天｜畫面核心：馬、風、小船｜情緒：平靜｜出現：馬、船上、宮中、風、小船","場景｜宮中
動物｜馬
場景｜船上
物件｜風
物件｜小船",重複元素：宮中
295,李商隱,七言絕句,瑤池,"瑤池阿母綺窗開，黃竹歌聲動地哀。
八駿日行三萬裏，穆王何事不重來。","瑤池西王母打開華麗窗子，卻只聽見《黃竹歌》那種悲涼歌聲震動大地。
周穆王的八匹駿馬一天能走三萬里，既然跑得這麼快，他為什麼離開後再也沒有回來呢？",3,7,visual_plan_v1,draft,"{""v"":""visual_plan_v1"",""entities"":[{""id"":""e01"",""type"":""plant"",""label"":""竹子""},{""id"":""e02"",""type"":""location"",""label"":""房間""},{""id"":""e03"",""type"":""object"",""label"":""窗戶""},{""id"":""e04"",""type"":""animal"",""label"":""馬""}],""continuity"":{""recurring_entities"":[]},""scenes"":[{""id"":""p295_s01"",""setting"":""房間"",""time"":""未明示"",""mood"":""平靜"",""entities"":[""e01"",""e02"",""e03""],""actions"":[""聆聽""],""focus"":[""竹子"",""窗戶"",""聆聽""]},{""id"":""p295_s02"",""setting"":""未明示"",""time"":""未明示"",""mood"":""平靜"",""entities"":[""e04""],""actions"":[""前行""],""focus"":[""馬"",""前行""]}]}",依各 Scene 視覺計畫,"p295_s01｜場景：房間｜畫面核心：竹子、窗戶、聆聽｜動作：聆聽｜情緒：平靜｜出現：竹子、房間、窗戶
p295_s02｜場景：未明示｜畫面核心：馬、前行｜動作：前行｜情緒：平靜｜出現：馬","植物｜竹子
場景｜房間
物件｜窗戶
動物｜馬",
296,李商隱,七言絕句,嫦娥,"雲母屏風燭影深，長河漸落曉星沉。
嫦娥應悔偷靈藥，碧海青天夜夜心。","雲母屏風後燭影越來越深，銀河漸漸落下，天快亮時星星也沉了。
嫦娥也許會後悔偷吃仙藥，因為從此只能在碧海青天之間，夜夜一個人孤單想心事。",4,7,visual_plan_v1,draft,"{""v"":""visual_plan_v1"",""entities"":[{""id"":""e01"",""type"":""location"",""label"":""河岸""},{""id"":""e02"",""type"":""object"",""label"":""雲""},{""id"":""e03"",""type"":""object"",""label"":""風""},{""id"":""e04"",""type"":""object"",""label"":""燈火""},{""id"":""e05"",""type"":""location"",""label"":""海邊""}],""continuity"":{""recurring_entities"":[]},""scenes"":[{""id"":""p296_s01"",""setting"":""河岸"",""time"":""清晨"",""mood"":""平靜"",""entities"":[""e01"",""e02"",""e03"",""e04""],""actions"":[],""focus"":[""雲"",""風"",""燈火""]},{""id"":""p296_s02"",""setting"":""海邊"",""time"":""夜晚"",""mood"":""孤寂"",""entities"":[""e05""],""actions"":[],""focus"":[]}]}",依各 Scene 視覺計畫,"p296_s01｜場景：河岸｜時間：清晨｜畫面核心：雲、風、燈火｜情緒：平靜｜出現：河岸、雲、風、燈火
p296_s02｜場景：海邊｜時間：夜晚｜畫面核心：｜情緒：孤寂｜出現：海邊","場景｜河岸
物件｜雲
物件｜風
物件｜燈火
場景｜海邊",
297,李商隱,七言絕句,賈生,"宣室求賢訪逐臣，賈生才調更無倫。
可憐夜半虛前席，不問蒼生問鬼神。","漢文帝在宣室召見被貶的賈誼，像是真的很想請教賢才，而賈誼才華也無人能比。
可惜談到半夜皇帝雖把座位移近，問的卻不是百姓國事，而只是鬼神問題。",3,7,visual_plan_v1,draft,"{""v"":""visual_plan_v1"",""entities"":[],""continuity"":{""recurring_entities"":[]},""scenes"":[{""id"":""p297_s01"",""setting"":""未明示"",""time"":""未明示"",""mood"":""平靜"",""entities"":[],""actions"":[],""focus"":[]},{""id"":""p297_s02"",""setting"":""未明示"",""time"":""夜晚"",""mood"":""感傷"",""entities"":[],""actions"":[],""focus"":[]}]}",依各 Scene 視覺計畫,"p297_s01｜場景：未明示｜畫面核心：｜情緒：平靜
p297_s02｜場景：未明示｜時間：夜晚｜畫面核心：｜情緒：感傷",,
298,溫庭筠,七言絕句,瑤瑟怨,"冰簟銀牀夢不成，碧天如水夜雲輕。
雁聲遠過瀟湘去，十二樓中月自明。","冰涼竹席和銀色床榻讓人怎麼也睡不著，藍天像水一樣清，夜雲很淡。
大雁叫聲遠遠飛過瀟湘，深樓裡只剩明月自己照得明亮。",2,7,visual_plan_v1,draft,"{""v"":""visual_plan_v1"",""entities"":[{""id"":""e01"",""type"":""plant"",""label"":""竹子""},{""id"":""e02"",""type"":""location"",""label"":""房間""},{""id"":""e03"",""type"":""object"",""label"":""雲""},{""id"":""e04"",""type"":""object"",""label"":""床""},{""id"":""e05"",""type"":""animal"",""label"":""鳥""},{""id"":""e06"",""type"":""location"",""label"":""樓台""},{""id"":""e07"",""type"":""object"",""label"":""月亮""}],""continuity"":{""recurring_entities"":[]},""scenes"":[{""id"":""p298_s01"",""setting"":""房間"",""time"":""夜晚"",""mood"":""平靜"",""entities"":[""e01"",""e02"",""e03"",""e04""],""actions"":[""休息""],""focus"":[""竹子"",""雲"",""床"",""休息""]},{""id"":""p298_s02"",""setting"":""樓台"",""time"":""夜晚"",""mood"":""平靜"",""entities"":[""e05"",""e06"",""e07""],""actions"":[],""focus"":[""鳥"",""月亮""]}]}",依各 Scene 視覺計畫,"p298_s01｜場景：房間｜時間：夜晚｜畫面核心：竹子、雲、床、休息｜動作：休息｜情緒：平靜｜出現：竹子、房間、雲、床
p298_s02｜場景：樓台｜時間：夜晚｜畫面核心：鳥、月亮｜情緒：平靜｜出現：鳥、樓台、月亮","植物｜竹子
場景｜房間
物件｜雲
物件｜床
動物｜鳥
場景｜樓台
物件｜月亮",
299,鄭畋,七言絕句,馬嵬坡,"玄宗回馬楊妃死，雲雨雖亡日月新。
終是聖明天子事，景陽宮井又何人。","唐玄宗回程時，楊貴妃已死，過去恩愛雖消失，國家日月仍要重新開始。
至少玄宗最後還能回到朝廷；如果比起藏在井中亡國的陳後主，又算是不同結局了。",1,8,visual_plan_v1,draft,"{""v"":""visual_plan_v1"",""entities"":[{""id"":""e01"",""type"":""animal"",""label"":""馬""},{""id"":""e02"",""type"":""object"",""label"":""月亮""},{""id"":""e03"",""type"":""object"",""label"":""雲""},{""id"":""e04"",""type"":""object"",""label"":""雨""},{""id"":""e05"",""type"":""location"",""label"":""宮中""}],""continuity"":{""recurring_entities"":[]},""scenes"":[{""id"":""p299_s01"",""setting"":""未明示"",""time"":""未明示"",""mood"":""平靜"",""entities"":[""e01"",""e02"",""e03"",""e04""],""actions"":[""前行""],""focus"":[""馬"",""月亮"",""雲"",""雨"",""前行""]},{""id"":""p299_s02"",""setting"":""宮中"",""time"":""未明示"",""mood"":""平靜"",""entities"":[""e05""],""actions"":[],""focus"":[]}]}",依各 Scene 視覺計畫,"p299_s01｜場景：未明示｜畫面核心：馬、月亮、雲、雨、前行｜動作：前行｜情緒：平靜｜出現：馬、月亮、雲、雨
p299_s02｜場景：宮中｜畫面核心：｜情緒：平靜｜出現：宮中","動物｜馬
物件｜月亮
物件｜雲
物件｜雨
場景｜宮中",
300,韓偓,七言絕句,已涼,"碧闌干外繡簾垂，猩色屏風畫折枝。
八尺龍鬚方錦褥，已涼天氣未寒時。","碧色欄杆外垂著繡花簾子，紅色屏風上畫著折枝花紋。
八尺長竹席配著方形錦褥，天氣已經轉涼，卻還不到真正寒冷的時候。",1,7,visual_plan_v1,draft,"{""v"":""visual_plan_v1"",""entities"":[{""id"":""e01"",""type"":""plant"",""label"":""花樹""},{""id"":""e02"",""type"":""location"",""label"":""房間""},{""id"":""e03"",""type"":""object"",""label"":""風""},{""id"":""e04"",""type"":""plant"",""label"":""竹子""}],""continuity"":{""recurring_entities"":[]},""scenes"":[{""id"":""p300_s01"",""setting"":""房間"",""time"":""未明示"",""mood"":""平靜"",""entities"":[""e01"",""e02"",""e03""],""actions"":[],""focus"":[""花樹"",""風""]},{""id"":""p300_s02"",""setting"":""未明示"",""time"":""未明示"",""mood"":""平靜"",""entities"":[""e04""],""actions"":[""等待""],""focus"":[""竹子"",""等待""]}]}",依各 Scene 視覺計畫,"p300_s01｜場景：房間｜畫面核心：花樹、風｜情緒：平靜｜出現：花樹、房間、風
p300_s02｜場景：未明示｜畫面核心：竹子、等待｜動作：等待｜情緒：平靜｜出現：竹子","植物｜花樹
場景｜房間
物件｜風
植物｜竹子",
301,韋莊,七言絕句,金陵圖,"江雨霏霏江草齊，六朝如夢鳥空啼。
無情最是臺城柳，依舊煙籠十里隄。","江上細雨不停，江邊青草整齊茂盛；六朝往事像夢一樣消失，只剩鳥兒空自鳴叫。
最像沒有感情的是臺城柳樹，朝代都換了，它仍舊被煙霧籠著，沿十里長堤青青生長。",1,7,visual_plan_v1,draft,"{""v"":""visual_plan_v1"",""entities"":[{""id"":""e01"",""type"":""animal"",""label"":""鳥""},{""id"":""e02"",""type"":""plant"",""label"":""青草""},{""id"":""e03"",""type"":""location"",""label"":""江邊""},{""id"":""e04"",""type"":""object"",""label"":""雨""},{""id"":""e05"",""type"":""plant"",""label"":""柳樹""},{""id"":""e06"",""type"":""plant"",""label"":""樹木""},{""id"":""e07"",""type"":""location"",""label"":""城中""},{""id"":""e08"",""type"":""location"",""label"":""樓台""}],""continuity"":{""recurring_entities"":[]},""scenes"":[{""id"":""p301_s01"",""setting"":""江邊"",""time"":""未明示"",""mood"":""平靜"",""entities"":[""e01"",""e02"",""e03"",""e04""],""actions"":[],""focus"":[""鳥"",""青草"",""雨""]},{""id"":""p301_s02"",""setting"":""城中"",""time"":""未明示"",""mood"":""平靜"",""entities"":[""e05"",""e06"",""e07"",""e08""],""actions"":[],""focus"":[""柳樹"",""樹木""]}]}",依各 Scene 視覺計畫,"p301_s01｜場景：江邊｜畫面核心：鳥、青草、雨｜情緒：平靜｜出現：鳥、青草、江邊、雨
p301_s02｜場景：城中｜畫面核心：柳樹、樹木｜情緒：平靜｜出現：柳樹、樹木、城中、樓台","動物｜鳥
植物｜青草
場景｜江邊
物件｜雨
植物｜柳樹
植物｜樹木
場景｜城中
場景｜樓台",
302,陳陶,七言絕句,隴西行,"誓掃匈奴不顧身，五千貂錦喪胡塵。
可憐無定河邊骨，猶是深閨夢裏人。","戰士發誓掃平敵人，連自己性命都不顧，結果五千精兵全死在塞外塵沙中。
最讓人難過的是無定河邊那些白骨，在家中妻子的夢裡，他們卻還是活著的丈夫。",1,7,visual_plan_v1,draft,"{""v"":""visual_plan_v1"",""entities"":[{""id"":""e01"",""type"":""location"",""label"":""關塞""},{""id"":""e02"",""type"":""location"",""label"":""河岸""}],""continuity"":{""recurring_entities"":[]},""scenes"":[{""id"":""p302_s01"",""setting"":""關塞"",""time"":""未明示"",""mood"":""平靜"",""entities"":[""e01""],""actions"":[],""focus"":[]},{""id"":""p302_s02"",""setting"":""河岸"",""time"":""未明示"",""mood"":""感傷"",""entities"":[""e02""],""actions"":[],""focus"":[]}]}",依各 Scene 視覺計畫,"p302_s01｜場景：關塞｜畫面核心：｜情緒：平靜｜出現：關塞
p302_s02｜場景：河岸｜畫面核心：｜情緒：感傷｜出現：河岸","場景｜關塞
場景｜河岸",
303,張泌,七言絕句,寄人,"別夢依依到謝家，小廊迴合曲闌斜。
多情只有春庭月，猶為離人照落花。","分別後的夢還常回到你的家，看見迴廊曲折、欄杆斜斜的熟悉景象。
最有情的好像只有春夜月亮，到現在還替離開的人照著滿地落花。",1,7,visual_plan_v1,draft,"{""v"":""visual_plan_v1"",""entities"":[{""id"":""e01"",""type"":""plant"",""label"":""花樹""},{""id"":""e02"",""type"":""location"",""label"":""庭院""},{""id"":""e03"",""type"":""object"",""label"":""月亮""}],""continuity"":{""recurring_entities"":[]},""scenes"":[{""id"":""p303_s01"",""setting"":""未明示"",""time"":""未明示"",""mood"":""平靜"",""entities"":[],""actions"":[""看望""],""focus"":[""看望""]},{""id"":""p303_s02"",""setting"":""庭院"",""time"":""夜晚"",""mood"":""平靜"",""entities"":[""e01"",""e02"",""e03""],""actions"":[],""focus"":[""花樹"",""月亮""]}]}",依各 Scene 視覺計畫,"p303_s01｜場景：未明示｜畫面核心：看望｜動作：看望｜情緒：平靜
p303_s02｜場景：庭院｜時間：夜晚｜畫面核心：花樹、月亮｜情緒：平靜｜出現：花樹、庭院、月亮","植物｜花樹
場景｜庭院
物件｜月亮",
304,無名氏,七言絕句,雜詩,"盡寒食雨草萋萋，著麥苗風柳映堤。
等是有家歸未得，杜鵑休向耳邊啼。","寒食節雨後青草長得很茂盛，風吹麥苗，柳樹倒映在堤岸旁。
大家都有家，可我偏偏回不去；杜鵑啊，請別再在耳邊悲啼，讓我更想家了。",1,7,visual_plan_v1,draft,"{""v"":""visual_plan_v1"",""entities"":[{""id"":""e01"",""type"":""plant"",""label"":""青草""},{""id"":""e02"",""type"":""plant"",""label"":""柳樹""},{""id"":""e03"",""type"":""plant"",""label"":""樹木""},{""id"":""e04"",""type"":""object"",""label"":""雨""},{""id"":""e05"",""type"":""object"",""label"":""風""},{""id"":""e06"",""type"":""character"",""label"":""詩人""}],""continuity"":{""recurring_entities"":[]},""scenes"":[{""id"":""p304_s01"",""setting"":""未明示"",""time"":""未明示"",""mood"":""平靜"",""entities"":[""e01"",""e02"",""e03"",""e04"",""e05""],""actions"":[],""focus"":[""青草"",""柳樹"",""樹木"",""雨"",""風""]},{""id"":""p304_s02"",""setting"":""未明示"",""time"":""未明示"",""mood"":""平靜"",""entities"":[""e06""],""actions"":[""前行""],""focus"":[""詩人"",""前行""]}]}",依各 Scene 視覺計畫,"p304_s01｜場景：未明示｜畫面核心：青草、柳樹、樹木、雨、風｜情緒：平靜｜出現：青草、柳樹、樹木、雨、風
p304_s02｜場景：未明示｜畫面核心：詩人、前行｜動作：前行｜情緒：平靜｜出現：詩人","植物｜青草
植物｜柳樹
植物｜樹木
物件｜雨
物件｜風
人物｜詩人",
305,王維,七言樂府,渭城曲,"渭城朝雨浥輕塵，客舍青青柳色新。
勸君更盡一杯酒，西出陽關無故人。","渭城清晨小雨沾濕輕塵，旅店旁柳樹被洗得青青嫩嫩。
請你再喝完這一杯酒，因為往西出了陽關，就很難遇到熟悉老朋友了。",4,7,visual_plan_v1,draft,"{""v"":""visual_plan_v1"",""entities"":[{""id"":""e01"",""type"":""plant"",""label"":""柳樹""},{""id"":""e02"",""type"":""plant"",""label"":""樹木""},{""id"":""e03"",""type"":""location"",""label"":""城中""},{""id"":""e04"",""type"":""object"",""label"":""雨""},{""id"":""e05"",""type"":""character"",""label"":""朋友""},{""id"":""e06"",""type"":""location"",""label"":""關塞""},{""id"":""e07"",""type"":""object"",""label"":""酒""}],""continuity"":{""recurring_entities"":[]},""scenes"":[{""id"":""p305_s01"",""setting"":""城中"",""time"":""未明示"",""mood"":""平靜"",""entities"":[""e01"",""e02"",""e03"",""e04""],""actions"":[],""focus"":[""柳樹"",""樹木"",""雨""]},{""id"":""p305_s02"",""setting"":""關塞"",""time"":""未明示"",""mood"":""平靜"",""entities"":[""e05"",""e06"",""e07""],""actions"":[""飲酒""],""focus"":[""朋友"",""酒"",""飲酒""]}]}",依各 Scene 視覺計畫,"p305_s01｜場景：城中｜畫面核心：柳樹、樹木、雨｜情緒：平靜｜出現：柳樹、樹木、城中、雨
p305_s02｜場景：關塞｜畫面核心：朋友、酒、飲酒｜動作：飲酒｜情緒：平靜｜出現：朋友、關塞、酒","植物｜柳樹
植物｜樹木
場景｜城中
物件｜雨
人物｜朋友
場景｜關塞
物件｜酒",
306,王維,七言樂府,秋夜曲,"桂魄初生秋露微，輕羅已薄未更衣。
銀箏夜久殷勤弄，心怯空房不忍歸。","秋月剛升起，露水還很薄，身上的輕羅衣已覺得單薄，卻還沒有換厚衣。
夜深還不停彈著銀箏，因為害怕回到空房一個人，所以捨不得停下。",3,8,visual_plan_v1,draft,"{""v"":""visual_plan_v1"",""entities"":[{""id"":""e01"",""type"":""object"",""label"":""月亮""},{""id"":""e02"",""type"":""object"",""label"":""露水""},{""id"":""e03"",""type"":""location"",""label"":""房間""},{""id"":""e04"",""type"":""object"",""label"":""古琴""}],""continuity"":{""recurring_entities"":[]},""scenes"":[{""id"":""p306_s01"",""setting"":""未明示"",""time"":""秋天"",""mood"":""平靜"",""entities"":[""e01"",""e02""],""actions"":[],""focus"":[""月亮"",""露水""]},{""id"":""p306_s02"",""setting"":""房間"",""time"":""夜晚"",""mood"":""平靜"",""entities"":[""e03"",""e04""],""actions"":[],""focus"":[""古琴""]}]}",依各 Scene 視覺計畫,"p306_s01｜場景：未明示｜時間：秋天｜畫面核心：月亮、露水｜情緒：平靜｜出現：月亮、露水
p306_s02｜場景：房間｜時間：夜晚｜畫面核心：古琴｜情緒：平靜｜出現：房間、古琴","物件｜月亮
物件｜露水
場景｜房間
物件｜古琴",
307,王昌齡,七言樂府,長信怨,"奉帚平明金殿開，
暫將團扇共徘徊。
玉顏不及寒鴉色，
猶帶昭陽日影來。","清晨宮門一開，她拿著掃帚在金殿前工作，
只能暫時拿著團扇，在宮中孤單來回走。
她美麗的臉如今竟不如寒鴉幸運，
因為寒鴉身上至少還帶著昭陽宮照來的陽光。",3,9,visual_plan_v1,draft,"{""v"":""visual_plan_v1"",""entities"":[{""id"":""e01"",""type"":""location"",""label"":""宮中""},{""id"":""e02"",""type"":""animal"",""label"":""鳥""}],""continuity"":{""recurring_entities"":[""e01"",""e02""]},""scenes"":[{""id"":""p307_s01"",""setting"":""宮中"",""time"":""未明示"",""mood"":""平靜"",""entities"":[""e01""],""actions"":[],""focus"":[]},{""id"":""p307_s02"",""setting"":""宮中"",""time"":""未明示"",""mood"":""孤寂"",""entities"":[""e01""],""actions"":[""前行""],""focus"":[""前行""]},{""id"":""p307_s03"",""setting"":""未明示"",""time"":""未明示"",""mood"":""平靜"",""entities"":[""e02""],""actions"":[],""focus"":[""鳥""]},{""id"":""p307_s04"",""setting"":""宮中"",""time"":""未明示"",""mood"":""平靜"",""entities"":[""e02"",""e01""],""actions"":[],""focus"":[""鳥""]}]}",依各 Scene 視覺計畫,"p307_s01｜場景：宮中｜畫面核心：｜情緒：平靜｜出現：宮中
p307_s02｜場景：宮中｜畫面核心：前行｜動作：前行｜情緒：孤寂｜出現：宮中
p307_s03｜場景：未明示｜畫面核心：鳥｜情緒：平靜｜出現：鳥
p307_s04｜場景：宮中｜畫面核心：鳥｜情緒：平靜｜出現：鳥、宮中","場景｜宮中
動物｜鳥",重複元素：宮中、鳥
308,王昌齡,七言樂府,出塞,"秦時明月漢時關，萬里長征人未還。
但使龍城飛將在，不教胡馬度陰山。","從秦朝明月到漢朝關塞，邊地景色好像一直沒變，萬里出征的人卻總有人不能回家。
如果還有像李廣那樣厲害的飛將軍守在龍城，就不會讓敵方騎兵越過陰山。",5,7,visual_plan_v1,draft,"{""v"":""visual_plan_v1"",""entities"":[{""id"":""e01"",""type"":""location"",""label"":""關塞""},{""id"":""e02"",""type"":""object"",""label"":""月亮""},{""id"":""e03"",""type"":""character"",""label"":""將軍""},{""id"":""e04"",""type"":""animal"",""label"":""馬""},{""id"":""e05"",""type"":""location"",""label"":""城中""}],""continuity"":{""recurring_entities"":[]},""scenes"":[{""id"":""p308_s01"",""setting"":""關塞"",""time"":""夜晚"",""mood"":""平靜"",""entities"":[""e01"",""e02""],""actions"":[],""focus"":[""月亮""]},{""id"":""p308_s02"",""setting"":""城中"",""time"":""未明示"",""mood"":""平靜"",""entities"":[""e03"",""e04"",""e05""],""actions"":[],""focus"":[""將軍"",""馬""]}]}",依各 Scene 視覺計畫,"p308_s01｜場景：關塞｜時間：夜晚｜畫面核心：月亮｜情緒：平靜｜出現：關塞、月亮
p308_s02｜場景：城中｜畫面核心：將軍、馬｜情緒：平靜｜出現：將軍、馬、城中","場景｜關塞
物件｜月亮
人物｜將軍
動物｜馬
場景｜城中",
309,王之渙,七言樂府,出塞,"黃河遠上白雲間，
一片孤城萬仞山。
羌笛何須怨楊柳，
春風不度玉門關。","黃河遠遠像從白雲間流來，
一座孤城被萬丈高山包圍。
羌笛何必一直吹著《折楊柳》哀嘆沒有春色，
因為春風本來就很難吹過遙遠玉門關。",5,7,visual_plan_v1,draft,"{""v"":""visual_plan_v1"",""entities"":[{""id"":""e01"",""type"":""location"",""label"":""河岸""},{""id"":""e02"",""type"":""object"",""label"":""雲""},{""id"":""e03"",""type"":""location"",""label"":""山中""},{""id"":""e04"",""type"":""location"",""label"":""城中""},{""id"":""e05"",""type"":""plant"",""label"":""柳樹""},{""id"":""e06"",""type"":""location"",""label"":""關塞""},{""id"":""e07"",""type"":""object"",""label"":""風""}],""continuity"":{""recurring_entities"":[]},""scenes"":[{""id"":""p309_s01"",""setting"":""河岸"",""time"":""未明示"",""mood"":""平靜"",""entities"":[""e01"",""e02""],""actions"":[],""focus"":[""雲""]},{""id"":""p309_s02"",""setting"":""山中"",""time"":""未明示"",""mood"":""平靜"",""entities"":[""e03"",""e04""],""actions"":[],""focus"":[]},{""id"":""p309_s03"",""setting"":""未明示"",""time"":""春天"",""mood"":""平靜"",""entities"":[""e05""],""actions"":[],""focus"":[""柳樹""]},{""id"":""p309_s04"",""setting"":""關塞"",""time"":""春天"",""mood"":""平靜"",""entities"":[""e06"",""e07""],""actions"":[],""focus"":[""風""]}]}",依各 Scene 視覺計畫,"p309_s01｜場景：河岸｜畫面核心：雲｜情緒：平靜｜出現：河岸、雲
p309_s02｜場景：山中｜畫面核心：｜情緒：平靜｜出現：山中、城中
p309_s03｜場景：未明示｜時間：春天｜畫面核心：柳樹｜情緒：平靜｜出現：柳樹
p309_s04｜場景：關塞｜時間：春天｜畫面核心：風｜情緒：平靜｜出現：關塞、風","場景｜河岸
物件｜雲
場景｜山中
場景｜城中
植物｜柳樹
場景｜關塞
物件｜風",
310,李白,七言樂府,清平調三首之一,"雲想衣裳花想容，春風拂檻露華濃。
若非羣玉山頭見，會向瑤臺月下逢。","看見雲就想到她華美衣裳，看見花就想到她美麗容貌；春風吹過欄杆，花上露水更顯濃艷。
這樣的美人如果不是在仙山見到，就應該是在月光下的瑤臺仙境相逢。",4,8,visual_plan_v1,draft,"{""v"":""visual_plan_v1"",""entities"":[{""id"":""e01"",""type"":""plant"",""label"":""花樹""},{""id"":""e02"",""type"":""object"",""label"":""雲""},{""id"":""e03"",""type"":""object"",""label"":""風""},{""id"":""e04"",""type"":""object"",""label"":""露水""},{""id"":""e05"",""type"":""character"",""label"":""女子""},{""id"":""e06"",""type"":""location"",""label"":""樓台""},{""id"":""e07"",""type"":""object"",""label"":""月亮""}],""continuity"":{""recurring_entities"":[]},""scenes"":[{""id"":""p310_s01"",""setting"":""未明示"",""time"":""春天"",""mood"":""平靜"",""entities"":[""e01"",""e02"",""e03"",""e04""],""actions"":[""看望""],""focus"":[""花樹"",""雲"",""風"",""露水"",""看望""]},{""id"":""p310_s02"",""setting"":""樓台"",""time"":""夜晚"",""mood"":""平靜"",""entities"":[""e05"",""e06"",""e07""],""actions"":[],""focus"":[""女子"",""月亮""]}]}",依各 Scene 視覺計畫,"p310_s01｜場景：未明示｜時間：春天｜畫面核心：花樹、雲、風、露水、看望｜動作：看望｜情緒：平靜｜出現：花樹、雲、風、露水
p310_s02｜場景：樓台｜時間：夜晚｜畫面核心：女子、月亮｜情緒：平靜｜出現：女子、樓台、月亮","植物｜花樹
物件｜雲
物件｜風
物件｜露水
人物｜女子
場景｜樓台
物件｜月亮",
311,李白,七言樂府,清平調三首之二,"一枝紅豔露凝香，雲雨巫山枉斷腸。
借問漢宮誰得似，可憐飛燕倚新妝。","一枝紅艷牡丹帶著露水散發香氣，巫山神女傳說再美也不值得為它太傷心。
如果問漢宮有誰能和她相比，大概只有打扮華麗的趙飛燕勉強相近。",3,8,visual_plan_v1,draft,"{""v"":""visual_plan_v1"",""entities"":[{""id"":""e01"",""type"":""object"",""label"":""雲""},{""id"":""e02"",""type"":""object"",""label"":""雨""},{""id"":""e03"",""type"":""object"",""label"":""露水""},{""id"":""e04"",""type"":""animal"",""label"":""鳥""},{""id"":""e05"",""type"":""location"",""label"":""宮中""}],""continuity"":{""recurring_entities"":[]},""scenes"":[{""id"":""p311_s01"",""setting"":""未明示"",""time"":""未明示"",""mood"":""感傷"",""entities"":[""e01"",""e02"",""e03""],""actions"":[],""focus"":[""雲"",""雨"",""露水""]},{""id"":""p311_s02"",""setting"":""宮中"",""time"":""未明示"",""mood"":""平靜"",""entities"":[""e04"",""e05""],""actions"":[],""focus"":[""鳥""]}]}",依各 Scene 視覺計畫,"p311_s01｜場景：未明示｜畫面核心：雲、雨、露水｜情緒：感傷｜出現：雲、雨、露水
p311_s02｜場景：宮中｜畫面核心：鳥｜情緒：平靜｜出現：鳥、宮中","物件｜雲
物件｜雨
物件｜露水
動物｜鳥
場景｜宮中",
312,李白,七言樂府,清平調三首之三,"名花傾國兩相歡，長得君王帶笑看。
觧釋春風無限恨，沈香亭北倚闌干。","名貴牡丹和絕世美人彼此映襯，都讓君王高興得一直帶笑欣賞。
花和美人好像能消去春風裡所有遺憾，她們就在沉香亭北靠著欄杆相映成趣。",3,8,visual_plan_v1,draft,"{""v"":""visual_plan_v1"",""entities"":[{""id"":""e01"",""type"":""character"",""label"":""朋友""},{""id"":""e02"",""type"":""character"",""label"":""女子""},{""id"":""e03"",""type"":""plant"",""label"":""花樹""},{""id"":""e04"",""type"":""object"",""label"":""風""}],""continuity"":{""recurring_entities"":[""e02"",""e03""]},""scenes"":[{""id"":""p312_s01"",""setting"":""未明示"",""time"":""未明示"",""mood"":""平靜"",""entities"":[""e01"",""e02"",""e03""],""actions"":[],""focus"":[""朋友"",""女子"",""花樹""]},{""id"":""p312_s02"",""setting"":""未明示"",""time"":""春天"",""mood"":""平靜"",""entities"":[""e02"",""e03"",""e04""],""actions"":[""前行""],""focus"":[""女子"",""花樹"",""風"",""前行""]}]}",依各 Scene 視覺計畫,"p312_s01｜場景：未明示｜畫面核心：朋友、女子、花樹｜情緒：平靜｜出現：朋友、女子、花樹
p312_s02｜場景：未明示｜時間：春天｜畫面核心：女子、花樹、風、前行｜動作：前行｜情緒：平靜｜出現：女子、花樹、風","人物｜朋友
人物｜女子
植物｜花樹
物件｜風",重複元素：女子、花樹
313,杜秋娘,七言樂府,金縷衣,"勸君莫惜金縷衣，
勸君惜取少年時。
花開堪折直須折，
莫待無花空折枝。","勸你不要只珍惜昂貴漂亮的金縷衣，
真正該珍惜的是年輕寶貴的時光。
花開到可以折取時，就要把握機會去做，
不要等花全謝了，才對著空枝後悔。",4,7,visual_plan_v1,draft,"{""v"":""visual_plan_v1"",""entities"":[{""id"":""e01"",""type"":""plant"",""label"":""花樹""}],""continuity"":{""recurring_entities"":[""e01""]},""scenes"":[{""id"":""p313_s01"",""setting"":""未明示"",""time"":""未明示"",""mood"":""平靜"",""entities"":[],""actions"":[],""focus"":[]},{""id"":""p313_s02"",""setting"":""未明示"",""time"":""未明示"",""mood"":""平靜"",""entities"":[],""actions"":[],""focus"":[]},{""id"":""p313_s03"",""setting"":""未明示"",""time"":""未明示"",""mood"":""平靜"",""entities"":[""e01""],""actions"":[""前行""],""focus"":[""花樹"",""前行""]},{""id"":""p313_s04"",""setting"":""未明示"",""time"":""未明示"",""mood"":""平靜"",""entities"":[""e01""],""actions"":[],""focus"":[""花樹""]}]}",依各 Scene 視覺計畫,"p313_s01｜場景：未明示｜畫面核心：｜情緒：平靜
p313_s02｜場景：未明示｜畫面核心：｜情緒：平靜
p313_s03｜場景：未明示｜畫面核心：花樹、前行｜動作：前行｜情緒：平靜｜出現：花樹
p313_s04｜場景：未明示｜畫面核心：花樹｜情緒：平靜｜出現：花樹",植物｜花樹,重複元素：花樹
