scene_id,poem_id,scene_no,original_line,child_explanation_line,image_prompt_zh,style_group,character_consistency_key,aspect_ratio,duration_sec,motion_hint,background_image,text_overlay_image,tts_audio,image_status
p001_s01,1,1,蘭葉春葳蕤，桂華秋皎潔。,春天的蘭草長得茂盛，秋天的桂花明亮又潔白。,,storybook_cn_v1,p001,16:9,,,,,,pending
p001_s02,1,2,欣欣此生意，自爾爲佳節。,草木生氣蓬勃，自然讓春秋成為美好的季節。,,storybook_cn_v1,p001,16:9,,,,,,pending
p001_s03,1,3,誰知林棲者，聞風坐相悅。,誰知道住在山林裡的人，聽見它們的美名就很喜歡。,,storybook_cn_v1,p001,16:9,,,,,,pending
p001_s04,1,4,草木有本心，何求美人折？,草木本來就有自己的美好，並不是為了等人來採折。,,storybook_cn_v1,p001,16:9,,,,,,pending
p002_s01,2,1,江南有丹橘，經冬猶綠林。,江南有紅紅的橘樹，到了冬天還是一片翠綠。,,storybook_cn_v1,p002,16:9,,,,,,pending
p002_s02,2,2,豈伊地氣暖，自有歲寒心。,這不只是因為天氣溫暖，而是橘樹本身很能耐寒。,,storybook_cn_v1,p002,16:9,,,,,,pending
p002_s03,2,3,可以薦嘉客，奈何阻重深！,這些好橘子本來可以送給尊貴的客人，卻被重重阻礙擋住了。,,storybook_cn_v1,p002,16:9,,,,,,pending
p002_s04,2,4,運命唯所遇，循環不可尋。,人的命運常看遇到什麼機會，很多事情很難預先知道。,,storybook_cn_v1,p002,16:9,,,,,,pending
p002_s05,2,5,徒言樹桃李，此木豈無陰？,大家只會稱讚桃李，難道橘樹就不能給人遮蔭嗎？,,storybook_cn_v1,p002,16:9,,,,,,pending
p003_s01,3,1,暮從碧山下，山月隨人歸。,傍晚從青翠的終南山走下來，月亮好像一路陪我回去。,,storybook_cn_v1,p003,16:9,,,,,,pending
p003_s02,3,2,卻顧所來徑，蒼蒼橫翠微。,回頭看看剛走過的小路，只見青山在暮色裡朦朦朧朧。,,storybook_cn_v1,p003,16:9,,,,,,pending
p003_s03,3,3,相攜及田家，童稚開荊扉。,我和朋友一起走到農家，孩子們來打開柴門迎接。,,storybook_cn_v1,p003,16:9,,,,,,pending
p003_s04,3,4,綠竹入幽徑，青蘿拂行衣。,小路旁都是綠竹，藤蔓輕輕擦過我的衣服。,,storybook_cn_v1,p003,16:9,,,,,,pending
p003_s05,3,5,歡言得所憩，美酒聊共揮。,大家開心聊天，找到休息的地方，也一起喝點美酒。,,storybook_cn_v1,p003,16:9,,,,,,pending
p003_s06,3,6,長歌吟松風，曲盡河星稀。,我們高聲唱歌，松林傳來風聲，唱到夜深星星都稀了。,,storybook_cn_v1,p003,16:9,,,,,,pending
p003_s07,3,7,我醉君且樂，對酌無相違。,我喝醉了，你也很開心，我們自在地一起舉杯。,,storybook_cn_v1,p003,16:9,,,,,,pending
p004_s01,4,1,花間一壺酒，獨酌無相親。,花叢旁放著一壺酒，我一個人喝，身邊沒有朋友。,,storybook_cn_v1,p004,16:9,,,,,,pending
p004_s02,4,2,舉杯邀明月，對影成三人。,我舉杯邀請明月，再加上自己的影子，就像有三個人作伴。,,storybook_cn_v1,p004,16:9,,,,,,pending
p004_s03,4,3,月既不解飲，影徒隨我身。,月亮不會喝酒，影子也只是跟著我的身體移動。,,storybook_cn_v1,p004,16:9,,,,,,pending
p004_s04,4,4,暫伴月將影，行樂須及春。,那就先讓月亮和影子陪我，在春天裡好好享受這一刻。,,storybook_cn_v1,p004,16:9,,,,,,pending
p004_s05,4,5,我歌月徘徊，我舞影零亂。,我唱歌時月影像在搖晃，我跳舞時影子也跟著晃動。,,storybook_cn_v1,p004,16:9,,,,,,pending
p004_s06,4,6,醒時同交歡，醉後各分散。,清醒時大家好像一起歡樂，喝醉後又各自分開。,,storybook_cn_v1,p004,16:9,,,,,,pending
p004_s07,4,7,永結無情遊，相期邈雲漢。,真希望能一直和月亮、影子作伴，將來在遙遠天空再相聚。,,storybook_cn_v1,p004,16:9,,,,,,pending
p005_s01,5,1,燕草如碧絲，秦桑低綠枝。,燕地的春草才剛綠得像細絲，秦地的桑樹已垂下嫩綠枝條。,,storybook_cn_v1,p005,16:9,,,,,,pending
p005_s02,5,2,當君懷歸日，是妾斷腸時。,當你在遠方想著回家時，我也正因為想念你而難過。,,storybook_cn_v1,p005,16:9,,,,,,pending
p005_s03,5,3,春風不相識，何事入羅幃？,春風啊，我和你又不熟，你怎麼吹進我的房間裡呢？,,storybook_cn_v1,p005,16:9,,,,,,pending
p006_s01,6,1,岱宗夫如何，齊魯青未了。,泰山到底有多雄偉？它的青翠景色一路延伸在齊魯大地。,,storybook_cn_v1,p006,16:9,,,,,,pending
p006_s02,6,2,造化鍾神秀，陰陽割昏曉。,大自然把美麗神奇都聚在這裡，山的兩邊像把早晚分開。,,storybook_cn_v1,p006,16:9,,,,,,pending
p006_s03,6,3,盪胸生曾雲，決眥入歸鳥。,層層雲氣讓人心胸開闊，我睜大眼睛看著歸巢的鳥兒。,,storybook_cn_v1,p006,16:9,,,,,,pending
p006_s04,6,4,會當凌絕頂，一覽衆山小。,有一天我一定要登上最高峰，從上面看四周群山都變小。,,storybook_cn_v1,p006,16:9,,,,,,pending
p007_s01,7,1,人生不相見，動如參與商。,人生常常很難見面，就像天上的兩顆星總是錯開。,,storybook_cn_v1,p007,16:9,,,,,,pending
p007_s02,7,2,今夕復何夕，共此燈燭光。,沒想到今晚我們又能相聚，一起坐在燈火旁。,,storybook_cn_v1,p007,16:9,,,,,,pending
p007_s03,7,3,少壯能幾時，鬢髮各已蒼。,年輕的日子能有多久呢？如今我們的頭髮都已變白。,,storybook_cn_v1,p007,16:9,,,,,,pending
p007_s04,7,4,訪舊半爲鬼，驚呼熱中腸。,問起以前的朋友，竟有一半已不在人世，讓人十分難過。,,storybook_cn_v1,p007,16:9,,,,,,pending
p007_s05,7,5,焉知二十載，重上君子堂。,誰想到分別二十年後，我竟又來到你的家裡。,,storybook_cn_v1,p007,16:9,,,,,,pending
p007_s06,7,6,昔別君未婚，兒女忽成行。,當年分別時你還沒成家，現在孩子都已長大成群。,,storybook_cn_v1,p007,16:9,,,,,,pending
p007_s07,7,7,怡然敬父執，問我來何方。,孩子們親切地尊敬父親的老朋友，問我是從哪裡來的。,,storybook_cn_v1,p007,16:9,,,,,,pending
p007_s08,7,8,問答乃未已，驅兒羅酒漿。,話還沒說完，你就叫孩子們準備酒菜招待我。,,storybook_cn_v1,p007,16:9,,,,,,pending
p007_s09,7,9,夜雨翦春韭，新炊間黃粱。,外面下著夜雨，桌上有新剪的春韭菜和剛煮好的飯。,,storybook_cn_v1,p007,16:9,,,,,,pending
p007_s10,7,10,主稱會面難，一舉累十觴。,主人說見一次面太不容易，一口氣勸我喝了好多杯。,,storybook_cn_v1,p007,16:9,,,,,,pending
p007_s11,7,11,十觴亦不醉，感子故意長。,喝了很多也不覺得醉，因為更感動的是你長久不變的友情。,,storybook_cn_v1,p007,16:9,,,,,,pending
p007_s12,7,12,明日隔山岳，世事兩茫茫。,明天我們又要隔著山岳分開，未來會怎樣誰也不知道。,,storybook_cn_v1,p007,16:9,,,,,,pending
p008_s01,8,1,絕代有佳人，幽居在空谷。,有一位非常美麗的女子，獨自住在幽靜的山谷裡。,,storybook_cn_v1,p008,16:9,,,,,,pending
p008_s02,8,2,自云良家子，零落依草木。,她說自己原本出身好人家，如今卻只能依靠山林生活。,,storybook_cn_v1,p008,16:9,,,,,,pending
p008_s03,8,3,關中昔喪亂，兄弟遭殺戮。,以前關中發生戰亂，她的兄弟都在戰亂中死去。,,storybook_cn_v1,p008,16:9,,,,,,pending
p008_s04,8,4,官高何足論，不得收骨肉。,就算家人曾做大官又有什麼用，連親人的遺骨都無法收回。,,storybook_cn_v1,p008,16:9,,,,,,pending
p008_s05,8,5,世情惡衰歇，萬事隨轉燭。,世上的人常在你失意時離開，許多事情一下就改變了。,,storybook_cn_v1,p008,16:9,,,,,,pending
p008_s06,8,6,夫婿輕薄兒，新人美如玉。,她的丈夫喜新厭舊，又愛上了像美玉一樣漂亮的新人。,,storybook_cn_v1,p008,16:9,,,,,,pending
p008_s07,8,7,合昏尚知時，鴛鴦不獨宿。,連合歡花都知道按時開合，鴛鴦也總是成雙成對。,,storybook_cn_v1,p008,16:9,,,,,,pending
p008_s08,8,8,但見新人笑，那聞舊人哭。,丈夫只看見新人笑，卻聽不見舊人傷心哭泣。,,storybook_cn_v1,p008,16:9,,,,,,pending
p008_s09,8,9,在山泉水清，出山泉水濁。,山裡的泉水清澈，流出山後卻容易變得混濁。,,storybook_cn_v1,p008,16:9,,,,,,pending
p008_s10,8,10,侍婢賣珠迴，牽蘿補茅屋。,侍女賣掉珍珠回來，她拉著藤蔓修補簡陋的草屋。,,storybook_cn_v1,p008,16:9,,,,,,pending
p008_s11,8,11,摘花不插髮，采柏動盈掬。,她摘了花也不戴在頭上，反而抱回滿滿一把柏枝。,,storybook_cn_v1,p008,16:9,,,,,,pending
p008_s12,8,12,天寒翠袖薄，日暮倚修竹。,天氣很冷，她衣服單薄，黃昏時獨自靠著修竹站著。,,storybook_cn_v1,p008,16:9,,,,,,pending
p009_s01,9,1,死別已吞聲，生別常惻惻。,死別讓人哭不出聲，活著卻分離更讓人天天牽掛。,,storybook_cn_v1,p009,16:9,,,,,,pending
p009_s02,9,2,江南瘴癘地，逐客無消息。,你被放逐到遙遠又容易生病的江南，一直沒有消息。,,storybook_cn_v1,p009,16:9,,,,,,pending
p009_s03,9,3,故人入我夢，明我長相憶。,老朋友出現在我的夢裡，讓我知道自己有多麼想念你。,,storybook_cn_v1,p009,16:9,,,,,,pending
p009_s04,9,4,恐非平生魂，路遠不可測。,我甚至擔心夢裡來的不是平安的你，因為路途實在太遠。,,storybook_cn_v1,p009,16:9,,,,,,pending
p009_s05,9,5,魂來楓葉青，魂返關塞黑。,夢裡你好像從青楓那邊來，又回到昏暗遙遠的關塞。,,storybook_cn_v1,p009,16:9,,,,,,pending
p009_s06,9,6,君今在羅網，何以有羽翼。,你現在被困在危險處境裡，怎麼可能真的自由來去呢？,,storybook_cn_v1,p009,16:9,,,,,,pending
p009_s07,9,7,落月滿屋梁，猶疑照顏色。,月亮快落下時照滿屋梁，我彷彿還看見你的臉。,,storybook_cn_v1,p009,16:9,,,,,,pending
p009_s08,9,8,水深波浪闊，無使蛟龍得。,路上水深浪大，希望你千萬不要遇到危險。,,storybook_cn_v1,p009,16:9,,,,,,pending
p010_s01,10,1,浮雲終日行，遊子久不至。,浮雲整天飄來飄去，而遠方的朋友一直沒有回來。,,storybook_cn_v1,p010,16:9,,,,,,pending
p010_s02,10,2,三夜頻夢君，情親見君意。,連續三個晚上都夢見你，我知道這是因為我們感情很深。,,storybook_cn_v1,p010,16:9,,,,,,pending
p010_s03,10,3,告歸常局促，苦道來不易。,夢裡你每次要離開都很匆忙，還一直說來一趟不容易。,,storybook_cn_v1,p010,16:9,,,,,,pending
p010_s04,10,4,江湖多風波，舟楫恐失墜。,江河湖海風浪很多，坐船時總怕發生危險。,,storybook_cn_v1,p010,16:9,,,,,,pending
p010_s05,10,5,出門搔白首，若負平生志。,你出門時抓著白髮，好像為自己沒能完成志向而難過。,,storybook_cn_v1,p010,16:9,,,,,,pending
p010_s06,10,6,冠蓋滿京華，斯人獨憔悴。,京城裡有很多有權勢的人，偏偏你卻過得這麼辛苦。,,storybook_cn_v1,p010,16:9,,,,,,pending
p010_s07,10,7,孰云網恢恢，將老身反累。,誰說老天總會公平呢？你年紀大了還被困在災難裡。,,storybook_cn_v1,p010,16:9,,,,,,pending
p010_s08,10,8,千秋萬歲名，寂寞身後事。,就算以後留下千古名聲，人活著時的寂寞又有誰能補償？,,storybook_cn_v1,p010,16:9,,,,,,pending
p011_s01,11,1,聖代無隱者，英靈盡來歸。,太平時代沒有真正想躲起來的人，有才華的人都希望為國家做事。,,storybook_cn_v1,p011,16:9,,,,,,pending
p011_s02,11,2,遂令東山客，不得顧采薇。,所以連原本想隱居山林的人，也離開山中來到朝廷。,,storybook_cn_v1,p011,16:9,,,,,,pending
p011_s03,11,3,既至君門遠，孰云吾道非。,你已經走了很遠來到京城，不能因一次失敗就認為自己的道路錯了。,,storybook_cn_v1,p011,16:9,,,,,,pending
p011_s04,11,4,江淮度寒食，京洛縫春衣。,你將在江淮度過寒食節，回到洛陽時大概已穿上春衣。,,storybook_cn_v1,p011,16:9,,,,,,pending
p011_s05,11,5,置酒臨長道，同心與我違。,我在大路旁擺酒為你送行，雖然志趣相同，現在卻要分別。,,storybook_cn_v1,p011,16:9,,,,,,pending
p011_s06,11,6,行當浮桂櫂，未幾拂荊扉。,你將乘著小船回去，不久就能回到自己的家門。,,storybook_cn_v1,p011,16:9,,,,,,pending
p011_s07,11,7,遠樹帶行客，孤村當落暉。,遠方的樹木陪著旅人前進，夕陽照著孤單的小村莊。,,storybook_cn_v1,p011,16:9,,,,,,pending
p011_s08,11,8,吾謀適不用，勿謂知音稀。,只是你的才華這次沒有被採用，不要以為世上沒有懂你的人。,,storybook_cn_v1,p011,16:9,,,,,,pending
p012_s01,12,1,下馬飲君酒，問君何所之。,我下馬請你喝酒，問你接下來要去哪裡。,,storybook_cn_v1,p012,16:9,,,,,,pending
p012_s02,12,2,君言不得意，歸臥南山陲。,你說最近事情不順心，想回到南山旁好好生活。,,storybook_cn_v1,p012,16:9,,,,,,pending
p012_s03,12,3,但去莫復問，白雲無盡時。,那就安心去吧，我不再多問；山中的白雲永遠自在無邊。,,storybook_cn_v1,p012,16:9,,,,,,pending
p013_s01,13,1,言入黃花川，每逐青谿水。,我想進入黃花川，常常沿著青溪一路前行。,,storybook_cn_v1,p013,16:9,,,,,,pending
p013_s02,13,2,隨山將萬轉，趣途無百里。,溪水跟著山勢彎了好多次，可是走的路其實不到百里。,,storybook_cn_v1,p013,16:9,,,,,,pending
p013_s03,13,3,聲喧亂石中，色靜深松裏。,水流穿過亂石時聲音很響，流進深松林裡又變得安靜。,,storybook_cn_v1,p013,16:9,,,,,,pending
p013_s04,13,4,漾漾泛菱荇，澄澄映葭葦。,水面輕輕漂著菱葉水草，清澈得能映出蘆葦。,,storybook_cn_v1,p013,16:9,,,,,,pending
p013_s05,13,5,我心素已閒，清川澹如此。,我的心本來就喜歡安靜，眼前清清的溪水也正是這樣。,,storybook_cn_v1,p013,16:9,,,,,,pending
p013_s06,13,6,請留盤石上，垂釣將已矣。,真想就留在溪邊的大石頭上，從此自在地釣魚生活。,,storybook_cn_v1,p013,16:9,,,,,,pending
p014_s01,14,1,斜陽照墟落，窮巷牛羊歸。,夕陽照著小村子，巷子盡頭的牛羊都回家了。,,storybook_cn_v1,p014,16:9,,,,,,pending
p014_s02,14,2,野老念牧童，倚杖候荊扉。,老人惦記著放牧的孩子，拄著拐杖在柴門口等候。,,storybook_cn_v1,p014,16:9,,,,,,pending
p014_s03,14,3,雉雊麥苗秀，蠶眠桑葉稀。,野雞在長高的麥田裡叫，桑葉被蠶吃得越來越少。,,storybook_cn_v1,p014,16:9,,,,,,pending
p014_s04,14,4,田夫荷鋤至，相見語依依。,農夫扛著鋤頭回來，遇見鄰居就親切地聊上幾句。,,storybook_cn_v1,p014,16:9,,,,,,pending
p014_s05,14,5,即此羨閑逸，悵然吟式微。,看到這麼悠閒的農家生活，我很羨慕，也感嘆自己不能留下。,,storybook_cn_v1,p014,16:9,,,,,,pending
p015_s01,15,1,豔色天下重，西施寧久微。,美麗的容貌人人看重，像西施這樣的美人怎會一直沒人發現？,,storybook_cn_v1,p015,16:9,,,,,,pending
p015_s02,15,2,朝乃越溪女，暮作吳宮妃。,早上她還只是溪邊洗衣的女孩，晚上就成了吳王宮中的妃子。,,storybook_cn_v1,p015,16:9,,,,,,pending
p015_s03,15,3,賤日豈殊眾，貴來方悟稀。,身分低微時大家覺得她普通，富貴後才突然發現她很特別。,,storybook_cn_v1,p015,16:9,,,,,,pending
p015_s04,15,4,邀人傅香粉，不自著羅衣。,有人替她抹香粉，連漂亮衣服都有人幫她穿。,,storybook_cn_v1,p015,16:9,,,,,,pending
p015_s05,15,5,君寵益嬌態，君憐無是非。,君王越寵愛她，她越顯得嬌貴，做什麼似乎都有人包容。,,storybook_cn_v1,p015,16:9,,,,,,pending
p015_s06,15,6,當時浣紗伴，莫得同車歸。,以前一起洗衣的朋友，再也不能和她同車來往。,,storybook_cn_v1,p015,16:9,,,,,,pending
p015_s07,15,7,持謝鄰家子，效顰安可希！,所以不要只學別人的樣子，硬要模仿並不一定能得到同樣結果。,,storybook_cn_v1,p015,16:9,,,,,,pending
p016_s01,16,1,北山白雲裏，隱者自怡悅。,北山被白雲圍繞，我這個隱居的人看了心情很愉快。,,storybook_cn_v1,p016,16:9,,,,,,pending
p016_s02,16,2,相望試登高，心飛逐鳥滅。,為了遠望朋友所在的方向，我登上高處，心思像飛鳥一樣飛遠。,,storybook_cn_v1,p016,16:9,,,,,,pending
p016_s03,16,3,愁因薄暮起，興是清秋發。,傍晚來臨時有些愁意，但清爽的秋天也讓人興致很好。,,storybook_cn_v1,p016,16:9,,,,,,pending
p016_s04,16,4,時見歸村人，沙行渡頭歇。,不時看見村民回家，有人在沙灘上走，也有人在渡口休息。,,storybook_cn_v1,p016,16:9,,,,,,pending
p016_s05,16,5,天邊樹若薺，江畔舟如月。,遠方的樹小得像野菜，江邊的船彎彎地像月亮。,,storybook_cn_v1,p016,16:9,,,,,,pending
p016_s06,16,6,何當載酒來，共醉重陽節。,真希望你帶著酒來，我們一起在重陽節痛快相聚。,,storybook_cn_v1,p016,16:9,,,,,,pending
p017_s01,17,1,山光忽西落，池月漸東上。,夕陽忽然從山邊落下，池中的月亮慢慢從東方升起。,,storybook_cn_v1,p017,16:9,,,,,,pending
p017_s02,17,2,散髮乘夕涼，開軒臥閑敞。,我披散頭髮享受夜晚的涼意，打開窗戶舒服地躺著休息。,,storybook_cn_v1,p017,16:9,,,,,,pending
p017_s03,17,3,荷風送香氣，竹露滴清響。,風吹荷花送來香氣，竹葉上的露水滴下清脆的聲音。,,storybook_cn_v1,p017,16:9,,,,,,pending
p017_s04,17,4,欲取鳴琴彈，恨無知音賞。,我想拿起琴來彈，卻可惜身邊沒有懂得欣賞的人。,,storybook_cn_v1,p017,16:9,,,,,,pending
p017_s05,17,5,感此懷故人，中宵勞夢想。,想到這裡更加想念老朋友，到了半夜還一直夢想著相聚。,,storybook_cn_v1,p017,16:9,,,,,,pending
p018_s01,18,1,夕陽度西嶺，群壑倏已暝。,夕陽越過西邊山嶺，山谷很快就變暗了。,,storybook_cn_v1,p018,16:9,,,,,,pending
p018_s02,18,2,松月生夜涼，風泉滿清聽。,月光從松林間升起帶來涼意，風聲和泉水聲聽起來很清亮。,,storybook_cn_v1,p018,16:9,,,,,,pending
p018_s03,18,3,樵人歸欲盡，煙鳥棲初定。,砍柴的人幾乎都回家了，林間的鳥也開始安靜棲息。,,storybook_cn_v1,p018,16:9,,,,,,pending
p018_s04,18,4,之子期宿來，孤琴候蘿徑。,我等著約好來住宿的朋友，只能抱著琴守候在長滿藤蘿的小路旁。,,storybook_cn_v1,p018,16:9,,,,,,pending
p019_s01,19,1,高臥南齋時，開帷月初吐。,我在南齋安靜休息時，拉開窗簾正看見月亮升起。,,storybook_cn_v1,p019,16:9,,,,,,pending
p019_s02,19,2,清輝澹水木，演漾在窗戶。,清亮的月光淡淡照著水面和樹木，也映到窗戶裡。,,storybook_cn_v1,p019,16:9,,,,,,pending
p019_s03,19,3,苒苒幾盈虛，澄澄變今古。,月亮一次次圓了又缺，清澈的月光從古到今都沒有改變。,,storybook_cn_v1,p019,16:9,,,,,,pending
p019_s04,19,4,美人清江畔，是夜越吟苦。,我想起清江邊的那位朋友，他今晚也許正吟詩思念遠方。,,storybook_cn_v1,p019,16:9,,,,,,pending
p019_s05,19,5,千里其如何，微風吹蘭杜。,雖然相隔千里，只希望微風能把我的思念帶過去。,,storybook_cn_v1,p019,16:9,,,,,,pending
p020_s01,20,1,絕頂一茅茨，直上三十里。,山頂只有一間小茅屋，我走了三十里山路才到。,,storybook_cn_v1,p020,16:9,,,,,,pending
p020_s02,20,2,扣關無僮僕，窺室唯案几。,敲門沒有童僕回應，從窗裡看也只見桌椅空著。,,storybook_cn_v1,p020,16:9,,,,,,pending
p020_s03,20,3,若非巾柴車，應是釣秋水。,主人如果不是坐著柴車出門，大概就是到秋水邊釣魚了。,,storybook_cn_v1,p020,16:9,,,,,,pending
p020_s04,20,4,差池不相見，黽勉空仰止。,可惜我們沒有碰上，我只好努力仰望並想像他的風采。,,storybook_cn_v1,p020,16:9,,,,,,pending
p020_s05,20,5,草色新雨中，松聲晚牕裏。,新雨後草色特別青，傍晚窗外傳來陣陣松濤聲。,,storybook_cn_v1,p020,16:9,,,,,,pending
p020_s06,20,6,及茲契幽絕，自足蕩心耳。,來到這麼幽靜的地方，我的心和耳朵都覺得清爽舒暢。,,storybook_cn_v1,p020,16:9,,,,,,pending
p020_s07,20,7,雖無賓主意，頗得清淨理。,雖然沒有見到主人聊天，卻也從安靜山林中體會到平靜。,,storybook_cn_v1,p020,16:9,,,,,,pending
p020_s08,20,8,興盡方下山，何必待之子。,興致盡了我才下山，其實也不一定非得等到主人回來。,,storybook_cn_v1,p020,16:9,,,,,,pending
p021_s01,21,1,幽意無斷絕，此去隨所偶。,我想尋找幽靜的樂趣，就讓小船隨著水勢自在前進。,,storybook_cn_v1,p021,16:9,,,,,,pending
p021_s02,21,2,晚風吹行舟，花路入溪口。,晚風吹著小船，兩岸花木一路陪我進入溪口。,,storybook_cn_v1,p021,16:9,,,,,,pending
p021_s03,21,3,際夜轉西壑，隔山望南斗。,天色漸晚，小船轉進西邊山谷，隔著山還能看見南斗星。,,storybook_cn_v1,p021,16:9,,,,,,pending
p021_s04,21,4,潭煙飛溶溶，林月低向後。,潭上的霧氣輕輕飄動，林間月亮看起來越來越低。,,storybook_cn_v1,p021,16:9,,,,,,pending
p021_s05,21,5,生事且彌漫，願爲持竿叟。,世事讓人覺得迷茫，我真希望成為一個自在釣魚的老人。,,storybook_cn_v1,p021,16:9,,,,,,pending
p022_s01,22,1,清溪深不測，隱處唯孤雲。,清溪幽深得看不到底，朋友隱居的地方只有孤雲相伴。,,storybook_cn_v1,p022,16:9,,,,,,pending
p022_s02,22,2,松際露微月，清光猶爲君。,松樹間露出一點月亮，清清月光好像特別為你照亮。,,storybook_cn_v1,p022,16:9,,,,,,pending
p022_s03,22,3,茅亭宿花影，藥院滋苔紋。,茅亭旁停著花影，種藥草的院子裡長滿濕潤的青苔。,,storybook_cn_v1,p022,16:9,,,,,,pending
p022_s04,22,4,余亦謝時去，西山鸞鶴羣。,我也想告別忙亂的世俗，到西山和自由的鳥兒一起生活。,,storybook_cn_v1,p022,16:9,,,,,,pending
p023_s01,23,1,塔勢如湧出，孤高聳天宮。,高塔像從地面突然湧出，孤單又高高聳向天空。,,storybook_cn_v1,p023,16:9,,,,,,pending
p023_s02,23,2,登臨出世界，磴道盤虛空。,登塔之後像離開了平常世界，石階盤旋在半空中。,,storybook_cn_v1,p023,16:9,,,,,,pending
p023_s03,23,3,突兀壓神州，崢嶸如鬼工。,雄偉的塔彷彿壓住整片大地，樣子奇特得像神工打造。,,storybook_cn_v1,p023,16:9,,,,,,pending
p023_s04,23,4,四角礙白日，七層摩蒼穹。,塔的四角高得像擋住太陽，七層塔頂幾乎碰到天空。,,storybook_cn_v1,p023,16:9,,,,,,pending
p023_s05,23,5,下窺指高鳥，俯聽聞驚風。,從上往下看，連高飛的鳥都像在腳下，還能聽見強風吹過。,,storybook_cn_v1,p023,16:9,,,,,,pending
p023_s06,23,6,連山若波濤，奔湊如朝東。,遠方連綿山嶺像一層層波浪，一起朝東方延伸。,,storybook_cn_v1,p023,16:9,,,,,,pending
p023_s07,23,7,青槐夾馳道，宮館何玲瓏。,青槐排列在大道兩旁，遠處宮殿精巧美麗。,,storybook_cn_v1,p023,16:9,,,,,,pending
p023_s08,23,8,秋色從西來，蒼然滿關中。,秋天的景色從西方而來，整個關中大地都帶著蒼茫秋意。,,storybook_cn_v1,p023,16:9,,,,,,pending
p023_s09,23,9,五陵北原上，萬古青濛濛。,北方原野和古老陵墓一帶，千百年來都籠罩著青濛濛景色。,,storybook_cn_v1,p023,16:9,,,,,,pending
p023_s10,23,10,淨理了可悟，勝因夙所宗。,站在高處，我好像更能明白清靜深遠的道理。,,storybook_cn_v1,p023,16:9,,,,,,pending
p023_s11,23,11,誓將挂冠去，覺道資無窮。,真想辭去官職，專心追求讓心靈自在的生活。,,storybook_cn_v1,p023,16:9,,,,,,pending
p024_s01,24,1,癸卯歲，西原賊入道州，焚燒殺掠，幾盡而去。,癸卯那年，賊軍進入道州，燒房、殺人、搶東西，幾乎把地方破壞殆盡後才離開。,,storybook_cn_v1,p024,16:9,,,,,,pending
p024_s02,24,2,明年，賊又攻永破邵，不犯此州邊鄙而退，豈力能制敵歟？,第二年賊軍又攻打別處，卻沒有侵犯這裡；不是我們特別強，而是連賊軍都覺得百姓太可憐。,,storybook_cn_v1,p024,16:9,,,,,,pending
p024_s03,24,3,蓋蒙其傷憐而已！諸使何為忍苦徵歛！故作詩一篇以示官吏。,既然連賊軍都不忍再傷害百姓，官員怎麼還忍心重重收稅？所以我寫下這首詩提醒官吏。,,storybook_cn_v1,p024,16:9,,,,,,pending
p024_s04,24,4,,,,storybook_cn_v1,p024,16:9,,,,,,pending
p024_s05,24,5,昔歲逢太平，山林二十年。,以前天下太平時，我在山林裡安靜生活了二十年。,,storybook_cn_v1,p024,16:9,,,,,,pending
p024_s06,24,6,泉源在庭戶，洞壑當門前。,家門前就有泉水和山谷，生活簡單又自在。,,storybook_cn_v1,p024,16:9,,,,,,pending
p024_s07,24,7,井稅有常期，日晏猶得眠。,該繳的稅都有固定時間，日子安穩到可以安心睡晚一點。,,storybook_cn_v1,p024,16:9,,,,,,pending
p024_s08,24,8,忽然遭世變，數歲親戎旃。,沒想到世道忽然改變，我好幾年都親身遇見戰亂。,,storybook_cn_v1,p024,16:9,,,,,,pending
p024_s09,24,9,今來典斯郡，山夷又紛然。,如今我來管理這個地方，山區又再次亂了起來。,,storybook_cn_v1,p024,16:9,,,,,,pending
p024_s10,24,10,城小賊不屠，人貧傷可憐。,這座城很小，賊軍沒有屠殺，因為百姓窮得讓人心疼。,,storybook_cn_v1,p024,16:9,,,,,,pending
p024_s11,24,11,是以陷隣境，此州獨見全。,鄰近地方遭到攻擊，只有這個州幸運保全下來。,,storybook_cn_v1,p024,16:9,,,,,,pending
p024_s12,24,12,使臣將王命，豈不如賊焉。,奉皇命來辦事的官員，難道反而比賊軍更狠嗎？,,storybook_cn_v1,p024,16:9,,,,,,pending
p024_s13,24,13,令彼徵斂者，迫之如火煎。,如果還逼百姓繳很多東西，就像把他們放在火上煎一樣痛苦。,,storybook_cn_v1,p024,16:9,,,,,,pending
p024_s14,24,14,誰能絕人命，以作時世賢。,誰能為了做一個被稱讚的官，就把百姓逼到活不下去呢？,,storybook_cn_v1,p024,16:9,,,,,,pending
p024_s15,24,15,思欲委符節，引竿自刺船。,我甚至想交回官印，拿根釣竿自己划船離開。,,storybook_cn_v1,p024,16:9,,,,,,pending
p024_s16,24,16,將家就魚麥，歸老江湖邊。,帶著家人到有魚有糧的地方，在江湖邊安度晚年。,,storybook_cn_v1,p024,16:9,,,,,,pending
p025_s01,25,1,兵衛森畫戟，燕寢凝清香。,官署門前武器排列得很整齊，休息的房間裡飄著淡淡香氣。,,storybook_cn_v1,p025,16:9,,,,,,pending
p025_s02,25,2,海上風雨至，逍遙池閣涼。,海上風雨來到，池邊樓閣一下變得清涼舒服。,,storybook_cn_v1,p025,16:9,,,,,,pending
p025_s03,25,3,煩疴近消散，嘉賓復滿堂。,悶熱和不舒服都快消散了，好朋友們也再次坐滿屋子。,,storybook_cn_v1,p025,16:9,,,,,,pending
p025_s04,25,4,自慙居處崇，未覩斯民康。,我只慚愧自己住得很好，卻還沒有看到百姓都過得安穩。,,storybook_cn_v1,p025,16:9,,,,,,pending
p025_s05,25,5,理會是非遣，性達形迹忘。,大家談得自在，把許多爭論暫時放下，也不在意拘束的禮節。,,storybook_cn_v1,p025,16:9,,,,,,pending
p025_s06,25,6,鮮肥屬時禁，蔬果幸見嘗。,因為規定不能吃太奢華的食物，幸好還有新鮮蔬果可以品嘗。,,storybook_cn_v1,p025,16:9,,,,,,pending
p025_s07,25,7,俯飲一杯酒，仰聆金玉章。,我低頭喝一杯酒，抬頭聽朋友們朗誦像美玉般精彩的文章。,,storybook_cn_v1,p025,16:9,,,,,,pending
p025_s08,25,8,神歡體自輕，意欲凌風翔。,心裡一高興，整個人都覺得輕快，好像能乘風飛起。,,storybook_cn_v1,p025,16:9,,,,,,pending
p025_s09,25,9,吳中盛文史，羣彥今汪洋。,江南一帶向來文學興盛，今天來到這裡的才子也很多。,,storybook_cn_v1,p025,16:9,,,,,,pending
p025_s10,25,10,方知大藩地，豈曰財賦疆。,我這才知道大地方真正珍貴的，不只是有錢，而是有這麼多人才。,,storybook_cn_v1,p025,16:9,,,,,,pending
p026_s01,26,1,悽悽去親愛，泛泛入煙霧。,我要離開親愛的朋友，心裡難過，船慢慢駛進煙霧裡。,,storybook_cn_v1,p026,16:9,,,,,,pending
p026_s02,26,2,歸棹洛陽人，殘鐘廣陵樹。,有船載人往洛陽去，遠處廣陵城傳來晚鐘。,,storybook_cn_v1,p026,16:9,,,,,,pending
p026_s03,26,3,今朝此爲別，何處還相遇。,今天我們就在這裡分別了，不知道下一次會在哪裡見面。,,storybook_cn_v1,p026,16:9,,,,,,pending
p026_s04,26,4,世事波上舟，沿洄安得住。,世事像水面上的小船一樣漂來漂去，很難一直停在原地。,,storybook_cn_v1,p026,16:9,,,,,,pending
p027_s01,27,1,今朝郡齋冷，忽念山中客。,今天官署裡很冷，我忽然想起住在山中的朋友。,,storybook_cn_v1,p027,16:9,,,,,,pending
p027_s02,27,2,澗底束荆薪，歸來煮白石。,想像你在山谷裡撿柴回家，過著十分簡單的生活。,,storybook_cn_v1,p027,16:9,,,,,,pending
p027_s03,27,3,欲持一瓢酒，遠慰風雨夕。,我真想帶一瓢酒去找你，在風雨的夜晚陪你聊聊天。,,storybook_cn_v1,p027,16:9,,,,,,pending
p027_s04,27,4,落葉滿空山，何處尋行跡。,可是空山落葉滿地，我又要到哪裡才能找到你的行蹤呢？,,storybook_cn_v1,p027,16:9,,,,,,pending
p028_s01,28,1,客從東方來，衣上灞陵雨。,朋友從東方來，衣服上還帶著灞陵一帶的雨水。,,storybook_cn_v1,p028,16:9,,,,,,pending
p028_s02,28,2,問客何爲來，采山因買斧。,我問你為什麼來，你笑說進山採東西，所以順便買把斧頭。,,storybook_cn_v1,p028,16:9,,,,,,pending
p028_s03,28,3,冥冥花正開，颺颺燕新乳。,春天昏濛的景色裡花正在盛開，小燕子也剛孵出幼鳥。,,storybook_cn_v1,p028,16:9,,,,,,pending
p028_s04,28,4,昨別今已春，鬢絲生幾縷。,上次分別彷彿才剛發生，如今又是一年春天，不知我們添了多少白髮。,,storybook_cn_v1,p028,16:9,,,,,,pending
p029_s01,29,1,落帆逗淮鎮，停舫臨孤驛。,我收下船帆，在淮河邊的小鎮停船，靠近孤單的驛站。,,storybook_cn_v1,p029,16:9,,,,,,pending
p029_s02,29,2,浩浩風起波，冥冥日沈夕。,大風把河面吹起寬廣波浪，昏暗中太陽慢慢落下。,,storybook_cn_v1,p029,16:9,,,,,,pending
p029_s03,29,3,人歸山郭暗，雁下蘆洲白。,人們回到山城後四周漸暗，大雁飛落在白白的蘆洲上。,,storybook_cn_v1,p029,16:9,,,,,,pending
p029_s04,29,4,獨夜憶秦關，聽鐘未眠客。,今晚我一個人想念遙遠的家鄉，聽著鐘聲久久睡不著。,,storybook_cn_v1,p029,16:9,,,,,,pending
p030_s01,30,1,吏舍跼終年，出郊曠清曙。,我整年待在官署裡很拘束，早晨來到郊外才覺得天空特別開闊。,,storybook_cn_v1,p030,16:9,,,,,,pending
p030_s02,30,2,楊柳散和風，青山澹吾慮。,楊柳在和風吹拂下輕搖，青山也讓我的煩惱慢慢平靜。,,storybook_cn_v1,p030,16:9,,,,,,pending
p030_s03,30,3,依叢適自憩，緣澗還復去。,我靠著樹叢休息一會，又沿著小溪繼續往前走。,,storybook_cn_v1,p030,16:9,,,,,,pending
p030_s04,30,4,微雨靄芳原，春鳩鳴何處？,細雨籠罩著春天原野，不知道斑鳩正在什麼地方鳴叫。,,storybook_cn_v1,p030,16:9,,,,,,pending
p030_s05,30,5,樂幽心屢止，遵事跡猶遽。,我好幾次想留在幽靜地方，卻還是因工作匆匆離開。,,storybook_cn_v1,p030,16:9,,,,,,pending
p030_s06,30,6,終罷斯結廬，慕陶真可庶。,希望有一天能真正辭去官職，在這裡蓋屋過陶淵明般自在的生活。,,storybook_cn_v1,p030,16:9,,,,,,pending
p031_s01,31,1,永日方慼慼，出門復悠悠。,整天想到女兒要出嫁，我心裡一直很難過，走出門更覺得空蕩。,,storybook_cn_v1,p031,16:9,,,,,,pending
p031_s02,31,2,女子今有行，大江泝輕舟。,女兒今天要離家了，將坐著小船沿大江遠去。,,storybook_cn_v1,p031,16:9,,,,,,pending
p031_s03,31,3,爾輩苦無恃，撫念益慈柔。,你們從小失去母親，我照顧你們時自然更加疼愛。,,storybook_cn_v1,p031,16:9,,,,,,pending
p031_s04,31,4,幼爲長所育，兩別泣不休。,小女兒一直由姊姊帶大，現在要分開，兩人哭個不停。,,storybook_cn_v1,p031,16:9,,,,,,pending
p031_s05,31,5,對此結中腸，義往難復留。,想到你要離開，我心裡很捨不得，但你該走的人生路也不能阻止。,,storybook_cn_v1,p031,16:9,,,,,,pending
p031_s06,31,6,自小闕內訓，事姑貽我憂。,你從小少了母親教導，我擔心你到夫家後不懂一些規矩。,,storybook_cn_v1,p031,16:9,,,,,,pending
p031_s07,31,7,賴茲託令門，仁恤庶無尤。,幸好你嫁進的是善良人家，相信他們會體諒照顧你。,,storybook_cn_v1,p031,16:9,,,,,,pending
p031_s08,31,8,貧儉誠所尚，資從豈待周。,我們家雖不富有，但節儉本來就是值得珍惜的品德，不必準備得太奢華。,,storybook_cn_v1,p031,16:9,,,,,,pending
p031_s09,31,9,孝恭遵婦道，容止順其猷。,到了新的家庭，要懂得尊敬長輩、待人有禮，舉止也要穩重。,,storybook_cn_v1,p031,16:9,,,,,,pending
p031_s10,31,10,別離在今晨，見爾當何秋。,今天早晨分別後，不知道要到哪一個秋天才能再見你。,,storybook_cn_v1,p031,16:9,,,,,,pending
p031_s11,31,11,居閑始自遣，臨感忽難收。,平常我還能自己排解心情，真的到了離別時，眼淚卻怎麼也忍不住。,,storybook_cn_v1,p031,16:9,,,,,,pending
p031_s12,31,12,歸來視幼女，零淚緣纓流。,回家看見還留在身邊的小女兒，我的眼淚又不停流下來。,,storybook_cn_v1,p031,16:9,,,,,,pending
p032_s01,32,1,汲井嗽寒齒，清心拂塵服。,我打井水漱口，讓牙齒清醒冰涼，也整理衣服讓心安靜下來。,,storybook_cn_v1,p032,16:9,,,,,,pending
p032_s02,32,2,閒持貝葉書，步出東齋讀。,我悠閒拿著佛經，走出東邊房間慢慢閱讀。,,storybook_cn_v1,p032,16:9,,,,,,pending
p032_s03,32,3,真源了無取，妄跡世所逐。,真正的道理其實不是靠外在得到，世人卻常追著虛假的東西跑。,,storybook_cn_v1,p032,16:9,,,,,,pending
p032_s04,32,4,遺言冀可冥，繕性何由熟？,我希望能理解古人的教導，可是要真正修好自己的心並不容易。,,storybook_cn_v1,p032,16:9,,,,,,pending
p032_s05,32,5,道人庭宇靜，苔色連深竹。,修行人的院子很安靜，青苔一路長到深深的竹林。,,storybook_cn_v1,p032,16:9,,,,,,pending
p032_s06,32,6,日出霧露餘，青松如膏沐。,太陽升起後霧露漸散，青松像洗過一樣油亮清新。,,storybook_cn_v1,p032,16:9,,,,,,pending
p032_s07,32,7,澹然離言說，悟悅心自足。,這份安靜已經不需要言語說明，心裡自然感到明白和喜悅。,,storybook_cn_v1,p032,16:9,,,,,,pending
p033_s01,33,1,久為簪組束，幸此南夷謫。,以前長久被官場規矩綁住，如今被貶到南方，反而有了自由。,,storybook_cn_v1,p033,16:9,,,,,,pending
p033_s02,33,2,閒依農圃鄰，偶似山林客。,我悠閒住在農田菜園旁，偶爾真像一位山林中的隱士。,,storybook_cn_v1,p033,16:9,,,,,,pending
p033_s03,33,3,曉耕翻露草，夜榜響溪石。,早上耕田翻動帶露的青草，晚上划船時船槳碰著溪石發出聲音。,,storybook_cn_v1,p033,16:9,,,,,,pending
p033_s04,33,4,來往不逢人，長歌楚天碧。,路上很少遇到人，我就在藍天下放聲唱歌，享受清靜生活。,,storybook_cn_v1,p033,16:9,,,,,,pending
p034_s01,34,1,蟬鳴空桑林，八月蕭關道。,空曠桑林裡蟬聲響起，八月的蕭關道路已帶著秋意。,,storybook_cn_v1,p034,16:9,,,,,,pending
p034_s02,34,2,出塞入塞寒，處處黃蘆草。,不論出塞還是回塞都很寒冷，到處只見枯黃蘆草。,,storybook_cn_v1,p034,16:9,,,,,,pending
p034_s03,34,3,從來幽幷客，皆共塵沙老。,自古住在北方邊地的勇士，很多都在風沙裡慢慢老去。,,storybook_cn_v1,p034,16:9,,,,,,pending
p034_s04,34,4,莫學遊俠兒，矜夸紫騮好。,不要只學那些愛炫耀的少年，以為騎著漂亮好馬就是英雄。,,storybook_cn_v1,p034,16:9,,,,,,pending
p035_s01,35,1,飲馬渡秋水，水寒風似刀。,牽馬渡過秋天的河水，水冷得厲害，風吹在身上像刀一樣。,,storybook_cn_v1,p035,16:9,,,,,,pending
p035_s02,35,2,平沙日未沒，黯黯見臨洮。,平坦沙漠上太陽還沒落下，遠遠已能看見昏暗的臨洮。,,storybook_cn_v1,p035,16:9,,,,,,pending
p035_s03,35,3,昔日長城戰，咸言意氣高。,從前長城附近發生戰爭，人們總說戰士們多麼勇敢有氣勢。,,storybook_cn_v1,p035,16:9,,,,,,pending
p035_s04,35,4,黃塵足今古，白骨亂蓬蒿。,可是古今戰場都只有黃沙，還留下許多白骨散在野草間。,,storybook_cn_v1,p035,16:9,,,,,,pending
p036_s01,36,1,明月出天山，蒼茫雲海間。,明月從天山升起，掛在遼闊的雲海之間。,,storybook_cn_v1,p036,16:9,,,,,,pending
p036_s02,36,2,長風幾萬里，吹度玉門關。,長風吹過幾萬里，一路吹過遙遠的玉門關。,,storybook_cn_v1,p036,16:9,,,,,,pending
p036_s03,36,3,漢下白登道，胡窺青海灣。,從古代開始，軍隊就在這些邊地來往，敵軍也在遠處觀望。,,storybook_cn_v1,p036,16:9,,,,,,pending
p036_s04,36,4,由來征戰地，不見有人還。,這裡一直是戰爭發生的地方，許多人出去後再也沒能回來。,,storybook_cn_v1,p036,16:9,,,,,,pending
p036_s05,36,5,戍客望邊色，思歸多苦顏。,守邊的士兵望著邊塞景色，想到家鄉時臉上都是難過神情。,,storybook_cn_v1,p036,16:9,,,,,,pending
p036_s06,36,6,高樓當此夜，歎息未應閑。,同一個夜晚，家中的人也在高樓上不停嘆氣，思念遠方的人。,,storybook_cn_v1,p036,16:9,,,,,,pending
p037_s01,37,1,長安一片月，萬戶擣衣聲。,長安城上掛著一輪月亮，千家萬戶都傳來搗洗衣服的聲音。,,storybook_cn_v1,p037,16:9,,,,,,pending
p037_s02,37,2,秋風吹不盡，總是玉關情。,秋風一直吹個不停，人們心裡想的都是遠在玉門關的親人。,,storybook_cn_v1,p037,16:9,,,,,,pending
p037_s03,37,3,何日平胡虜，良人罷遠征。,到底什麼時候戰爭才能結束，讓遠征的丈夫們都平安回家呢？,,storybook_cn_v1,p037,16:9,,,,,,pending
p038_s01,38,1,妾髮初覆額，折花門前劇。,小時候我的頭髮才剛蓋住額頭，常在門前折花玩耍。,,storybook_cn_v1,p038,16:9,,,,,,pending
p038_s02,38,2,郎騎竹馬來，遶牀弄青梅。,你騎著竹竿當作小馬跑來，繞著井欄和我一起玩青梅。,,storybook_cn_v1,p038,16:9,,,,,,pending
p038_s03,38,3,同居長干里，兩小無嫌猜。,我們都住在長干里，從小一起長大，彼此沒有猜疑。,,storybook_cn_v1,p038,16:9,,,,,,pending
p038_s04,38,4,十四爲君婦，羞顏未甞開。,十四歲我嫁給你，害羞得總是不敢抬頭看你。,,storybook_cn_v1,p038,16:9,,,,,,pending
p038_s05,38,5,低頭向暗壁，千喚不一回。,我常低著頭面向牆壁，你叫我好多次我也不敢回頭。,,storybook_cn_v1,p038,16:9,,,,,,pending
p038_s06,38,6,十五始展眉，願同塵與灰。,十五歲以後我才慢慢不害羞，真心希望能和你永遠在一起。,,storybook_cn_v1,p038,16:9,,,,,,pending
p038_s07,38,7,常存抱柱信，豈上望夫臺。,我一直相信你會守信，也不願把自己想成只能苦苦等待的人。,,storybook_cn_v1,p038,16:9,,,,,,pending
p038_s08,38,8,十六君遠行，瞿塘灩澦堆。,十六歲時你出遠門，要經過水勢很危險的瞿塘峽。,,storybook_cn_v1,p038,16:9,,,,,,pending
p038_s09,38,9,五月不可觸，猿聲天上哀。,五月那裡水急得不能靠近，山中的猿叫聲聽來也很悲傷。,,storybook_cn_v1,p038,16:9,,,,,,pending
p038_s10,38,10,門前遲行跡，一一生綠苔。,你離開後，門前留下的腳印久久沒人踩過，竟長出了青苔。,,storybook_cn_v1,p038,16:9,,,,,,pending
p038_s11,38,11,苔深不能掃，落葉秋風早。,青苔深得掃不掉，轉眼秋風又吹來，落葉早早落下。,,storybook_cn_v1,p038,16:9,,,,,,pending
p038_s12,38,12,八月胡蝶來，雙飛西園草。,八月蝴蝶成雙飛來，在西園的草地上翩翩起舞。,,storybook_cn_v1,p038,16:9,,,,,,pending
p038_s13,38,13,感此傷妾心，坐愁紅顏老。,看到蝴蝶成雙，我更想念你，也擔心自己在等待中慢慢老去。,,storybook_cn_v1,p038,16:9,,,,,,pending
p038_s14,38,14,早晚下三巴，預將書報家。,你什麼時候從三巴回來，請先寫信告訴家裡。,,storybook_cn_v1,p038,16:9,,,,,,pending
p038_s15,38,15,相迎不道遠，直至長風沙。,不管要走多遠去接你，我都願意一直迎到長風沙。,,storybook_cn_v1,p038,16:9,,,,,,pending
p039_s01,39,1,梧桐相待老，鴛鴦會雙死。,梧桐樹好像願意陪伴到老，鴛鴦也總是成雙相依。,,storybook_cn_v1,p039,16:9,,,,,,pending
p039_s02,39,2,貞婦貴殉夫，捨生亦如此。,古人認為忠貞的妻子會把和丈夫的感情看得非常重要。,,storybook_cn_v1,p039,16:9,,,,,,pending
p039_s03,39,3,波瀾誓不起，妾心古井水。,她的心像古井裡平靜的水一樣，堅定得不會再起波浪。,,storybook_cn_v1,p039,16:9,,,,,,pending
p040_s01,40,1,慈母手中線，遊子身上衣。,母親手裡拿著針線，正為將出門的孩子縫衣服。,,storybook_cn_v1,p040,16:9,,,,,,pending
p040_s02,40,2,臨行密密縫，意恐遲遲歸。,臨走前她一針一線縫得很密，只怕孩子很久才回家。,,storybook_cn_v1,p040,16:9,,,,,,pending
p040_s03,40,3,誰言寸草心，報得三春暉。,小草一點點的心意，怎麼報答得了春天陽光般偉大的母愛呢？,,storybook_cn_v1,p040,16:9,,,,,,pending
p041_s01,41,1,前不見古人，後不見來者。,向前看，見不到古代那些值得敬仰的人；向後看，也不知道未來誰會懂我。,,storybook_cn_v1,p041,16:9,,,,,,pending
p041_s02,41,2,念天地之悠悠，獨愴然而涕下。,想到天地這麼廣大又長久，只有自己孤單站著，忍不住難過流淚。,,storybook_cn_v1,p041,16:9,,,,,,pending
p042_s01,42,1,男兒事長征，少小幽燕客。,男子漢常常遠赴邊疆作戰，他從小就是幽燕一帶豪勇的少年。,,storybook_cn_v1,p042,16:9,,,,,,pending
p042_s02,42,2,賭勝馬蹄下，由來輕七尺。,他愛在馬背上比勝負，從來不太把自己的性命放在心上。,,storybook_cn_v1,p042,16:9,,,,,,pending
p042_s03,42,3,殺人莫敢前，鬚如蝟毛磔。,打起仗來勇猛得沒人敢靠近，鬍鬚都像刺蝟毛一樣豎起。,,storybook_cn_v1,p042,16:9,,,,,,pending
p042_s04,42,4,黃雲隴底白雪飛，未得報恩不能歸。,邊塞黃雲下飛著白雪，在報答國家以前，他覺得自己不能回家。,,storybook_cn_v1,p042,16:9,,,,,,pending
p042_s05,42,5,遼東小婦年十五，慣彈琵琶解歌舞。,遼東有個十五歲的年輕女子，熟悉琵琶，也會唱歌跳舞。,,storybook_cn_v1,p042,16:9,,,,,,pending
p042_s06,42,6,今爲羗笛出塞聲，使我三軍淚如雨。,如今她吹奏出塞的悲涼曲聲，讓整支軍隊的人都忍不住掉淚。,,storybook_cn_v1,p042,16:9,,,,,,pending
p043_s01,43,1,四月南風大麥黃，棗花未落桐陰長。,四月南風吹起，大麥已經變黃，棗花還沒落，梧桐樹蔭正濃。,,storybook_cn_v1,p043,16:9,,,,,,pending
p043_s02,43,2,青山朝別暮還見，嘶馬出門思舊鄉。,一路青山早晚都看得見，馬兒嘶叫著出門，更讓人想起故鄉。,,storybook_cn_v1,p043,16:9,,,,,,pending
p043_s03,43,3,陳侯立身何坦蕩，虬鬚虎眉仍大顙。,陳章甫做人坦白豪爽，鬍鬚捲曲、眉毛粗濃，額頭也很寬。,,storybook_cn_v1,p043,16:9,,,,,,pending
p043_s04,43,4,腹中貯書一萬卷，不肯低頭在草莽。,他讀過非常多書，卻不肯為了出名而向別人低頭。,,storybook_cn_v1,p043,16:9,,,,,,pending
p043_s05,43,5,東門酤酒飲我曹，心輕萬事皆鴻毛。,我們在東門買酒一起喝，把世上許多煩惱看得像羽毛一樣輕。,,storybook_cn_v1,p043,16:9,,,,,,pending
p043_s06,43,6,醉臥不知白日暮，有時空望孤雲高。,喝醉後躺著也不知道天色已晚，有時只是抬頭望著高高的孤雲。,,storybook_cn_v1,p043,16:9,,,,,,pending
p043_s07,43,7,長河浪頭連天黑，津口停舟渡不得。,大河浪頭連著昏暗天空，渡口因風浪太大，船停著不能過去。,,storybook_cn_v1,p043,16:9,,,,,,pending
p043_s08,43,8,鄭國遊人未及家，洛陽行子空歎息。,遠行的人還沒回到家，另一邊的旅人也只能空自嘆息。,,storybook_cn_v1,p043,16:9,,,,,,pending
p043_s09,43,9,聞道故林相識多，罷官昨日今如何。,聽說你家鄉還有很多老朋友，如今你辭官回去，不知道心情如何。,,storybook_cn_v1,p043,16:9,,,,,,pending
p044_s01,44,1,主人有酒歡今夕，請奏鳴琴廣陵客。,主人今晚有酒，大家很開心，也請來自廣陵的客人彈琴。,,storybook_cn_v1,p044,16:9,,,,,,pending
p044_s02,44,2,月照城頭烏半飛，霜淒萬樹風入衣。,月光照著城頭，烏鴉半飛半棲，寒霜和冷風吹進衣服裡。,,storybook_cn_v1,p044,16:9,,,,,,pending
p044_s03,44,3,銅鑪華燭燭增輝，初彈淥水後楚妃。,銅爐和華麗蠟燭照得明亮，琴聲先彈《綠水》，再彈《楚妃》。,,storybook_cn_v1,p044,16:9,,,,,,pending
p044_s04,44,4,一聲已動物皆靜，四座無言星欲稀。,琴聲一響，四周好像都安靜下來，大家不說話，直到天上星星漸稀。,,storybook_cn_v1,p044,16:9,,,,,,pending
p044_s05,44,5,清淮奉使千餘里，敢告雲山從此始。,我還要到很遠的淮河一帶辦事，今晚之後就準備走向山水旅程了。,,storybook_cn_v1,p044,16:9,,,,,,pending
p045_s01,45,1,蔡女昔造胡笳聲，一彈一十有八拍。,從前蔡文姬創作胡笳曲，一共有十八段旋律。,,storybook_cn_v1,p045,16:9,,,,,,pending
p045_s02,45,2,胡人落淚沾邊草，漢使斷腸對歸客。,那悲涼的音樂讓胡人落淚，也讓漢朝使者聽了十分心酸。,,storybook_cn_v1,p045,16:9,,,,,,pending
p045_s03,45,3,古戍蒼蒼烽火寒，大荒沈沈飛雪白。,古老邊城冷清，烽火像帶著寒意，荒野上大雪紛飛。,,storybook_cn_v1,p045,16:9,,,,,,pending
p045_s04,45,4,先拂商弦後角羽，四郊秋葉驚摵摵。,董大先彈低沉的弦，再轉成高亮聲音，秋葉彷彿都被驚得沙沙作響。,,storybook_cn_v1,p045,16:9,,,,,,pending
p045_s05,45,5,董夫子，通神明，深山竊聽來妖精。,董先生的琴藝像通了神，連深山裡的精怪都像會偷偷來聽。,,storybook_cn_v1,p045,16:9,,,,,,pending
p045_s06,45,6,言遲更速皆應手，將往復旋如有情。,琴聲一會慢、一會快，都隨手而出，來來回回像有自己的感情。,,storybook_cn_v1,p045,16:9,,,,,,pending
p045_s07,45,7,空山百鳥散還合，萬里浮雲陰且晴。,空山中的鳥兒一會飛散一會聚回，天空浮雲也像隨琴聲忽暗忽晴。,,storybook_cn_v1,p045,16:9,,,,,,pending
p045_s08,45,8,嘶酸雛鴈失羣夜，斷絕胡兒戀母聲。,有時像失群的小雁在夜裡悲叫，又像孩子想念母親時哭到沒有聲音。,,storybook_cn_v1,p045,16:9,,,,,,pending
p045_s09,45,9,川爲淨其波，鳥亦罷其鳴。,河水好像因琴聲安靜下來，鳥兒也停止鳴叫。,,storybook_cn_v1,p045,16:9,,,,,,pending
p045_s10,45,10,烏孫部落家鄉遠，邏娑沙塵哀怨生。,旋律又讓人想到遙遠的故鄉和沙塵滿天的異地，充滿哀愁。,,storybook_cn_v1,p045,16:9,,,,,,pending
p045_s11,45,11,幽音變調忽飄灑，長風吹林雨墮瓦。,幽幽琴聲忽然轉調飄灑，好像長風吹過樹林、雨點落在屋瓦上。,,storybook_cn_v1,p045,16:9,,,,,,pending
p045_s12,45,12,迸泉颯颯飛木末，野鹿呦呦走堂下。,又像泉水急奔樹梢，也像野鹿在堂下呦呦鳴叫。,,storybook_cn_v1,p045,16:9,,,,,,pending
p045_s13,45,13,長安城連東掖垣，鳳凰池對青瑣門。,長安城一路連著宮牆，宮中的重要官署就在華麗門邊。,,storybook_cn_v1,p045,16:9,,,,,,pending
p045_s14,45,14,高才脫略名與利，日夕望君抱琴至。,有才華的人不太計較名利，大家天天盼著你抱琴再來。,,storybook_cn_v1,p045,16:9,,,,,,pending
p046_s01,46,1,南山截竹爲觱篥，此樂本自龜茲出。,南山的竹子被做成觱篥，這種樂器原本從西域龜茲傳來。,,storybook_cn_v1,p046,16:9,,,,,,pending
p046_s02,46,2,流傳漢地曲轉奇，涼州胡人爲我吹。,傳到中原後曲調越來越特別，今天由涼州的胡人為我吹奏。,,storybook_cn_v1,p046,16:9,,,,,,pending
p046_s03,46,3,傍鄰聞者多歎息，遠客思鄉皆淚垂。,附近的人聽了都嘆息，遠方旅客更因想家而流下眼淚。,,storybook_cn_v1,p046,16:9,,,,,,pending
p046_s04,46,4,世人解聽不解賞，長飆風中自來往。,很多人聽得見音樂，卻不一定真正懂它的好，聲音只管在長風裡自在來去。,,storybook_cn_v1,p046,16:9,,,,,,pending
p046_s05,46,5,枯桑老柏寒颼飀，九雛鳴鳳亂啾啾。,有時像寒風吹過枯桑老柏，有時又像許多小鳳凰一起鳴叫。,,storybook_cn_v1,p046,16:9,,,,,,pending
p046_s06,46,6,龍吟虎嘯一時發，萬籟百泉相與秋。,又像龍吟虎嘯同時響起，千百種聲音和泉水都帶著秋意。,,storybook_cn_v1,p046,16:9,,,,,,pending
p046_s07,46,7,忽然更作漁陽摻，黃雲蕭條白日暗。,忽然曲子變得激烈，黃雲低沉，白天也像暗了下來。,,storybook_cn_v1,p046,16:9,,,,,,pending
p046_s08,46,8,變調如聞楊柳春，上林繁花照眼新。,再一轉調，又像聽見春天楊柳，眼前彷彿開滿新鮮花朵。,,storybook_cn_v1,p046,16:9,,,,,,pending
p046_s09,46,9,歲夜高堂列明燭，美酒一杯聲一曲。,年終夜晚大廳點滿明燭，我們一邊喝酒，一邊聽一曲又一曲。,,storybook_cn_v1,p046,16:9,,,,,,pending
p047_s01,47,1,山寺鳴鐘晝已昏，漁梁渡頭爭渡喧。,山寺鐘聲響起時天已黃昏，渡口的人正吵鬧著搶著過河。,,storybook_cn_v1,p047,16:9,,,,,,pending
p047_s02,47,2,人隨沙岸向江村，余亦乘舟歸鹿門。,大家沿沙岸回江村，我也坐船回到鹿門山。,,storybook_cn_v1,p047,16:9,,,,,,pending
p047_s03,47,3,鹿門月照開煙樹，忽到龐公棲隱處。,月光照著鹿門，煙霧中的樹慢慢清楚，我忽然來到古人隱居的地方。,,storybook_cn_v1,p047,16:9,,,,,,pending
p047_s04,47,4,巖扉松徑長寂寥，惟有幽人自來去。,山門和松林小路一直很安靜，只有喜愛清幽的人自己來來去去。,,storybook_cn_v1,p047,16:9,,,,,,pending
p048_s01,48,1,我本楚狂人，鳳歌笑孔丘。,我本來就是個不受拘束的人，像古代狂士一樣敢笑世俗規矩。,,storybook_cn_v1,p048,16:9,,,,,,pending
p048_s02,48,2,手持綠玉杖，朝別黃鶴樓。,手拿著綠玉杖，清晨離開黃鶴樓出發。,,storybook_cn_v1,p048,16:9,,,,,,pending
p048_s03,48,3,五嶽尋仙不辭遠，一生好入名山遊。,為了尋訪名山仙境，五嶽再遠我也不怕，我一生最愛遊山。,,storybook_cn_v1,p048,16:9,,,,,,pending
p048_s04,48,4,廬山秀出南斗傍，屏風九疊雲錦張，影落明湖青黛光。,廬山高高秀出天邊，層層山峰像展開的錦繡屏風，倒影落在明湖上。,,storybook_cn_v1,p048,16:9,,,,,,pending
p048_s05,48,5,金闕前開二峰長，銀河倒挂三石梁。,兩座高峰像金色宮門，瀑布又像銀河倒掛在山石之間。,,storybook_cn_v1,p048,16:9,,,,,,pending
p048_s06,48,6,香爐瀑布遙相望，迴厓沓嶂凌蒼蒼。,遠遠可見香爐峰和瀑布，層層山崖一直伸向青天。,,storybook_cn_v1,p048,16:9,,,,,,pending
p048_s07,48,7,翠影紅霞映朝日，鳥飛不到吳天長。,青翠山影和紅霞映著朝陽，山勢高到連鳥似乎都飛不上去。,,storybook_cn_v1,p048,16:9,,,,,,pending
p048_s08,48,8,登高壯觀天地間，大江茫茫去不還。,登高望去天地壯闊，大江茫茫向遠方流去，再也不回頭。,,storybook_cn_v1,p048,16:9,,,,,,pending
p048_s09,48,9,黃雲萬里動風色，白波九道流雪山。,萬里黃雲隨風改變，江上白浪像雪山一樣翻湧。,,storybook_cn_v1,p048,16:9,,,,,,pending
p048_s10,48,10,好爲廬山謠，興因廬山發。,我喜歡唱這首廬山歌，所有興致都是廬山美景引起的。,,storybook_cn_v1,p048,16:9,,,,,,pending
p048_s11,48,11,閑窺石鏡清我心，謝公行處蒼苔沒。,看看清澈的石鏡讓心也變清明，古人走過的地方如今已長滿青苔。,,storybook_cn_v1,p048,16:9,,,,,,pending
p048_s12,48,12,早服還丹無世情，琴心三疊道初成。,如果早早學會放下世俗牽掛，內心便能漸漸進入清靜境界。,,storybook_cn_v1,p048,16:9,,,,,,pending
p048_s13,48,13,遙見仙人綵雲裏，手把芙蓉朝玉京。,遠遠彷彿看見仙人在彩雲裡，手拿蓮花前往天上的宮殿。,,storybook_cn_v1,p048,16:9,,,,,,pending
p048_s14,48,14,先期汗漫九垓上，願接盧敖遊太清。,希望有一天也能和好友一起，在高遠清淨的天地間自在遨遊。,,storybook_cn_v1,p048,16:9,,,,,,pending
p049_s01,49,1,海客談瀛洲，煙濤微茫信難求。,海上旅人談起仙島瀛洲，煙波迷濛，實在很難找到。,,storybook_cn_v1,p049,16:9,,,,,,pending
p049_s02,49,2,越人語天姥，雲霞明滅或可覩。,越地的人談起天姥山，說雲霞明滅之間有時還看得見。,,storybook_cn_v1,p049,16:9,,,,,,pending
p049_s03,49,3,天姥連天向天橫，勢拔五嶽掩赤城。,天姥山高得像要橫在天空中，氣勢甚至壓過五嶽和赤城山。,,storybook_cn_v1,p049,16:9,,,,,,pending
p049_s04,49,4,天台四萬八千丈，對此欲倒東南傾。,連極高的天台山在它面前，都像要向東南傾倒。,,storybook_cn_v1,p049,16:9,,,,,,pending
p049_s05,49,5,我欲因之夢吳越，一夜飛度鏡湖月。,因為聽了這些傳說，我夢見自己遊吳越，一夜就飛過鏡湖月色。,,storybook_cn_v1,p049,16:9,,,,,,pending
p049_s06,49,6,湖月照我影，送我至剡溪。,湖上月光照著我的影子，好像一路送我到剡溪。,,storybook_cn_v1,p049,16:9,,,,,,pending
p049_s07,49,7,謝公宿處今尚在，淥水蕩漾清猨啼。,謝靈運以前住過的地方還在，清水蕩漾，猿猴在岸邊啼叫。,,storybook_cn_v1,p049,16:9,,,,,,pending
p049_s08,49,8,腳著謝公屐，身登青雲梯。,我穿上登山木屐，一步一步登上像通往青雲的山路。,,storybook_cn_v1,p049,16:9,,,,,,pending
p049_s09,49,9,半壁見海日，空中聞天雞。,走到半山就看見海上日出，還聽到高空傳來天雞叫聲。,,storybook_cn_v1,p049,16:9,,,,,,pending
p049_s10,49,10,千巖萬轉路不定，迷花倚石忽已暝。,千山萬谷道路不停轉彎，我被花景吸引、靠著石頭，不知不覺天黑了。,,storybook_cn_v1,p049,16:9,,,,,,pending
p049_s11,49,11,熊咆龍吟殷巖泉，慄深林兮驚層巔。,熊吼龍吟般的巨響震動山泉，深林和高峰都讓人感到害怕。,,storybook_cn_v1,p049,16:9,,,,,,pending
p049_s12,49,12,雲青青兮欲雨，水澹澹兮生煙。,烏雲沉沉像快下雨，水面搖動又升起霧氣。,,storybook_cn_v1,p049,16:9,,,,,,pending
p049_s13,49,13,列缺霹靂，丘巒崩摧。,忽然閃電雷鳴，山丘像要崩裂一樣。,,storybook_cn_v1,p049,16:9,,,,,,pending
p049_s14,49,14,洞天石扉，訇然中開。,仙境石門轟然打開，出現一個神奇世界。,,storybook_cn_v1,p049,16:9,,,,,,pending
p049_s15,49,15,青冥浩蕩不見底，日月照耀金銀臺。,裡面青天廣大看不到底，日月照著金銀般閃亮的樓臺。,,storybook_cn_v1,p049,16:9,,,,,,pending
p049_s16,49,16,霓爲衣兮風爲馬，雲之君兮紛紛而來下。,仙人穿著彩虹般衣裳，以風作馬，從雲中一群群降下。,,storybook_cn_v1,p049,16:9,,,,,,pending
p049_s17,49,17,虎鼓瑟兮鸞迴車，仙之人兮列如麻。,老虎像在彈琴，仙鳥拉著車，仙人多得排成一片。,,storybook_cn_v1,p049,16:9,,,,,,pending
p049_s18,49,18,忽魂悸以魄動，怳驚起而長嗟。,我忽然心跳加快，被眼前奇景嚇得從夢中驚醒，長長嘆氣。,,storybook_cn_v1,p049,16:9,,,,,,pending
p049_s19,49,19,惟覺時之枕席，失向來之煙霞。,醒來只看見枕頭和床席，剛才的彩雲仙境全都消失了。,,storybook_cn_v1,p049,16:9,,,,,,pending
p049_s20,49,20,世間行樂亦如此，古來萬事東流水。,人世間的快樂也常像夢一樣，古往今來許多事情都像流水逝去。,,storybook_cn_v1,p049,16:9,,,,,,pending
p049_s21,49,21,別君去兮何時還？且放白鹿青崖間，須行即騎訪名山。,和你分別後不知何時再見，我先把白鹿放在青崖間，需要時就騎牠去訪名山。,,storybook_cn_v1,p049,16:9,,,,,,pending
p049_s22,49,22,安能摧眉折腰事權貴，使我不得開心顏。,我怎麼能低頭彎腰去討好有權勢的人，讓自己連開心都做不到呢？,,storybook_cn_v1,p049,16:9,,,,,,pending
p050_s01,50,1,風吹柳花滿店香，吳姬壓酒喚客嘗。,風吹著柳絮，整間酒館都是香氣，店裡的人壓好新酒招呼客人品嘗。,,storybook_cn_v1,p050,16:9,,,,,,pending
p050_s02,50,2,金陵子弟來相送，欲行不行各盡觴。,金陵的年輕朋友都來送我，大家捨不得分開，一杯接一杯地喝。,,storybook_cn_v1,p050,16:9,,,,,,pending
p050_s03,50,3,請君試問東流水，別意與之誰短長。,你看看向東不停流去的江水，我們離別的不捨，到底和江水哪個更長呢？,,storybook_cn_v1,p050,16:9,,,,,,pending
p051_s01,51,1,棄我去者，昨日之日不可留。,離我而去的昨天已經留不住了。,,storybook_cn_v1,p051,16:9,,,,,,pending
p051_s02,51,2,亂我心者，今日之日多煩憂。,讓我心煩的今天，又有好多事情讓人憂愁。,,storybook_cn_v1,p051,16:9,,,,,,pending
p051_s03,51,3,長風萬里送秋雁，對此可以酣高樓。,萬里長風吹送秋雁，面對這樣景色，正適合在高樓痛快暢飲。,,storybook_cn_v1,p051,16:9,,,,,,pending
p051_s04,51,4,蓬萊文章建安骨，中間小謝又清發。,你的文章有古人的剛健，我的詩也追求清新俊逸的風格。,,storybook_cn_v1,p051,16:9,,,,,,pending
p051_s05,51,5,俱懷逸興壯思飛，欲上青天覽明月。,我們都有高遠興致，豪情像要飛起，恨不得登上青天看明月。,,storybook_cn_v1,p051,16:9,,,,,,pending
p051_s06,51,6,抽刀斷水水更流，舉杯銷愁愁更愁。,用刀砍水，水還是繼續流；喝酒想消愁，反而覺得更愁。,,storybook_cn_v1,p051,16:9,,,,,,pending
p051_s07,51,7,人生在世不稱意，明朝散髮弄扁舟。,人生如果總是不如意，明天乾脆披散頭髮，坐小船自在遠行。,,storybook_cn_v1,p051,16:9,,,,,,pending
p052_s01,52,1,君不見走馬川行雪海邊，平沙莽莽黃入天。,你看走馬川靠近雪海，平坦沙地一望無際，黃沙直衝天空。,,storybook_cn_v1,p052,16:9,,,,,,pending
p052_s02,52,2,輪臺九月風夜吼，一川碎石大如斗，隨風滿地石亂走。,輪臺九月夜裡大風怒吼，連像斗一樣大的石頭都被吹得滿地滾動。,,storybook_cn_v1,p052,16:9,,,,,,pending
p052_s03,52,3,匈奴草黃馬正肥，金山西見煙塵飛。,敵軍的草場已黃、戰馬正肥壯，金山西邊也揚起戰爭的煙塵。,,storybook_cn_v1,p052,16:9,,,,,,pending
p052_s04,52,4,漢家大將西出師，將軍金甲夜不脫。,朝廷大將帶兵向西出征，將軍連夜裡都不脫鎧甲。,,storybook_cn_v1,p052,16:9,,,,,,pending
p052_s05,52,5,半夜軍行戈相撥，風頭如刀面如割。,半夜軍隊仍在前進，兵器互相碰撞，大風像刀割著人的臉。,,storybook_cn_v1,p052,16:9,,,,,,pending
p052_s06,52,6,馬毛帶雪汗氣蒸，五花連錢旋作冰。,戰馬毛上沾著雪，汗氣一蒸又立刻結冰，身上出現一片片冰花。,,storybook_cn_v1,p052,16:9,,,,,,pending
p052_s07,52,7,幕中草檄硯水凝，虜騎聞之應膽懾。,帳篷裡寫軍令時，連硯臺的水都凍住了，敵軍聽見這支軍隊一定害怕。,,storybook_cn_v1,p052,16:9,,,,,,pending
p052_s08,52,8,料知短兵不敢接，車師西門佇獻捷。,我相信他們不敢正面交戰，我們很快就能在車師城門等到勝利消息。,,storybook_cn_v1,p052,16:9,,,,,,pending
p053_s01,53,1,輪臺城頭夜吹角，輪臺城北旄頭落。,輪臺城頭夜裡吹起號角，天空中的星象也像預告戰事來臨。,,storybook_cn_v1,p053,16:9,,,,,,pending
p053_s02,53,2,羽書昨夜過渠黎，單于已在金山西。,緊急軍書昨夜送過渠黎，消息說敵軍已到金山以西。,,storybook_cn_v1,p053,16:9,,,,,,pending
p053_s03,53,3,戍樓西望煙塵黑，漢兵屯在輪臺北。,守樓向西望去煙塵一片黑，朝廷軍隊正聚集在輪臺北面。,,storybook_cn_v1,p053,16:9,,,,,,pending
p053_s04,53,4,上將擁旄西出征，平明吹笛大軍行。,主將拿著軍旗向西出征，天剛亮，笛聲中大軍便出發。,,storybook_cn_v1,p053,16:9,,,,,,pending
p053_s05,53,5,四邊伐鼓雪海湧，三軍大呼陰山動。,四面戰鼓像雪海翻湧，三軍一起大喊，彷彿連陰山都震動。,,storybook_cn_v1,p053,16:9,,,,,,pending
p053_s06,53,6,虜塞兵氣連雲屯，戰場白骨纏草根。,敵軍營寨的戰氣連到雲端，戰場上還有以前留下的白骨纏在草根。,,storybook_cn_v1,p053,16:9,,,,,,pending
p053_s07,53,7,劒河風急雪片闊，沙口石凍馬蹄脫。,劍河風急雪片又大，沙口寒冷得石頭結冰，馬蹄都容易打滑。,,storybook_cn_v1,p053,16:9,,,,,,pending
p053_s08,53,8,亞相勤王甘苦辛，誓將報主靜邊塵。,副帥為國家出力，不怕辛苦，發誓要平定邊疆戰亂。,,storybook_cn_v1,p053,16:9,,,,,,pending
p053_s09,53,9,古來青史誰不見，今見功名勝古人。,古書裡的英雄功名人人都看過，如今眼前的將士也能建立不輸古人的功勞。,,storybook_cn_v1,p053,16:9,,,,,,pending
p054_s01,54,1,北風卷地白草折，胡天八月即飛雪。,北風吹倒地上的白草，西北邊地才八月就開始下雪。,,storybook_cn_v1,p054,16:9,,,,,,pending
p054_s02,54,2,忽如一夜春風來，千樹萬樹梨花開。,一夜之間像春風吹來，千萬棵樹上都開滿白色梨花。,,storybook_cn_v1,p054,16:9,,,,,,pending
p054_s03,54,3,散入珠簾濕羅幕，狐裘不煖錦衾薄。,雪飄進珠簾，弄濕帳幕，就算穿狐皮衣、蓋錦被還是覺得冷。,,storybook_cn_v1,p054,16:9,,,,,,pending
p054_s04,54,4,將軍角弓不得控，都護鐵衣冷難著。,將軍的角弓冷到難以拉開，軍官的鐵甲也冰得很難穿上。,,storybook_cn_v1,p054,16:9,,,,,,pending
p054_s05,54,5,瀚海闌干百丈冰，愁雲慘澹萬里凝。,廣大沙漠結了厚厚的冰，陰沉愁雲好像凝住了萬里天空。,,storybook_cn_v1,p054,16:9,,,,,,pending
p054_s06,54,6,中軍置酒飲歸客，胡琴琵琶與羌笛。,軍中擺酒為回京的朋友送行，胡琴、琵琶和羌笛一起奏樂。,,storybook_cn_v1,p054,16:9,,,,,,pending
p054_s07,54,7,紛紛暮雪下轅門，風掣紅旗凍不翻。,傍晚大雪不停落在軍營門外，紅旗被凍住，連大風都吹不動。,,storybook_cn_v1,p054,16:9,,,,,,pending
p054_s08,54,8,輪臺東門送君去，去時雪滿天山路。,我在輪臺東門送你離開，你走時天山道路全被白雪覆蓋。,,storybook_cn_v1,p054,16:9,,,,,,pending
p054_s09,54,9,山回路轉不見君，雪上空留馬行處。,山路轉了幾彎後再也看不到你，只剩雪地上的馬蹄印一路伸遠。,,storybook_cn_v1,p054,16:9,,,,,,pending
p055_s01,55,1,國初已來畫鞍馬，神妙獨數江都王。,從唐朝開國以來畫馬的人很多，但以前最出名的是江都王。,,storybook_cn_v1,p055,16:9,,,,,,pending
p055_s02,55,2,將軍得名三十載，人間又見真乘黃。,曹將軍畫馬出了名三十年，讓人好像又看見真正的神馬。,,storybook_cn_v1,p055,16:9,,,,,,pending
p055_s03,55,3,曾貌先帝照夜白，龍池十日飛霹靂。,他曾畫先帝名馬「照夜白」，畫成後宮中轟動好多天。,,storybook_cn_v1,p055,16:9,,,,,,pending
p055_s04,55,4,內府殷紅瑪瑙盌，婕妤傳詔才人索。,皇宮賜下珍貴器物，宮女奉命傳來賞賜。,,storybook_cn_v1,p055,16:9,,,,,,pending
p055_s05,55,5,盌賜將軍拜舞歸，輕紈細綺相追飛。,將軍領賞回去，輕柔華麗的絲帛也一件件跟著送來。,,storybook_cn_v1,p055,16:9,,,,,,pending
p055_s06,55,6,貴戚權門得筆跡，始覺屏障生光輝。,權貴們得到他的畫，才覺得家中屏風一下變得光彩十足。,,storybook_cn_v1,p055,16:9,,,,,,pending
p055_s07,55,7,昔日太宗拳毛騧，近時郭家獅子花。,以前太宗有名馬，近年郭家也有漂亮好馬。,,storybook_cn_v1,p055,16:9,,,,,,pending
p055_s08,55,8,今之新圖有二馬，復令識者久嘆嗟。,如今新畫上又有兩匹神駿的馬，讓懂馬的人看了久久讚嘆。,,storybook_cn_v1,p055,16:9,,,,,,pending
p055_s09,55,9,此皆騎戰一敵萬，縞素漠漠開風沙。,牠們都是能上戰場的勇馬，白色畫布一展開彷彿風沙也跟著吹起。,,storybook_cn_v1,p055,16:9,,,,,,pending
p055_s10,55,10,其餘七匹亦殊絕，迥若寒空動煙雪。,其他七匹也非常出色，像寒冷天空裡飛動的煙雪。,,storybook_cn_v1,p055,16:9,,,,,,pending
p055_s11,55,11,霜蹄蹴踏長楸間，馬官廝養森成列。,馬蹄像帶霜一樣有力，在長路上奔踏，養馬人整齊站在一旁。,,storybook_cn_v1,p055,16:9,,,,,,pending
p055_s12,55,12,可憐九馬爭神駿，顧視清高氣深穩。,九匹馬各有神采，彼此顧盼，既高傲又沉穩。,,storybook_cn_v1,p055,16:9,,,,,,pending
p055_s13,55,13,借問苦心愛者誰？後有韋諷前支遁。,到底誰最懂得珍愛這些好馬？古今都有真正懂它們的人。,,storybook_cn_v1,p055,16:9,,,,,,pending
p055_s14,55,14,憶昔巡幸新豐宮，翠華拂天來向東。,想起以前皇帝到新豐宮，華麗車隊向東而來。,,storybook_cn_v1,p055,16:9,,,,,,pending
p055_s15,55,15,騰驤磊落三萬匹，皆與此圖筋骨同。,當時三萬匹駿馬奔馳，筋骨神態都像畫中的馬一樣雄健。,,storybook_cn_v1,p055,16:9,,,,,,pending
p055_s16,55,16,自從獻寶朝河宗，無復射蛟江水中。,可是盛大的年代過去後，再也看不到昔日那種豪壯場面。,,storybook_cn_v1,p055,16:9,,,,,,pending
p055_s17,55,17,君不見金粟堆前松柏裏，龍媒去盡鳥呼風。,你看陵墓前的松柏之間，名馬都已消失，只剩鳥在風中鳴叫。,,storybook_cn_v1,p055,16:9,,,,,,pending
p056_s01,56,1,將軍魏武之子孫，於今爲庶爲清門。,曹將軍是曹操的後代，如今家族已不再顯貴，生活很清淡。,,storybook_cn_v1,p056,16:9,,,,,,pending
p056_s02,56,2,英雄割據雖已矣，文采風流今尚存。,以前英雄爭天下的時代雖過去了，家族的才華風采仍留在他身上。,,storybook_cn_v1,p056,16:9,,,,,,pending
p056_s03,56,3,學書初學衛夫人，但恨無過王右軍。,他最早學書法時學衛夫人，只可惜沒有超過王羲之。,,storybook_cn_v1,p056,16:9,,,,,,pending
p056_s04,56,4,丹青不知老將至，富貴於我如浮雲。,後來他專心畫畫，忙到忘記自己變老，富貴對他像浮雲一樣不重要。,,storybook_cn_v1,p056,16:9,,,,,,pending
p056_s05,56,5,開元之中常引見，承恩數上南薰殿。,開元年間他常被皇帝召見，也多次到宮中作畫。,,storybook_cn_v1,p056,16:9,,,,,,pending
p056_s06,56,6,凌煙功臣少顏色，將軍下筆開生面。,凌煙閣上的功臣畫像已褪色，他重新落筆讓人物像活過來。,,storybook_cn_v1,p056,16:9,,,,,,pending
p056_s07,56,7,良相頭上進賢冠，猛將腰間大羽箭。,賢臣戴著官帽，猛將腰間插著大箭，各自神態鮮明。,,storybook_cn_v1,p056,16:9,,,,,,pending
p056_s08,56,8,褒公鄂公毛髮動，英姿颯爽來酣戰。,畫裡名將連頭髮都像在動，英勇姿態像正要上戰場。,,storybook_cn_v1,p056,16:9,,,,,,pending
p056_s09,56,9,先帝御馬五花驄，畫工如山貌不同。,先帝有匹漂亮御馬，許多畫工都畫過，卻沒人畫得真正像。,,storybook_cn_v1,p056,16:9,,,,,,pending
p056_s10,56,10,是日牽來赤墀下，迥立閶闔生長風。,那天馬被牽到宮殿前，一站定就像帶起一股長風。,,storybook_cn_v1,p056,16:9,,,,,,pending
p056_s11,56,11,詔謂將軍拂絹素，意匠慘澹經營中。,皇帝命曹將軍在白絹上作畫，他仔細思考構圖和筆法。,,storybook_cn_v1,p056,16:9,,,,,,pending
p056_s12,56,12,斯須九重真龍出，一洗萬古凡馬空。,不一會兒，一匹像真龍般的馬躍然紙上，把以前普通馬畫都比下去。,,storybook_cn_v1,p056,16:9,,,,,,pending
p056_s13,56,13,玉花卻在御榻上，榻上庭前屹相向。,畫中的玉花馬像真的站到御榻旁，和庭前真馬彼此相望。,,storybook_cn_v1,p056,16:9,,,,,,pending
p056_s14,56,14,至尊含笑催賜金，圉人太僕皆惆悵。,皇帝笑著要賞金，連養馬官員都看得又驚又羨慕。,,storybook_cn_v1,p056,16:9,,,,,,pending
p056_s15,56,15,弟子韓幹早入室，亦能畫馬窮殊相。,他的學生韓幹很早就學到本領，也能把各種馬畫得很像。,,storybook_cn_v1,p056,16:9,,,,,,pending
p056_s16,56,16,幹惟畫肉不畫骨，忍使驊騮氣凋喪。,可是韓幹較會畫外形，曹將軍卻連馬的精神和骨氣都能畫出來。,,storybook_cn_v1,p056,16:9,,,,,,pending
p056_s17,56,17,將軍畫善蓋有神，必逢佳士亦寫真。,曹將軍畫馬幾乎像有神力，遇到出色人物也會替他們畫像。,,storybook_cn_v1,p056,16:9,,,,,,pending
p056_s18,56,18,即今漂泊干戈際，屢貌尋常行路人。,如今戰亂中他四處漂泊，只能常替普通路人畫畫維生。,,storybook_cn_v1,p056,16:9,,,,,,pending
p056_s19,56,19,途窮反遭俗眼白，世上未有如公貧。,走到困境時反而被世俗人看不起，世上很少有像他這麼貧窮的大畫家。,,storybook_cn_v1,p056,16:9,,,,,,pending
p056_s20,56,20,但看古來盛名下，終日坎壈纏其身。,看看古來那些名聲很大的人，常常也一生遭遇許多不順。,,storybook_cn_v1,p056,16:9,,,,,,pending
p057_s01,57,1,今我不樂思岳陽，身欲奮飛病在床。,我現在心情不好，想去岳陽，可惜生病躺在床上不能動。,,storybook_cn_v1,p057,16:9,,,,,,pending
p057_s02,57,2,美人娟娟隔秋水，濯足洞庭望八荒。,我思念的朋友像隔著秋水的美人，在洞庭湖邊遙望廣闊天地。,,storybook_cn_v1,p057,16:9,,,,,,pending
p057_s03,57,3,鴻飛冥冥日月白，青楓葉赤天雨霜。,大雁飛向高遠天空，日月明亮，青楓變紅，天上落著秋霜。,,storybook_cn_v1,p057,16:9,,,,,,pending
p057_s04,57,4,玉京群帝集北斗，或騎麒麟翳鳳凰。,想像仙界眾神聚在北斗附近，有的騎麒麟，有的乘鳳凰。,,storybook_cn_v1,p057,16:9,,,,,,pending
p057_s05,57,5,芙蓉旌旗煙霧落，影動倒景搖瀟湘。,蓮花般的旗幟從煙霧裡落下，倒影在瀟湘水面不停晃動。,,storybook_cn_v1,p057,16:9,,,,,,pending
p057_s06,57,6,星宮之君醉瓊漿，羽人稀少不在旁。,天上的神仙喝著美酒，身旁卻少見真正自由的仙人。,,storybook_cn_v1,p057,16:9,,,,,,pending
p057_s07,57,7,似聞昨者赤松子，恐是漢代韓張良。,聽說你像古代赤松子那樣想遠離俗世，也讓我想到漢代張良。,,storybook_cn_v1,p057,16:9,,,,,,pending
p057_s08,57,8,昔隨劉氏定長安，帷幄未改神慘傷。,張良曾幫劉邦取得天下，成功後內心卻仍有許多感慨。,,storybook_cn_v1,p057,16:9,,,,,,pending
p057_s09,57,9,國家成敗吾豈敢，色難腥腐餐楓香。,國家的成敗我不敢多說，只覺得污濁環境讓清高的人很難久留。,,storybook_cn_v1,p057,16:9,,,,,,pending
p057_s10,57,10,周南留滯古所惜，南極老人應壽昌。,古人被困在南方曾令人惋惜，但願你仍能平安長壽。,,storybook_cn_v1,p057,16:9,,,,,,pending
p057_s11,57,11,美人胡為隔秋水，焉得置之貢玉堂。,你為什麼還隔在秋水那麼遠？真希望能讓朝廷重新重用你的才華。,,storybook_cn_v1,p057,16:9,,,,,,pending
p058_s01,58,1,孔明廟前有老柏，柯如青銅根如石。,諸葛亮廟前有一棵老柏樹，枝幹像青銅，樹根像石頭一樣堅硬。,,storybook_cn_v1,p058,16:9,,,,,,pending
p058_s02,58,2,霜皮溜雨四十圍，黛色參天二千尺。,樹皮經過風霜雨水，粗得多人合抱，深青樹冠一直伸向天空。,,storybook_cn_v1,p058,16:9,,,,,,pending
p058_s03,58,3,雲來氣接巫峽長，月出寒通雪山白。,雲來時它的氣勢連著巫峽，月出時又和遠方雪山一樣清冷。,,storybook_cn_v1,p058,16:9,,,,,,pending
p058_s04,58,4,君臣已與時際會，樹木猶為人愛惜。,君臣的故事早已成為歷史，這棵樹卻仍受到人們珍愛。,,storybook_cn_v1,p058,16:9,,,,,,pending
p058_s05,58,5,憶昨路繞錦亭東，先主武侯同閟宮。,我想起以前繞過錦亭東邊，看見劉備和諸葛亮的祠廟在一起。,,storybook_cn_v1,p058,16:9,,,,,,pending
p058_s06,58,6,崔嵬枝幹郊原古，窈窕丹青戶牖空。,高大的古樹立在郊野，祠堂窗戶裡的畫像安靜無聲。,,storybook_cn_v1,p058,16:9,,,,,,pending
p058_s07,58,7,落落盤據雖得地，冥冥孤高多烈風。,它雖有好地方可以扎根，但長得太高太孤單，也要承受猛烈風雨。,,storybook_cn_v1,p058,16:9,,,,,,pending
p058_s08,58,8,扶持自是神明力，正直原因造化功。,能一直挺立像得到神力幫助，而它正直的姿態更是大自然造就。,,storybook_cn_v1,p058,16:9,,,,,,pending
p058_s09,58,9,大廈如傾要梁棟，萬牛迴首邱山重。,如果大屋快倒了，就需要這樣巨大的木材做梁柱，可它重得連萬頭牛都難拉動。,,storybook_cn_v1,p058,16:9,,,,,,pending
p058_s10,58,10,不露文章世已驚，未辭剪伐誰能送。,它還沒被做成器物就已令人驚嘆，可真正要砍運它時又有誰辦得到？,,storybook_cn_v1,p058,16:9,,,,,,pending
p058_s11,58,11,苦心豈免容螻蟻，香葉終經宿鸞鳳。,樹心雖苦也難免有小蟲寄居，可芳香枝葉終究能讓鳳凰停棲。,,storybook_cn_v1,p058,16:9,,,,,,pending
p058_s12,58,12,志士幽人莫怨嗟，古來材大難為用。,有志向的人不要因沒被使用而嘆氣，因為從古以來太大的才幹反而常難找到合適位置。,,storybook_cn_v1,p058,16:9,,,,,,pending
p059_s01,59,1,大曆二年十月十九日，夔府別駕元持宅，見臨潁李十二孃 舞劍器，壯其蔚跂，問其所師，曰：“餘公孫大娘弟子也。” 開元三載，餘尚童稚，記於郾城觀公孫氏，舞劍器渾脫， 瀏漓頓挫，獨出冠時，自高頭宜春梨園二伎坊內人洎外供奉， 曉是舞者，聖文神武皇帝初，公孫一人而已。 玉貌錦衣，況餘白首，今茲弟子，亦非盛顏。 既辨其由來，知波瀾莫二，撫事慷慨，聊爲《劍器行》。 昔者吳人張旭，善草書帖，數常於鄴縣見公孫大娘 舞西河劍器，自此草書長進，豪蕩感激，即公孫可知矣。,杜甫先說自己看到公孫大娘的弟子舞劍，想起童年看過公孫大娘本人精彩舞姿，也想到她的舞曾啟發書法家張旭，因此寫下這首詩。,,storybook_cn_v1,p059,16:9,,,,,,pending
p059_s02,59,2,,,,storybook_cn_v1,p059,16:9,,,,,,pending
p059_s03,59,3,昔有佳人公孫氏，一舞劍器動四方。,從前有位美麗的公孫大娘，她一舞劍，名聲震動四方。,,storybook_cn_v1,p059,16:9,,,,,,pending
p059_s04,59,4,觀者如山色沮喪，天地爲之久低昂。,觀眾多得像山一樣，人人看得緊張驚嘆，彷彿天地也跟著她的動作起伏。,,storybook_cn_v1,p059,16:9,,,,,,pending
p059_s05,59,5,霍如羿射九日落，矯如羣帝驂龍翔。,她的動作快得像后羿射落九個太陽，又矯健得像眾神駕龍飛翔。,,storybook_cn_v1,p059,16:9,,,,,,pending
p059_s06,59,6,來如雷霆收震怒，罷如江海凝清光。,起舞時像雷霆突然爆發，停下時又像江海恢復平靜清光。,,storybook_cn_v1,p059,16:9,,,,,,pending
p059_s07,59,7,絳脣珠袖兩寂寞，晚有弟子傳芬芳。,那位紅唇彩袖的舞者早已不在，幸好晚年還有弟子把技藝傳下來。,,storybook_cn_v1,p059,16:9,,,,,,pending
p059_s08,59,8,臨潁美人在白帝，妙舞此曲神揚揚。,如今在白帝城看到臨潁來的舞者，舞同一支曲子，精神飛揚。,,storybook_cn_v1,p059,16:9,,,,,,pending
p059_s09,59,9,與餘問答既有以，感時撫事增惋傷。,聽她回答老師的來歷，我更因想到往事和時代變化而感傷。,,storybook_cn_v1,p059,16:9,,,,,,pending
p059_s10,59,10,先帝侍女八千人，公孫劍器初第一。,以前宮中舞女成千上萬，公孫大娘的劍舞仍是其中第一。,,storybook_cn_v1,p059,16:9,,,,,,pending
p059_s11,59,11,五十年間似反掌，風塵澒洞昏王室。,五十年一下就過去了，戰亂卻把國家和宮廷弄得混亂。,,storybook_cn_v1,p059,16:9,,,,,,pending
p059_s12,59,12,梨園弟子散如煙，女樂餘姿映寒日。,梨園中的表演者早已四散，如今只剩少數舊日舞姿映在寒冷日光下。,,storybook_cn_v1,p059,16:9,,,,,,pending
p059_s13,59,13,金粟堆南木已拱，瞿唐石城草蕭瑟。,先帝陵墓旁樹都長大了，瞿塘一帶石城只見蕭瑟野草。,,storybook_cn_v1,p059,16:9,,,,,,pending
p059_s14,59,14,玳筵急管曲復終，樂極哀來月東出。,宴席上的急促樂曲又唱完了，歡樂到盡頭反而生出悲傷，月亮也升起來。,,storybook_cn_v1,p059,16:9,,,,,,pending
p059_s15,59,15,老夫不知其所往，足繭荒山轉愁疾。,年老的我不知道接下來要往哪裡去，走在荒山中腳都起繭，心裡越來越愁。,,storybook_cn_v1,p059,16:9,,,,,,pending
p060_s01,60,1,漫叟以公田米釀酒，因休暇，則載酒於湖上，時取一醉；歡醉中，據湖岸，引臂向魚取酒，使舫載之，遍飲坐者。意疑倚巴丘，酌於君山之上，諸子環洞庭而坐，酒舫泛泛然，觸波濤而往來者，乃作歌以長之。,元結說自己用公田的米釀酒，休假時常載酒到石魚湖，和朋友坐在湖邊飲酒，想像大家像坐在洞庭湖邊，因此寫了這首歌。,,storybook_cn_v1,p060,16:9,,,,,,pending
p060_s02,60,2,,,,storybook_cn_v1,p060,16:9,,,,,,pending
p060_s03,60,3,石魚湖，似洞庭，夏水欲滿君山青。,石魚湖很像洞庭湖，夏天湖水快滿了，旁邊山色一片青翠。,,storybook_cn_v1,p060,16:9,,,,,,pending
p060_s04,60,4,山爲樽，水爲沼，酒徒歷歷坐洲島。,把山想成大酒杯，把湖水想成酒池，喝酒的朋友清楚坐在一座座小洲上。,,storybook_cn_v1,p060,16:9,,,,,,pending
p060_s05,60,5,長風連日作大浪，不能廢人運酒舫。,連日大風吹起大浪，也沒有阻止大家用小船運酒過來。,,storybook_cn_v1,p060,16:9,,,,,,pending
p060_s06,60,6,我持長瓢坐巴丘，酌飲四座以散愁。,我拿著長瓢坐在湖邊，替四周朋友舀酒，希望大家暫時忘掉煩惱。,,storybook_cn_v1,p060,16:9,,,,,,pending
p061_s01,61,1,山石犖确行徑微，黃昏到寺蝙蝠飛。,山石崎嶇，小路很窄，我到寺院時已黃昏，蝙蝠在空中飛。,,storybook_cn_v1,p061,16:9,,,,,,pending
p061_s02,61,2,升堂坐階新雨足，芭蕉葉大支子肥。,剛下過大雨，我走上堂前坐在階梯上，看見芭蕉葉很大、梔子長得茂盛。,,storybook_cn_v1,p061,16:9,,,,,,pending
p061_s03,61,3,僧言古壁佛畫好，以火來照所見稀。,和尚說古牆上的佛畫很美，拿火來照，我才看清少見的古畫。,,storybook_cn_v1,p061,16:9,,,,,,pending
p061_s04,61,4,鋪床拂席置羹飯，疏糲亦足飽我饑。,他鋪床掃席，又準備簡單飯菜，雖不精緻也足以讓我吃飽。,,storybook_cn_v1,p061,16:9,,,,,,pending
p061_s05,61,5,夜深靜臥百蟲絕，清月出嶺光入扉。,深夜安靜躺下，連蟲聲都停了，清月越過山嶺照進門來。,,storybook_cn_v1,p061,16:9,,,,,,pending
p061_s06,61,6,天明獨去無道路，出入高下窮煙霏。,天亮我獨自離開，山路模糊，在高低山勢和雲霧裡不停穿行。,,storybook_cn_v1,p061,16:9,,,,,,pending
p061_s07,61,7,山紅澗碧紛爛漫，時見松櫪皆十圍。,山花紅、溪水綠，景色燦爛，不時看見粗得幾人合抱的大松樹和櫟樹。,,storybook_cn_v1,p061,16:9,,,,,,pending
p061_s08,61,8,當流赤足蹋澗石，水聲激激風吹衣。,我光著腳踩過溪中石頭，水聲急響，風吹著衣服。,,storybook_cn_v1,p061,16:9,,,,,,pending
p061_s09,61,9,人生如此自可樂，豈必局束為人鞿。,如果人生能像這樣親近山水，自然就很快樂，何必總被世俗規矩綁住？,,storybook_cn_v1,p061,16:9,,,,,,pending
p061_s10,61,10,嗟哉吾黨二三子，安得至老不更歸。,可惜我的幾位朋友啊，我們怎樣才能到老都還能回到這種自在生活呢？,,storybook_cn_v1,p061,16:9,,,,,,pending
p062_s01,62,1,纖雲四卷天無河，清風吹空月舒波。,細雲散開，天空乾淨，清風吹過，月光像水波一樣明亮。,,storybook_cn_v1,p062,16:9,,,,,,pending
p062_s02,62,2,沙平水息聲影絕，一杯相屬君當歌。,沙灘平、水面靜，四周幾乎沒有聲音；我敬你一杯，請你唱歌。,,storybook_cn_v1,p062,16:9,,,,,,pending
p062_s03,62,3,君歌聲酸辭且苦，不能聽終淚如雨。,你的歌聲悲酸、歌詞又苦，我還沒聽完就已淚如雨下。,,storybook_cn_v1,p062,16:9,,,,,,pending
p062_s04,62,4,洞庭連天九疑高，蛟龍出沒猩鼯號。,你說起洞庭、九疑一帶山高水遠，野獸出沒，環境十分艱險。,,storybook_cn_v1,p062,16:9,,,,,,pending
p062_s05,62,5,十生九死到官所，幽居默默如藏逃。,一路九死一生才到任所，到了那裡又只能像躲藏一樣安靜生活。,,storybook_cn_v1,p062,16:9,,,,,,pending
p062_s06,62,6,下牀畏蛇食畏藥，海氣溼蟄薰腥臊。,下床怕蛇，吃東西又怕中毒，濕熱海氣還帶著難聞氣味。,,storybook_cn_v1,p062,16:9,,,,,,pending
p062_s07,62,7,昨者州前捶大鼓，嗣皇繼聖登夔皋。,昨天州城前忽然敲起大鼓，傳來新皇即位、任用賢人的消息。,,storybook_cn_v1,p062,16:9,,,,,,pending
p062_s08,62,8,赦書一日行萬里，罪從大辟皆除死。,赦免命令很快傳遍各地，連重罪者都有人得到減免。,,storybook_cn_v1,p062,16:9,,,,,,pending
p062_s09,62,9,遷者追回流者還，滌瑕盪垢清朝班。,被貶的人召回、流放的人回家，朝廷好像要重新整理以前的錯誤。,,storybook_cn_v1,p062,16:9,,,,,,pending
p062_s10,62,10,州家申名使家抑，坎軻只得移荊蠻。,可是你的名字雖被地方呈報，卻又被上級壓下，只換到另一個偏遠地方。,,storybook_cn_v1,p062,16:9,,,,,,pending
p062_s11,62,11,判司卑官不堪說，未免捶楚塵埃間。,低階小官的辛苦實在說不完，還可能受責罰、在塵土中受辱。,,storybook_cn_v1,p062,16:9,,,,,,pending
p062_s12,62,12,同時輩流多上道，天路幽險難追攀。,同一時期很多人已踏上回京路，你要走的路卻仍又險又遠。,,storybook_cn_v1,p062,16:9,,,,,,pending
p062_s13,62,13,君歌且休聽我歌，我歌今與君殊科。,你的歌先停一下，換我唱一首，我今天想說的和你不太一樣。,,storybook_cn_v1,p062,16:9,,,,,,pending
p062_s14,62,14,一年明月今宵多，人生由命非由他。,一年裡今晚月亮最明，人生際遇有很多不是我們自己能控制的。,,storybook_cn_v1,p062,16:9,,,,,,pending
p062_s15,62,15,有酒不飲奈明何。,既然有酒，今晚何不一起喝，別辜負這麼好的月光。,,storybook_cn_v1,p062,16:9,,,,,,pending
p063_s01,63,1,五嶽祭秩皆三公，四方環鎮嵩當中。,五嶽都受到隆重祭祀，分鎮四方，而嵩山在中間。,,storybook_cn_v1,p063,16:9,,,,,,pending
p063_s02,63,2,火維地荒足妖怪，天假神柄專其雄。,南方衡山一帶古人覺得神秘，因此更顯得山神威嚴有力。,,storybook_cn_v1,p063,16:9,,,,,,pending
p063_s03,63,3,噴雲泄霧藏半腹，雖有絕頂誰能窮。,山腰常噴雲吐霧，連最高峰都藏起來，很難看見全貌。,,storybook_cn_v1,p063,16:9,,,,,,pending
p063_s04,63,4,我來正逢秋雨節，陰氣晦昧無清風。,我來時正遇秋雨，天空陰暗，連一點清風都沒有。,,storybook_cn_v1,p063,16:9,,,,,,pending
p063_s05,63,5,潛心默禱若有應，豈非正直能感通。,我靜下心默默祈禱，沒想到天氣真像有了回應。,,storybook_cn_v1,p063,16:9,,,,,,pending
p063_s06,63,6,須臾靜掃衆峯出，仰見突兀撐青空。,不久雲霧散去，一座座山峰突然出現，高高撐向青天。,,storybook_cn_v1,p063,16:9,,,,,,pending
p063_s07,63,7,紫蓋連延接天柱，石廩騰擲堆祝融。,紫蓋、天柱等山峰連綿，石廩、祝融等峰也高低起伏。,,storybook_cn_v1,p063,16:9,,,,,,pending
p063_s08,63,8,森然魄動下馬拜，松柏一徑趨靈宮。,眼前景象莊嚴得讓我心中震動，我下馬沿松柏小路去拜廟。,,storybook_cn_v1,p063,16:9,,,,,,pending
p063_s09,63,9,粉牆丹柱動光彩，鬼物圖畫填青紅。,白牆紅柱十分鮮明，牆上還畫滿各種神怪圖像。,,storybook_cn_v1,p063,16:9,,,,,,pending
p063_s10,63,10,升階傴僂薦脯酒，欲以菲薄明其衷。,我登上台階彎身獻上肉和酒，用簡單祭品表達真心。,,storybook_cn_v1,p063,16:9,,,,,,pending
p063_s11,63,11,廟令老人識神意，睢盱偵伺能鞠躬。,管廟老人好像很懂神意，仔細看著我，恭敬地幫忙占卜。,,storybook_cn_v1,p063,16:9,,,,,,pending
p063_s12,63,12,手持杯珓導我擲，雲此最吉餘難同。,他拿杯珓讓我投擲，說這次結果最吉利，少有人得到這麼好的兆頭。,,storybook_cn_v1,p063,16:9,,,,,,pending
p063_s13,63,13,竄逐蠻荒幸不死，衣食才足甘長終。,我被貶到偏遠地方還能活著，衣食夠用，其實已願意平靜過一生。,,storybook_cn_v1,p063,16:9,,,,,,pending
p063_s14,63,14,侯王將相望久絕，神縱慾福難爲功。,對侯王將相早已不抱希望，就算神明想賜福，也很難改變我的志向。,,storybook_cn_v1,p063,16:9,,,,,,pending
p063_s15,63,15,夜投佛寺上高閣，星月掩映雲曈曨。,晚上我住進佛寺登上高樓，星月在薄雲中忽明忽暗。,,storybook_cn_v1,p063,16:9,,,,,,pending
p063_s16,63,16,猿鳴鐘動不知曙，杲杲寒日生於東。,猿猴叫、鐘聲響，我竟不知何時天亮，直到寒冷朝陽從東方升起。,,storybook_cn_v1,p063,16:9,,,,,,pending
p064_s01,64,1,張生手持石鼓文，勸我試作石鼓歌。,張先生拿著石鼓文字拓本，勸我寫一首歌來談石鼓。,,storybook_cn_v1,p064,16:9,,,,,,pending
p064_s02,64,2,少陵無人謫仙死，才薄將奈石鼓何。,杜甫不在了，李白也去世了，我才力不高，不知怎麼配得上這些古物。,,storybook_cn_v1,p064,16:9,,,,,,pending
p064_s03,64,3,周綱凌遲四海沸，宣王憤起揮天戈。,周朝後來衰弱、天下動亂，周宣王振作起來帶兵整頓國家。,,storybook_cn_v1,p064,16:9,,,,,,pending
p064_s04,64,4,大開明堂受朝賀，諸侯劍佩鳴相磨。,他在大殿接受諸侯朝見，佩劍玉飾互相碰撞，場面隆重。,,storybook_cn_v1,p064,16:9,,,,,,pending
p064_s05,64,5,蒐於岐陽騁雄俊，萬里禽獸皆遮羅。,又在岐陽舉行大規模狩獵，勇士奔馳，遠方禽獸都被圍住。,,storybook_cn_v1,p064,16:9,,,,,,pending
p064_s06,64,6,鐫功勒成告萬世，鑿石作鼓隳嵯峨。,為了讓功績傳到後世，人們鑿石成鼓，把事情刻在上面。,,storybook_cn_v1,p064,16:9,,,,,,pending
p064_s07,64,7,從臣才藝鹹第一，揀選撰刻留山阿。,隨從中最有才華的人負責撰寫和雕刻，讓文字留在山間。,,storybook_cn_v1,p064,16:9,,,,,,pending
p064_s08,64,8,雨淋日灸野火燎，鬼物守護煩撝呵。,石鼓經過雨淋、日曬、野火，好像還有神靈一直守護它們。,,storybook_cn_v1,p064,16:9,,,,,,pending
p064_s09,64,9,公從何處得紙本，毫髮盡備無差訛。,你不知從哪得到這份拓本，連細小筆畫都保留得很完整。,,storybook_cn_v1,p064,16:9,,,,,,pending
p064_s10,64,10,辭嚴義密讀難曉，字體不類隸與蝌。,文字內容嚴肅又深奧，字形也不像我們熟悉的隸書或蝌蚪文。,,storybook_cn_v1,p064,16:9,,,,,,pending
p064_s11,64,11,年深豈免有缺畫，快劍斫斷生蛟鼉。,年代太久難免缺筆，有些裂痕又像快劍砍出的蛟龍形狀。,,storybook_cn_v1,p064,16:9,,,,,,pending
p064_s12,64,12,鸞翔鳳翥衆仙下，珊瑚碧樹交枝柯。,字勢有的像鸞鳳飛翔，也像一群仙人從天空降下。,,storybook_cn_v1,p064,16:9,,,,,,pending
p064_s13,64,13,金繩鐵索鎖鈕壯，古鼎躍水龍騰梭。,有的筆畫像金繩鐵索，又像古鼎、游龍，充滿力量。,,storybook_cn_v1,p064,16:9,,,,,,pending
p064_s14,64,14,陋儒編詩不收入，二雅褊迫無委蛇。,可惜後來編詩的人沒有把這些文字收進去，留下不少遺憾。,,storybook_cn_v1,p064,16:9,,,,,,pending
p064_s15,64,15,孔子西行不到秦，掎摭星宿遺羲娥。,孔子當年也沒到秦地，所以像在滿天星宿中漏掉了最亮的月亮。,,storybook_cn_v1,p064,16:9,,,,,,pending
p064_s16,64,16,嗟餘好古生苦晚，對此涕淚雙滂沱。,我喜愛古物，卻生得太晚，看著石鼓文字感動得一直流淚。,,storybook_cn_v1,p064,16:9,,,,,,pending
p064_s17,64,17,憶昔初蒙博士徵，其年始改稱元和。,我想起早年剛被召為博士時，那一年正好改用元和年號。,,storybook_cn_v1,p064,16:9,,,,,,pending
p064_s18,64,18,故人從軍在右輔，爲我度量掘臼科。,有位從軍的朋友在關中，我請他幫忙估量石鼓所在和挖取方法。,,storybook_cn_v1,p064,16:9,,,,,,pending
p064_s19,64,19,濯冠沐浴告祭酒，如此至寶存豈多。,我特地整理衣冠去向主管說明：這樣的寶物世上還有多少呢？,,storybook_cn_v1,p064,16:9,,,,,,pending
p064_s20,64,20,氈包席裹可立致，十鼓只載數駱駝。,只要用氈席包好就能運來，十面石鼓也不過需要幾匹駱駝。,,storybook_cn_v1,p064,16:9,,,,,,pending
p064_s21,64,21,薦諸太廟比郜鼎，光價豈止百倍過。,如果把它們放進太廟，價值比許多古代寶鼎還要珍貴。,,storybook_cn_v1,p064,16:9,,,,,,pending
p064_s22,64,22,聖恩若許留太學，諸生講解得切磋。,若皇帝允許留在太學，學生們就能天天看、研究討論。,,storybook_cn_v1,p064,16:9,,,,,,pending
p064_s23,64,23,觀經鴻都尚填咽，坐見舉國來奔波。,連別的古書展覽都能吸引人潮，石鼓一定會讓全國的人都來看。,,storybook_cn_v1,p064,16:9,,,,,,pending
p064_s24,64,24,剜苔剔蘚露節角，安置妥帖平不頗。,把青苔刮掉、把紋路清理出來，再好好安置讓它們不歪斜。,,storybook_cn_v1,p064,16:9,,,,,,pending
p064_s25,64,25,大廈深檐與蓋覆，經歷久遠期無佗。,放在大屋深簷下遮風避雨，就能希望它們長久保存。,,storybook_cn_v1,p064,16:9,,,,,,pending
p064_s26,64,26,中朝大官老於事，詎肯感激徒媕娿。,可是朝中老官員習慣了辦事方式，不一定肯為古物積極奔走。,,storybook_cn_v1,p064,16:9,,,,,,pending
p064_s27,64,27,牧童敲火牛礪角，誰復著手爲摩挲。,如今牧童拿石鼓敲火、牛拿它磨角，又有誰肯伸手保護呢？,,storybook_cn_v1,p064,16:9,,,,,,pending
p064_s28,64,28,日銷月鑠就埋沒，六年西顧空吟哦。,日月久了文字慢慢磨損，我多年向西想望，也只能空自吟嘆。,,storybook_cn_v1,p064,16:9,,,,,,pending
p064_s29,64,29,羲之俗書趁姿媚，數紙尚可博白鵝。,王羲之優美的書法，幾張紙都能換到珍貴白鵝，大家非常珍惜。,,storybook_cn_v1,p064,16:9,,,,,,pending
p064_s30,64,30,繼周八代爭戰罷，無人收拾理則那。,周朝以後八代戰亂都已過去，這麼重要的石鼓卻沒人妥善整理，實在說不過去。,,storybook_cn_v1,p064,16:9,,,,,,pending
p064_s31,64,31,方今太平日無事，柄任儒術崇丘軻。,如今正是太平時代，也重視儒學和古代文化。,,storybook_cn_v1,p064,16:9,,,,,,pending
p064_s32,64,32,安能以此尚論列，願借辯口如懸河。,怎麼不能把石鼓好好列入重要古物？真希望有人口才好，能替它們大聲說話。,,storybook_cn_v1,p064,16:9,,,,,,pending
p064_s33,64,33,石鼓之歌止於此，嗚呼吾意其蹉跎。,我的石鼓歌就寫到這裡，唉，只怕我的願望最後還是錯過機會。,,storybook_cn_v1,p064,16:9,,,,,,pending
p065_s01,65,1,漁翁夜傍西巖宿，曉汲清湘燃楚竹。,漁翁晚上靠著西邊山崖休息，清早汲湘江水，點燃楚地竹子煮食。,,storybook_cn_v1,p065,16:9,,,,,,pending
p065_s02,65,2,煙銷日出不見人，欸乃一聲山水綠。,煙霧散去、太陽升起，卻看不見人，只聽一聲船歌，青山綠水像突然醒來。,,storybook_cn_v1,p065,16:9,,,,,,pending
p065_s03,65,3,迴看天際下中流，巖上無心雲相逐。,他回頭望了望天邊，就順著江心流去；山上的白雲也自在地跟著飄。,,storybook_cn_v1,p065,16:9,,,,,,pending
p066_s01,66,1,漢皇重色思傾國，御㝢多年求不得。,唐玄宗喜愛美色，一直想找到絕世美人，多年都沒有找到。,,storybook_cn_v1,p066,16:9,,,,,,pending
p066_s02,66,2,楊家有女初長成，養在深閨人未識。,楊家有位女兒剛剛長大，養在深閨裡，外人還不知道她。,,storybook_cn_v1,p066,16:9,,,,,,pending
p066_s03,66,3,天生麗質難自棄，一朝選在君王側。,她天生美麗，很難一直被埋沒，後來有一天被選到皇帝身邊。,,storybook_cn_v1,p066,16:9,,,,,,pending
p066_s04,66,4,迴眸一笑百媚生，六宮粉黛無顔色。,她回頭一笑就顯得非常迷人，宮中其他美女好像都失去了光彩。,,storybook_cn_v1,p066,16:9,,,,,,pending
p066_s05,66,5,春寒賜浴華清池，溫泉水滑洗凝脂。,春寒時皇帝讓她到華清池洗溫泉，溫暖泉水滑過白嫩肌膚。,,storybook_cn_v1,p066,16:9,,,,,,pending
p066_s06,66,6,侍兒扶起嬌無力，始是新承恩澤時。,侍女扶她起身時她柔弱無力，這正是她開始受到寵愛的時候。,,storybook_cn_v1,p066,16:9,,,,,,pending
p066_s07,66,7,雲鬢花顔金步搖，芙蓉帳暖度春宵。,她頭髮像雲、臉像花，戴著金飾，在溫暖帳中度過春夜。,,storybook_cn_v1,p066,16:9,,,,,,pending
p066_s08,66,8,春宵苦短日高起，從此君王不早朝。,春夜總覺得太短，睡到太陽高升，從此皇帝常不早起上朝。,,storybook_cn_v1,p066,16:9,,,,,,pending
p066_s09,66,9,承歡侍宴無閑暇，春從春遊夜專夜。,她陪皇帝宴飲遊樂，幾乎沒有空閒，白天夜晚都受到專寵。,,storybook_cn_v1,p066,16:9,,,,,,pending
p066_s10,66,10,後宮佳麗三千人，三千寵愛在一身。,後宮雖有三千美女，皇帝的寵愛幾乎全放在她一人身上。,,storybook_cn_v1,p066,16:9,,,,,,pending
p066_s11,66,11,金屋粧成嬌侍夜，玉樓宴罷醉和春。,華麗宮殿為她裝飾，夜裡陪伴皇帝，宴會後也一起享受春意。,,storybook_cn_v1,p066,16:9,,,,,,pending
p066_s12,66,12,姊妹弟兄皆列土，可憐光彩生門戶。,她的兄弟姊妹都因她得到高官和封地，整個家族忽然非常風光。,,storybook_cn_v1,p066,16:9,,,,,,pending
p066_s13,66,13,遂令天下父母心，不重生男重生女。,甚至讓天下父母都羨慕，覺得生女兒也能帶來榮耀。,,storybook_cn_v1,p066,16:9,,,,,,pending
p066_s14,66,14,驪宮高處入青雲，仙樂風飄處處聞。,驪山宮殿高入雲中，風吹著音樂，遠近到處都能聽見。,,storybook_cn_v1,p066,16:9,,,,,,pending
p066_s15,66,15,緩歌慢舞凝絲竹，盡日君王看不足。,緩歌慢舞配著管弦樂，皇帝整天看也看不夠。,,storybook_cn_v1,p066,16:9,,,,,,pending
p066_s16,66,16,漁陽鞞鼓動地來，驚破霓裳羽衣曲。,忽然漁陽傳來戰鼓，震動大地，打破了宮中歌舞。,,storybook_cn_v1,p066,16:9,,,,,,pending
p066_s17,66,17,九重城闕煙塵生，千乘萬騎西南行。,京城陷入煙塵混亂，大批人馬護著皇帝向西南逃走。,,storybook_cn_v1,p066,16:9,,,,,,pending
p066_s18,66,18,翠華搖搖行復止，西出都門百餘里。,皇帝的車隊一路走走停停，離開都城一百多里。,,storybook_cn_v1,p066,16:9,,,,,,pending
p066_s19,66,19,六軍不發無奈何，宛轉娥眉馬前死。,軍隊不肯再前進，最後逼得楊貴妃在馬前死去。,,storybook_cn_v1,p066,16:9,,,,,,pending
p066_s20,66,20,花鈿委地無人收，翠翹金雀玉搔頭。,她的花飾掉在地上沒人撿，翠鳥飾、金雀釵和玉簪都散落。,,storybook_cn_v1,p066,16:9,,,,,,pending
p066_s21,66,21,君王掩面救不得，迴看血淚相和流。,皇帝掩著臉也救不了她，回頭只能流著血淚離開。,,storybook_cn_v1,p066,16:9,,,,,,pending
p066_s22,66,22,黃埃散漫風蕭索，雲棧縈紆登劍閣。,路上黃塵漫天、秋風蕭瑟，隊伍沿著彎曲棧道登上劍閣。,,storybook_cn_v1,p066,16:9,,,,,,pending
p066_s23,66,23,峨嵋山下少人行，旌旗無光日色薄。,峨眉山下人很少，旗幟失去光彩，連陽光都顯得暗淡。,,storybook_cn_v1,p066,16:9,,,,,,pending
p066_s24,66,24,蜀江水碧蜀山青，聖主朝朝暮暮情。,蜀地江水仍碧綠、山仍青翠，皇帝卻早晚都在思念她。,,storybook_cn_v1,p066,16:9,,,,,,pending
p066_s25,66,25,行宮見月傷心色，夜雨聞鈴腸斷聲。,在行宮看見月亮也傷心，夜雨裡聽到鈴聲更讓人難過。,,storybook_cn_v1,p066,16:9,,,,,,pending
p066_s26,66,26,天旋日轉迴龍馭，到此躊躇不能去。,後來局勢改變，皇帝終於能回京，走到這裡卻又猶豫不願離開。,,storybook_cn_v1,p066,16:9,,,,,,pending
p066_s27,66,27,馬嵬坡下泥土中，不見玉顔空死處。,馬嵬坡泥土下已看不到她美麗的容貌，只剩埋葬之地。,,storybook_cn_v1,p066,16:9,,,,,,pending
p066_s28,66,28,君臣相顧盡霑衣，東望都門信馬歸。,君臣互相看著都哭濕衣服，最後只能向東任馬慢慢走回京城。,,storybook_cn_v1,p066,16:9,,,,,,pending
p066_s29,66,29,歸來池苑皆依舊，太液芙蓉未央柳。,回到宮中，池塘花園還和以前一樣，荷花和柳樹也都還在。,,storybook_cn_v1,p066,16:9,,,,,,pending
p066_s30,66,30,芙蓉如面柳如眉，對此如何不淚垂。,荷花像她的臉，柳葉像她的眉，看到這些怎麼能不流淚？,,storybook_cn_v1,p066,16:9,,,,,,pending
p066_s31,66,31,春風桃李花開夜，秋雨梧桐葉落時。,春天桃李開花、秋天梧桐落葉，每個季節都讓他想起往事。,,storybook_cn_v1,p066,16:9,,,,,,pending
p066_s32,66,32,西宮南苑多秋草，宮葉滿階紅不掃。,宮苑長滿秋草，落葉堆滿台階也沒人打掃。,,storybook_cn_v1,p066,16:9,,,,,,pending
p066_s33,66,33,梨園弟子白髮新，椒房阿監青娥老。,以前梨園中的年輕弟子都白了頭，宮女和太監也都老了。,,storybook_cn_v1,p066,16:9,,,,,,pending
p066_s34,66,34,夕殿螢飛思悄然，孤燈挑盡未成眠。,夜晚宮殿飛著螢火，他安靜思念，孤燈燒盡仍睡不著。,,storybook_cn_v1,p066,16:9,,,,,,pending
p066_s35,66,35,遲遲鐘鼓初長夜，耿耿星河欲曙天。,漫長夜裡鐘鼓聲慢慢響過，星河明亮，直到快天亮。,,storybook_cn_v1,p066,16:9,,,,,,pending
p066_s36,66,36,鴛鴦瓦冷霜華重，翡翠衾寒誰與共。,屋瓦凝霜，被子冰冷，從前一起睡的人如今再也不在。,,storybook_cn_v1,p066,16:9,,,,,,pending
p066_s37,66,37,悠悠生死別經年，魂魄不曾來入夢。,生死分別已經一年多，她的魂魄也不曾進入夢中。,,storybook_cn_v1,p066,16:9,,,,,,pending
p066_s38,66,38,臨邛道士鴻都客，能以精誠致魂魄。,臨邛有位道士來到京城，傳說他能用法術尋找人的魂魄。,,storybook_cn_v1,p066,16:9,,,,,,pending
p066_s39,66,39,為感君王輾轉思，遂教方士殷勤覓。,他被皇帝深深思念打動，便努力替皇帝去尋找楊貴妃。,,storybook_cn_v1,p066,16:9,,,,,,pending
p066_s40,66,40,排空馭氣奔如電，昇天入地求之遍。,他乘氣凌空像閃電一樣，到天上地下四處搜尋。,,storybook_cn_v1,p066,16:9,,,,,,pending
p066_s41,66,41,上窮碧落下黃泉，兩處茫茫皆不見。,找遍青天和黃泉，兩邊都茫茫沒有找到。,,storybook_cn_v1,p066,16:9,,,,,,pending
p066_s42,66,42,忽聞海上有仙山，山在虛無縹緲間。,忽然聽說海上有座仙山，藏在虛無縹緲的遠方。,,storybook_cn_v1,p066,16:9,,,,,,pending
p066_s43,66,43,樓閣玲瓏五雲起，其中綽約多仙子。,仙山樓閣精巧，五色雲霞升起，裡面住著許多美麗仙女。,,storybook_cn_v1,p066,16:9,,,,,,pending
p066_s44,66,44,中有一人字太真，雪膚花貌參差是。,其中有一位叫太真，雪白肌膚、花般容貌，很像楊貴妃。,,storybook_cn_v1,p066,16:9,,,,,,pending
p066_s45,66,45,金闕西廂叩玉扃，轉教小玉報雙成。,道士來到金色宮門前敲玉門，請仙女進去傳話。,,storybook_cn_v1,p066,16:9,,,,,,pending
p066_s46,66,46,聞道漢家天子使，九華帳裏夢魂驚。,她聽說是唐朝皇帝派來的人，從夢中驚醒。,,storybook_cn_v1,p066,16:9,,,,,,pending
p066_s47,66,47,攬衣推枕起徘徊，珠箔銀屏邐迤開。,她披衣推枕起身，在珠簾銀屏之間匆匆走出。,,storybook_cn_v1,p066,16:9,,,,,,pending
p066_s48,66,48,雲鬢半偏新睡覺，花冠不整下堂來。,剛睡醒頭髮有些歪，花冠也沒整理好，就急忙下堂相見。,,storybook_cn_v1,p066,16:9,,,,,,pending
p066_s49,66,49,風吹仙袂飄颻舉，猶似霓裳羽衣舞。,風吹著她的仙衣飄起，好像當年跳《霓裳羽衣舞》的樣子。,,storybook_cn_v1,p066,16:9,,,,,,pending
p066_s50,66,50,玉容寂寞淚闌干，梨花一枝春帶雨。,她美麗的臉上滿是寂寞淚痕，就像帶雨的梨花。,,storybook_cn_v1,p066,16:9,,,,,,pending
p066_s51,66,51,含情凝睇謝君王，一別音容兩渺茫。,她含情望著使者，請他謝過君王，說分別後兩人再也不能相見。,,storybook_cn_v1,p066,16:9,,,,,,pending
p066_s52,66,52,昭陽殿裏恩愛絶，蓬萊宮中日月長。,從前昭陽殿的恩愛已經斷了，如今在仙宮裡的日子卻漫長無盡。,,storybook_cn_v1,p066,16:9,,,,,,pending
p066_s53,66,53,迴頭下望人寰處，不見長安見塵霧。,她回頭往人間看，已看不見長安，只見一片塵霧。,,storybook_cn_v1,p066,16:9,,,,,,pending
p066_s54,66,54,唯將舊物表深情，鈿合金釵寄將去。,只能把以前的信物拿出來，讓金釵和鈿盒帶回去表示深情。,,storybook_cn_v1,p066,16:9,,,,,,pending
p066_s55,66,55,釵留一股合一扇，釵擘黃金合分鈿。,金釵留一半、盒子也分一半，兩人各保存一部分。,,storybook_cn_v1,p066,16:9,,,,,,pending
p066_s56,66,56,但令心似金鈿堅，天上人間會相見。,只要彼此的心像金和鈿一樣堅定，天上人間總有再見的希望。,,storybook_cn_v1,p066,16:9,,,,,,pending
p066_s57,66,57,臨別殷勤重寄詞，詞中有誓兩心知。,臨別時她再三託付一句話，這是只有兩個人才知道的誓言。,,storybook_cn_v1,p066,16:9,,,,,,pending
p066_s58,66,58,七月七日長生殿，夜半無人私語時。,七月七日長生殿裡，半夜沒有人時，他們曾悄悄說過。,,storybook_cn_v1,p066,16:9,,,,,,pending
p066_s59,66,59,在天願作比翼鳥，在地願為連理枝。,如果在天上，願做一雙比翼鳥；在地上，願做枝幹相連的樹。,,storybook_cn_v1,p066,16:9,,,,,,pending
p066_s60,66,60,天長地久有時盡，此恨綿綿無絶期。,天地再長久也可能有盡頭，這份遺憾和思念卻好像永遠不會停止。,,storybook_cn_v1,p066,16:9,,,,,,pending
p067_s01,67,1,元和十年，予左遷九江郡司馬。明年秋，送客湓浦口，聞舟船中夜彈琵琶者，聽其音，錚錚然有京都聲。問其人，本長安倡女，嘗學琵琶於穆、曹二善才，年長色衰，委身為賈人婦。遂命酒，使快彈數曲，曲罷憫默，自叙少小時歡樂事，今漂淪顦顇，轉徙於江湖間。予出官二年，恬然自安。感斯人言，是夕始覺有遷謫意。因為長句歌以贈之。凡六百一十六言，命曰《琵琶行》。,白居易說自己被貶到九江，秋夜送客時聽見船上琵琶聲，遇見一位從長安流落到江湖的琵琶女；兩人都有失意遭遇，因此他寫下這首詩送給她。,,storybook_cn_v1,p067,16:9,,,,,,pending
p067_s02,67,2,,,,storybook_cn_v1,p067,16:9,,,,,,pending
p067_s03,67,3,潯陽江頭夜送客，楓葉荻花秋瑟瑟。,秋夜我在潯陽江邊送客，楓葉和荻花被風吹得沙沙作響。,,storybook_cn_v1,p067,16:9,,,,,,pending
p067_s04,67,4,主人下馬客在船，舉酒欲飲無管絃。,我下馬、朋友上船，舉杯想喝酒，卻沒有音樂相伴。,,storybook_cn_v1,p067,16:9,,,,,,pending
p067_s05,67,5,醉不成歡慘將別，別時茫茫江浸月。,大家喝得不盡興，又難過要分別，江面茫茫映著月亮。,,storybook_cn_v1,p067,16:9,,,,,,pending
p067_s06,67,6,忽聞水上琵琶聲，主人忘歸客不發。,忽然水上傳來琵琶聲，我忘了回去，朋友也停著沒有出發。,,storybook_cn_v1,p067,16:9,,,,,,pending
p067_s07,67,7,尋聲闇問彈者誰，琵琶聲停欲語遲。,我們循聲輕問是誰在彈，琴聲停了，彈琴的人卻遲遲沒有回答。,,storybook_cn_v1,p067,16:9,,,,,,pending
p067_s08,67,8,移船相近邀相見，添酒迴燈重開宴。,於是把船移近邀請她相見，添酒、點燈，重新擺起宴席。,,storybook_cn_v1,p067,16:9,,,,,,pending
p067_s09,67,9,千呼萬喚始出來，猶把琵琶半遮面。,叫了好多次她才出來，還抱著琵琶遮住半邊臉。,,storybook_cn_v1,p067,16:9,,,,,,pending
p067_s10,67,10,轉軸撥絃三兩聲，未成曲調先有情。,她轉動琴軸、撥了幾下弦，曲子還沒開始就已充滿感情。,,storybook_cn_v1,p067,16:9,,,,,,pending
p067_s11,67,11,絃絃掩抑聲聲思，似訴平生不得意。,每根弦都低沉含蓄，聲音像在訴說一生的不如意。,,storybook_cn_v1,p067,16:9,,,,,,pending
p067_s12,67,12,低眉信手續續彈，說盡心中無限事。,她低著頭隨手連續彈，像把心裡無數故事全說出來。,,storybook_cn_v1,p067,16:9,,,,,,pending
p067_s13,67,13,輕攏慢撚抹復挑，初為霓裳後綠腰。,手指輕攏慢撚又抹又挑，先彈《霓裳》，再彈《綠腰》。,,storybook_cn_v1,p067,16:9,,,,,,pending
p067_s14,67,14,大絃嘈嘈如急雨，小絃切切如私語。,粗弦聲音嘈嘈像急雨，細弦聲音輕細像人在耳邊說話。,,storybook_cn_v1,p067,16:9,,,,,,pending
p067_s15,67,15,嘈嘈切切錯雜彈，大珠小珠落玉盤。,大小弦交錯響起，好像大珠小珠一起掉進玉盤。,,storybook_cn_v1,p067,16:9,,,,,,pending
p067_s16,67,16,間關鶯語花底滑，幽咽泉流冰下難。,有時像黃鶯在花下滑順鳴唱，有時又像泉水在冰下艱難流動。,,storybook_cn_v1,p067,16:9,,,,,,pending
p067_s17,67,17,冰泉冷澀絃凝絕，凝絕不通聲暫歇。,水泉像被冰凍住，琴弦聲音也凝結，突然暫停。,,storybook_cn_v1,p067,16:9,,,,,,pending
p067_s18,67,18,別有幽愁暗恨生，此時無聲勝有聲。,安靜中反而生出更深的憂傷，此時沒有聲音比有聲音更有力量。,,storybook_cn_v1,p067,16:9,,,,,,pending
p067_s19,67,19,銀瓶乍破水漿迸，鐵騎突出刀槍鳴。,忽然又像銀瓶破裂水花迸出，也像鐵騎衝出、刀槍齊鳴。,,storybook_cn_v1,p067,16:9,,,,,,pending
p067_s20,67,20,曲終收撥當心畫，四絃一聲如裂帛。,曲終時她用撥子猛然一劃，四根弦一起響，像撕裂絲帛。,,storybook_cn_v1,p067,16:9,,,,,,pending
p067_s21,67,21,東舟西舫悄無言，唯見江心秋月白。,東西兩邊船上人人安靜無聲，只看見江心一輪白白秋月。,,storybook_cn_v1,p067,16:9,,,,,,pending
p067_s22,67,22,沉吟放撥插絃中，整頓衣裳起斂容。,她沉默一會放下撥子，整理衣服，神情變得莊重。,,storybook_cn_v1,p067,16:9,,,,,,pending
p067_s23,67,23,自言本是京城女，家在蝦蟇陵下住。,她說自己原本是京城女子，家住蝦蟆陵附近。,,storybook_cn_v1,p067,16:9,,,,,,pending
p067_s24,67,24,十三學得琵琶成，名屬教坊第一部。,十三歲就學會琵琶，名字列在教坊最優秀的一部。,,storybook_cn_v1,p067,16:9,,,,,,pending
p067_s25,67,25,曲罷曾教善才伏，妝成每被秋娘妬。,每次彈完連老師都佩服，打扮起來也常讓其他女子羨慕。,,storybook_cn_v1,p067,16:9,,,,,,pending
p067_s26,67,26,五陵年少爭纏頭，一曲紅綃不知數。,五陵少年爭著送禮物，一首曲子就能收到數不清的紅綃。,,storybook_cn_v1,p067,16:9,,,,,,pending
p067_s27,67,27,鈿頭雲篦擊節碎，血色羅裙翻酒汙。,漂亮髮簪常因打拍子碰壞，紅裙也常在宴席間被酒潑濕。,,storybook_cn_v1,p067,16:9,,,,,,pending
p067_s28,67,28,今年歡笑復明年，秋月春風等閑度。,一年又一年都在歡笑中度過，不知不覺春秋飛逝。,,storybook_cn_v1,p067,16:9,,,,,,pending
p067_s29,67,29,弟走從軍阿姨死，暮去朝來顏色故。,後來弟弟從軍、照顧她的長輩去世，她的容貌也隨歲月改變。,,storybook_cn_v1,p067,16:9,,,,,,pending
p067_s30,67,30,門前冷落鞍馬稀，老大嫁作商人婦。,門前漸漸冷清，客人和車馬都少了，年紀大後嫁給商人。,,storybook_cn_v1,p067,16:9,,,,,,pending
p067_s31,67,31,商人重利輕別離，前月浮梁買茶去。,商人看重賺錢，常把離別看得很輕，上個月又去浮梁買茶。,,storybook_cn_v1,p067,16:9,,,,,,pending
p067_s32,67,32,去來江口守空船，遶船月明江水寒。,留下她一個人在江口守空船，只有明月和寒冷江水陪伴。,,storybook_cn_v1,p067,16:9,,,,,,pending
p067_s33,67,33,夜深忽夢少年事，夢啼妝淚紅闌干。,深夜忽然夢到年輕時光，在夢裡哭醒，眼淚流過妝容。,,storybook_cn_v1,p067,16:9,,,,,,pending
p067_s34,67,34,我聞琵琶已歎息，又聞此語重唧唧。,我本來聽琵琶已經嘆息，再聽她的故事，更覺得難過。,,storybook_cn_v1,p067,16:9,,,,,,pending
p067_s35,67,35,同是天涯淪落人，相逢何必曾相識。,我們都是漂流在外、遭遇失意的人，相逢又何必以前就認識呢？,,storybook_cn_v1,p067,16:9,,,,,,pending
p067_s36,67,36,我從去年辭帝京，謫居臥病潯陽城。,我從去年離開京城，被貶到潯陽，還常常生病。,,storybook_cn_v1,p067,16:9,,,,,,pending
p067_s37,67,37,潯陽小處無音樂，終歲不聞絲竹聲。,潯陽地方小、音樂少，一整年很難聽到好聽的絲竹聲。,,storybook_cn_v1,p067,16:9,,,,,,pending
p067_s38,67,38,住近湓江地低濕，黃蘆苦竹繞宅生。,住處靠近湓江，又低又潮濕，房子四周都是黃蘆和苦竹。,,storybook_cn_v1,p067,16:9,,,,,,pending
p067_s39,67,39,其間旦暮聞何物，杜鵑啼哭猿哀鳴。,早晚常聽到的只有杜鵑悲鳴和猿猴哀叫。,,storybook_cn_v1,p067,16:9,,,,,,pending
p067_s40,67,40,春江花朝秋月夜，往往取酒還獨傾。,春天花晨、秋天月夜，我常常只能自己拿酒獨飲。,,storybook_cn_v1,p067,16:9,,,,,,pending
p067_s41,67,41,豈無山歌與村笛，歐啞嘲哳難為聽。,不是沒有山歌村笛，只是聲音粗雜，聽起來不太舒服。,,storybook_cn_v1,p067,16:9,,,,,,pending
p067_s42,67,42,今夜聞君琵琶語，如聽仙樂耳暫明。,今晚聽你彈琵琶，好像聽到仙樂，耳朵一下重新明亮起來。,,storybook_cn_v1,p067,16:9,,,,,,pending
p067_s43,67,43,莫辭更坐彈一曲，為君飜作琵琶行。,請你別急著走，再坐下來彈一曲，我要為你寫一首《琵琶行》。,,storybook_cn_v1,p067,16:9,,,,,,pending
p067_s44,67,44,感我此言良久立，卻坐促絃絃轉急。,她聽了我的話站了很久，然後又坐下，把琴弦調得更急。,,storybook_cn_v1,p067,16:9,,,,,,pending
p067_s45,67,45,淒淒不似向前聲，滿座重聞皆掩泣。,第二次琴聲更加淒涼，在座的人聽著都掩面流淚。,,storybook_cn_v1,p067,16:9,,,,,,pending
p067_s46,67,46,就中泣下誰最多，江州司馬青衫濕。,其中哭得最多的是誰？就是我這個江州司馬，青衫都被淚水濕透了。,,storybook_cn_v1,p067,16:9,,,,,,pending
p068_s01,68,1,元和天子神武姿，彼何人哉軒與羲。,元和年間的皇帝英明勇武，像古代聖王一樣想振興國家。,,storybook_cn_v1,p068,16:9,,,,,,pending
p068_s02,68,2,誓將上雪列聖恥，坐法宮中朝四夷。,他立志洗去前代受辱，坐鎮宮中讓四方重新安定。,,storybook_cn_v1,p068,16:9,,,,,,pending
p068_s03,68,3,淮西有賊五十載，封狼生貙貙生羆。,淮西叛亂延續多年，勢力一代接一代壯大。,,storybook_cn_v1,p068,16:9,,,,,,pending
p068_s04,68,4,不據山河據平地，長戈利矛日可麾。,他們占著交通要地，武器精良，隨時可以發動戰事。,,storybook_cn_v1,p068,16:9,,,,,,pending
p068_s05,68,5,帝得聖相相曰度，賊斫不死神扶持。,皇帝得到賢相裴度，裴度遇刺不死，被認為有天助。,,storybook_cn_v1,p068,16:9,,,,,,pending
p068_s06,68,6,腰懸相印作都統，陰風慘澹天王旗。,裴度掛著相印統領軍隊，陰冷風中天子旗幟高高飄起。,,storybook_cn_v1,p068,16:9,,,,,,pending
p068_s07,68,7,愬武古通作牙爪，儀曹外郎載筆隨。,李愬、韓弘等成為重要將領，韓愈也隨軍負責記錄。,,storybook_cn_v1,p068,16:9,,,,,,pending
p068_s08,68,8,行軍司馬智且勇，十四萬衆猶虎貔。,軍中有智勇兼備的將領，十四萬大軍像猛虎一樣強悍。,,storybook_cn_v1,p068,16:9,,,,,,pending
p068_s09,68,9,入蔡縛賊獻太廟，功無與讓恩不訾。,攻進蔡州抓住叛軍首領獻到太廟，功勞沒人能相比，得到很大賞賜。,,storybook_cn_v1,p068,16:9,,,,,,pending
p068_s10,68,10,帝曰汝度功第一，汝從事愈宜爲辭。,皇帝說裴度功勞第一，又命韓愈撰文記下這場勝利。,,storybook_cn_v1,p068,16:9,,,,,,pending
p068_s11,68,11,愈拜稽首蹈且舞，金石刻畫臣能爲。,韓愈叩頭領命，高興得手舞足蹈，說自己能把功績刻在金石上。,,storybook_cn_v1,p068,16:9,,,,,,pending
p068_s12,68,12,古者世稱大手筆，此事不繫於職司。,古代稱這種文章為大手筆，並不是只有某一官職才能寫。,,storybook_cn_v1,p068,16:9,,,,,,pending
p068_s13,68,13,當仁自古有不讓，言訖屢頷天子頤。,遇到該做的事就不推讓，皇帝聽完也多次點頭同意。,,storybook_cn_v1,p068,16:9,,,,,,pending
p068_s14,68,14,公退齋戒坐小閣，濡染大筆何淋漓。,韓愈退下後齋戒，在小閣中準備，提起大筆盡情揮寫。,,storybook_cn_v1,p068,16:9,,,,,,pending
p068_s15,68,15,點竄堯典舜典字，塗改清廟生民詩。,他連古代經典中的字句都仔細推敲，希望文章最合適。,,storybook_cn_v1,p068,16:9,,,,,,pending
p068_s16,68,16,文成破體書在紙，清晨再拜鋪丹墀。,完成文章後筆法打破常規，清晨恭敬把稿子呈到宮殿前。,,storybook_cn_v1,p068,16:9,,,,,,pending
p068_s17,68,17,表曰臣愈昧死上，詠神聖功書之碑。,奏表說自己冒死呈上，要用碑文歌頌皇帝平亂功績。,,storybook_cn_v1,p068,16:9,,,,,,pending
p068_s18,68,18,碑高三丈字如鬥，負以靈鰲蟠以螭。,碑高三丈，字大如斗，還雕著神獸和盤龍裝飾。,,storybook_cn_v1,p068,16:9,,,,,,pending
p068_s19,68,19,句奇語重喻者少，讒之天子言其私。,文章奇特有力，懂的人卻不多，後來有人向皇帝說它偏袒裴度。,,storybook_cn_v1,p068,16:9,,,,,,pending
p068_s20,68,20,長繩百尺拽碑倒，粗砂大石相磨治。,結果百尺長繩把碑拉倒，還用粗砂大石把文字磨掉。,,storybook_cn_v1,p068,16:9,,,,,,pending
p068_s21,68,21,公之斯文若元氣，先時已入人肝脾。,可是韓愈文章的力量像天地元氣，早已進入人們心裡，磨也磨不掉。,,storybook_cn_v1,p068,16:9,,,,,,pending
p068_s22,68,22,湯盤孔鼎有述作，今無其器存其辭。,古代很多器物雖已消失，文字記錄卻能留下，所以文章特別重要。,,storybook_cn_v1,p068,16:9,,,,,,pending
p068_s23,68,23,嗚呼聖王及聖相，相與烜赫流淳熙。,可惜英明皇帝和賢相共同建立的功業，本來應該長久流傳。,,storybook_cn_v1,p068,16:9,,,,,,pending
p068_s24,68,24,公之斯文不示後，曷與三五相攀追。,如果韓愈的碑文不能留給後世，又怎能和古代偉大功業相比？,,storybook_cn_v1,p068,16:9,,,,,,pending
p068_s25,68,25,願書萬本誦萬遍，口角流沫右手胝。,我真希望抄寫一萬本、讀上一萬遍，讀到嘴乾、手都磨出繭。,,storybook_cn_v1,p068,16:9,,,,,,pending
p068_s26,68,26,傳之七十有二代，以爲封禪玉檢明堂基。,再一代代傳下去，讓後人知道這段歷史，作為國家重要記錄。,,storybook_cn_v1,p068,16:9,,,,,,pending
p069_s01,69,1,開元二十六年，客有從御史大夫張公出塞而還者，作《燕歌行》以示適，感征戍之事，因而和焉。,高適說有朋友從邊塞回來寫了《燕歌行》，他想到守邊戰士的辛苦，因此也寫下這首詩。,,storybook_cn_v1,p069,16:9,,,,,,pending
p069_s02,69,2,漢家煙塵在東北，漢將辭家破殘賊。,東北邊境出現戰亂，將領離開家鄉帶兵出征。,,storybook_cn_v1,p069,16:9,,,,,,pending
p069_s03,69,3,男兒本自重橫行，天子非常賜顏色。,男子漢本想建立功業，皇帝也特別賞識、鼓勵他們。,,storybook_cn_v1,p069,16:9,,,,,,pending
p069_s04,69,4,摐金伐鼓下榆關，旌斾逶迤碣石間。,敲鑼打鼓出了榆關，長長軍旗一路延伸到碣石一帶。,,storybook_cn_v1,p069,16:9,,,,,,pending
p069_s05,69,5,校尉羽書飛瀚海，單于獵火照狼山。,緊急軍書飛過大漠，敵軍夜裡的火光照亮狼山。,,storybook_cn_v1,p069,16:9,,,,,,pending
p069_s06,69,6,山川蕭條極邊土，胡騎憑陵雜風雨。,邊地山河荒涼，敵軍騎兵趁勢衝來，像風雨一樣猛烈。,,storybook_cn_v1,p069,16:9,,,,,,pending
p069_s07,69,7,戰士軍前半死生，美人帳下猶歌舞。,前線士兵一半在生死間苦戰，將領帳中卻還有人唱歌跳舞。,,storybook_cn_v1,p069,16:9,,,,,,pending
p069_s08,69,8,大漠窮秋塞草腓，孤城落日鬬兵稀。,深秋大漠草都枯了，孤城夕陽下還在苦苦作戰。,,storybook_cn_v1,p069,16:9,,,,,,pending
p069_s09,69,9,身當恩遇恆輕敵，力盡關山未解圍。,將領因受皇恩常輕看敵人，士兵已用盡力氣，包圍仍沒有解除。,,storybook_cn_v1,p069,16:9,,,,,,pending
p069_s10,69,10,鐵衣遠戍辛勤久，玉筯應啼別離後。,穿鐵甲的士兵遠戍多年很辛苦，家中的妻子分別後也日日流淚。,,storybook_cn_v1,p069,16:9,,,,,,pending
p069_s11,69,11,少婦城南欲斷腸，征人薊北空回首。,城南少婦想念到心碎，北方征人也只能回頭望向家鄉方向。,,storybook_cn_v1,p069,16:9,,,,,,pending
p069_s12,69,12,邊庭飄颻那可度，絕域蒼茫更何有。,邊疆路途飄搖難走，極遠荒地更是什麼都看不到。,,storybook_cn_v1,p069,16:9,,,,,,pending
p069_s13,69,13,殺氣三時作陣雲，寒聲一夜傳刁斗。,白天殺氣像雲籠罩軍陣，夜裡只聽守軍報時器具的寒冷聲音。,,storybook_cn_v1,p069,16:9,,,,,,pending
p069_s14,69,14,相看白刃血紛紛，死節從來豈顧勳。,大家面對刀劍和鮮血，真正願為國家犧牲的人並不是為了獎賞功名。,,storybook_cn_v1,p069,16:9,,,,,,pending
p069_s15,69,15,君不見沙場征戰苦，至今猶憶李將軍。,你沒看見戰場有多苦嗎？所以人們到現在還懷念真正愛護士兵的李廣將軍。,,storybook_cn_v1,p069,16:9,,,,,,pending
p070_s01,70,1,白日登山望烽火，黃昏飲馬傍交河。,白天登山遠望烽火，黃昏到交河邊讓戰馬喝水。,,storybook_cn_v1,p070,16:9,,,,,,pending
p070_s02,70,2,行人刁斗風沙暗，公主琵琶幽怨多。,軍中報時聲在風沙裡響起，琵琶曲也帶著幽幽哀愁。,,storybook_cn_v1,p070,16:9,,,,,,pending
p070_s03,70,3,野雲萬里無城郭，雨雪紛紛連大漠。,荒野萬里看不到城郭，雨雪一直落在大漠上。,,storybook_cn_v1,p070,16:9,,,,,,pending
p070_s04,70,4,胡鴈哀鳴夜夜飛，胡兒眼淚雙雙落。,北方大雁夜夜悲鳴，連當地孩子都因戰亂流淚。,,storybook_cn_v1,p070,16:9,,,,,,pending
p070_s05,70,5,聞道玉門猶被遮，應將性命逐輕車。,聽說玉門關還封著不讓回去，士兵只好拿生命跟著軍隊奔走。,,storybook_cn_v1,p070,16:9,,,,,,pending
p070_s06,70,6,年年戰骨埋荒外，空見蒲桃入漢家。,年年都有戰士埋骨荒野，最後帶回中原的卻只是葡萄等物產。,,storybook_cn_v1,p070,16:9,,,,,,pending
p071_s01,71,1,洛陽女兒對門居，纔可容顏十五餘。,洛陽有位住在對門的女孩，大約才十五歲，容貌已很美麗。,,storybook_cn_v1,p071,16:9,,,,,,pending
p071_s02,71,2,良人玉勒乘驄馬，侍女金盤鱠鯉魚。,丈夫騎著配玉轡的青白馬，侍女用金盤送上切好的鮮魚。,,storybook_cn_v1,p071,16:9,,,,,,pending
p071_s03,71,3,畫閣朱樓盡相望，紅桃綠柳垂簷向。,她家畫樓紅閣彼此相望，紅桃綠柳都垂到屋簷旁。,,storybook_cn_v1,p071,16:9,,,,,,pending
p071_s04,71,4,羅幃送上七香車，寶扇迎歸九華帳。,出門有香車接送，回家有寶扇迎入華麗帳幕。,,storybook_cn_v1,p071,16:9,,,,,,pending
p071_s05,71,5,狂夫富貴在青春，意氣驕奢劇季倫。,年輕丈夫正富貴得意，生活豪奢得像古代大富豪。,,storybook_cn_v1,p071,16:9,,,,,,pending
p071_s06,71,6,自憐碧玉親教舞，不惜珊瑚持與人。,他親自教妻子跳舞，也不吝把珍貴珊瑚送人。,,storybook_cn_v1,p071,16:9,,,,,,pending
p071_s07,71,7,春窗曙滅九微火，九微片片飛花璅。,春晨窗前燈火熄滅，燈上裝飾像片片花瓣。,,storybook_cn_v1,p071,16:9,,,,,,pending
p071_s08,71,8,戲罷曾無理曲時，妝成秪是薰香坐。,玩樂完也沒有時間練習樂曲，梳妝後只是坐著薰香。,,storybook_cn_v1,p071,16:9,,,,,,pending
p071_s09,71,9,城中相識盡繁華，日夜經過趙李家。,城中認識的人全是富貴之家，日夜往來於權勢人家。,,storybook_cn_v1,p071,16:9,,,,,,pending
p071_s10,71,10,誰憐越女顏如玉，貧賤江頭自浣紗。,可又有誰會注意江邊那位同樣美麗、卻因貧窮只能自己洗紗的女子呢？,,storybook_cn_v1,p071,16:9,,,,,,pending
p072_s01,72,1,少年十五二十時，步行奪得胡馬騎。,他十五二十歲時就很勇敢，徒步也能奪下敵人的馬來騎。,,storybook_cn_v1,p072,16:9,,,,,,pending
p072_s02,72,2,射殺山中白額虎，肯數鄴下黃鬚兒。,能射死山中的猛虎，哪會把別的勇少年放在眼裡。,,storybook_cn_v1,p072,16:9,,,,,,pending
p072_s03,72,3,一身轉戰三千里，一劒曾當百萬師。,一個人轉戰三千里，一把劍也曾像能抵擋千軍萬馬。,,storybook_cn_v1,p072,16:9,,,,,,pending
p072_s04,72,4,漢兵奮迅如霹靂，虜騎崩騰畏蒺藜。,朝廷軍隊出擊快如雷電，敵方騎兵遇上也大亂退縮。,,storybook_cn_v1,p072,16:9,,,,,,pending
p072_s05,72,5,衞青不敗由天幸，李廣無功緣數奇。,有些將軍常勝有運氣幫助，有些勇將沒功勞卻只是命運不好。,,storybook_cn_v1,p072,16:9,,,,,,pending
p072_s06,72,6,自從棄置便衰朽，世事磋跎成白首。,自從被棄用後，他慢慢衰老，歲月蹉跎直到滿頭白髮。,,storybook_cn_v1,p072,16:9,,,,,,pending
p072_s07,72,7,昔時飛箭無全目，今日垂楊生左肘。,以前射箭本領極高，如今手臂老病，連身體都不如從前。,,storybook_cn_v1,p072,16:9,,,,,,pending
p072_s08,72,8,路傍時賣故侯瓜，門前學種先生柳。,他有時在路旁賣瓜，也在門前種柳，過著平凡生活。,,storybook_cn_v1,p072,16:9,,,,,,pending
p072_s09,72,9,蒼茫古木連窮巷，寥落寒山對虛牖。,古樹和窮巷連在一起，寒山對著空空窗戶，住處很冷清。,,storybook_cn_v1,p072,16:9,,,,,,pending
p072_s10,72,10,誓令疏勒出飛泉，不似潁川空使酒。,他仍有志氣，希望像古代守將一樣建立功勞，不願只靠喝酒解悶。,,storybook_cn_v1,p072,16:9,,,,,,pending
p072_s11,72,11,賀蘭山下陣如雲，羽檄交馳日夕聞。,賀蘭山下軍情緊急，軍書日夜奔來奔去。,,storybook_cn_v1,p072,16:9,,,,,,pending
p072_s12,72,12,節使三河募年少，詔書五道出將軍。,地方長官正在招募年輕勇士，皇帝也從各路派出將軍。,,storybook_cn_v1,p072,16:9,,,,,,pending
p072_s13,72,13,試拂鐵衣如雪色，聊持寶劒動星文。,老將擦去鐵甲上的灰塵，甲光亮得像雪，又重新拿起寶劍。,,storybook_cn_v1,p072,16:9,,,,,,pending
p072_s14,72,14,願得燕弓射天將，恥令越甲鳴吳軍。,他仍願拉弓射敵方大將，不願讓自己的軍隊受到羞辱。,,storybook_cn_v1,p072,16:9,,,,,,pending
p072_s15,72,15,莫嫌舊日雲中守，猶堪一戰取功勳。,別嫌他只是以前的老守將，他仍有能力再打一仗、建立功勳。,,storybook_cn_v1,p072,16:9,,,,,,pending
p073_s01,73,1,漁舟逐水愛山春，兩岸桃花夾去津。,漁船順水前行，喜愛春天山景，兩岸桃花一路夾著渡口。,,storybook_cn_v1,p073,16:9,,,,,,pending
p073_s02,73,2,坐看紅樹不知遠，行盡青溪不見人。,看著紅花忘了走多遠，沿青溪走到盡頭也見不到人。,,storybook_cn_v1,p073,16:9,,,,,,pending
p073_s03,73,3,山口潛行始隈隩，山開曠望旋平陸。,悄悄進入狹窄山口後，山勢忽然打開，眼前出現平坦土地。,,storybook_cn_v1,p073,16:9,,,,,,pending
p073_s04,73,4,遙看一處攢雲樹，近入千家散花竹。,遠看有樹木聚在雲下，走近才看見許多人家散在花竹之間。,,storybook_cn_v1,p073,16:9,,,,,,pending
p073_s05,73,5,樵客初傳漢姓名，居人未改秦衣服。,樵夫第一次聽到外面還有漢朝後的朝代，村人衣著卻像還停在秦代。,,storybook_cn_v1,p073,16:9,,,,,,pending
p073_s06,73,6,居人共住武陵源，還從物外起田園。,大家共同住在武陵源裡，和外界隔開，在這裡開田生活。,,storybook_cn_v1,p073,16:9,,,,,,pending
p073_s07,73,7,月明松下房櫳靜，日出雲中雞犬喧。,月光下松樹旁房屋安靜，太陽升起時雲中傳來雞犬聲。,,storybook_cn_v1,p073,16:9,,,,,,pending
p073_s08,73,8,驚聞俗客爭來集，競引還家問都邑。,村人驚訝有外客來，全都聚來，把他帶回家問外面的世界。,,storybook_cn_v1,p073,16:9,,,,,,pending
p073_s09,73,9,平明閭巷埽花開，薄暮漁樵乘水入。,清晨巷子掃得乾淨花朵盛開，傍晚漁人樵夫又沿水回村。,,storybook_cn_v1,p073,16:9,,,,,,pending
p073_s10,73,10,初因避地去人間，及至成仙遂不還。,祖先當初為躲戰亂離開人世，到了這裡就再也沒有回去。,,storybook_cn_v1,p073,16:9,,,,,,pending
p073_s11,73,11,峽裏誰知有人事，世中遙望空雲山。,山峽裡的人不知道外面發生什麼，外面的人也只望見雲山。,,storybook_cn_v1,p073,16:9,,,,,,pending
p073_s12,73,12,不疑靈境難聞見，塵心未盡思鄉縣。,漁人知道這仙境很難再見，可心裡仍沒有完全放下故鄉。,,storybook_cn_v1,p073,16:9,,,,,,pending
p073_s13,73,13,出洞無論隔山水，辭家終擬長游衍。,出了洞口後不管隔多少山水，他本來還想有機會再回來遊玩。,,storybook_cn_v1,p073,16:9,,,,,,pending
p073_s14,73,14,自謂經過舊不迷，安知峰壑今來變。,他以為走過的路不會忘，沒想到再來時山峰溪谷都像變了。,,storybook_cn_v1,p073,16:9,,,,,,pending
p073_s15,73,15,當時只記入山深，青溪幾曲到雲林。,當時只記得進山很深，青溪彎了好幾道才進到雲林。,,storybook_cn_v1,p073,16:9,,,,,,pending
p073_s16,73,16,春來遍是桃花水，不辨仙源何處尋。,等到春天滿溪都是桃花水，卻再也分不清仙境入口在哪裡。,,storybook_cn_v1,p073,16:9,,,,,,pending
p074_s01,74,1,噫吁嚱！危乎高哉！,唉呀！這山路實在太高、太危險了！,,storybook_cn_v1,p074,16:9,,,,,,pending
p074_s02,74,2,蜀道之難，難於上青天！,通往蜀地的道路，比登上青天還困難！,,storybook_cn_v1,p074,16:9,,,,,,pending
p074_s03,74,3,蠶叢及魚鳧，開國何茫然！,從蠶叢、魚鳧那些古代蜀王開始，蜀國歷史已久遠得難以說清。,,storybook_cn_v1,p074,16:9,,,,,,pending
p074_s04,74,4,爾來四萬八千歲，不與秦塞通人煙。,好幾萬年來，蜀地和秦地之間都很少有人能往來。,,storybook_cn_v1,p074,16:9,,,,,,pending
p074_s05,74,5,西當太白有鳥道，可以橫絶峨眉巔。,西邊太白山只有鳥飛的小路，似乎能越過峨眉山頂。,,storybook_cn_v1,p074,16:9,,,,,,pending
p074_s06,74,6,地崩山摧壯士死，然後天梯石棧相鉤連。,後來山崩地裂，才逐漸有了像天梯般的山路和架在崖邊的棧道。,,storybook_cn_v1,p074,16:9,,,,,,pending
p074_s07,74,7,上有六龍回日之高標，,上面山峰高到像能擋住太陽神的車子，,,storybook_cn_v1,p074,16:9,,,,,,pending
p074_s08,74,8,下有衝波逆折之回川。,下面則有急流撞山後轉彎奔騰。,,storybook_cn_v1,p074,16:9,,,,,,pending
p074_s09,74,9,黃鶴之飛尚不得過，猿猱欲度愁攀援。,連高飛的黃鶴都難過，猿猴想通過也要為攀爬發愁。,,storybook_cn_v1,p074,16:9,,,,,,pending
p074_s10,74,10,青泥何盤盤！百步九折縈巖巒。,青泥嶺彎彎曲曲，走一百步就要繞九個彎。,,storybook_cn_v1,p074,16:9,,,,,,pending
p074_s11,74,11,捫參歷井仰脅息，以手撫膺坐長歎。,人像伸手就能摸到星星，只能屏住呼吸、摸著胸口坐下嘆氣。,,storybook_cn_v1,p074,16:9,,,,,,pending
p074_s12,74,12,問君西遊何時還？畏途巉巖不可攀。,朋友啊，你向西走到底什麼時候回來？前面山路太險，幾乎爬不上去。,,storybook_cn_v1,p074,16:9,,,,,,pending
p074_s13,74,13,但見悲鳥號古木，雄飛雌從繞林間。,只見悲鳥在古樹間鳴叫，公鳥母鳥成對繞著森林飛。,,storybook_cn_v1,p074,16:9,,,,,,pending
p074_s14,74,14,又聞子規啼夜月，愁空山。,又聽見杜鵑在月夜啼叫，聲音讓空山更顯憂愁。,,storybook_cn_v1,p074,16:9,,,,,,pending
p074_s15,74,15,蜀道之難，難於上青天，,蜀道真的太難走了，比登天還難，,,storybook_cn_v1,p074,16:9,,,,,,pending
p074_s16,74,16,使人聽此凋朱顏！,光聽人說這些危險，就足以讓臉色都變了。,,storybook_cn_v1,p074,16:9,,,,,,pending
p074_s17,74,17,連峯去天不盈尺，枯松倒挂倚絶壁。,一座座山峰離天空近得像不到一尺，枯松倒掛在懸崖絕壁。,,storybook_cn_v1,p074,16:9,,,,,,pending
p074_s18,74,18,飛湍瀑流爭喧豗，砯崖轉石萬壑雷。,急流瀑布互相怒吼，水擊山崖、石頭滾落，像萬座山谷一起打雷。,,storybook_cn_v1,p074,16:9,,,,,,pending
p074_s19,74,19,其險也若此，嗟爾遠道之人胡爲乎來哉？,既然這裡這麼危險，遠方來的人啊，你為什麼還要到這裡？,,storybook_cn_v1,p074,16:9,,,,,,pending
p074_s20,74,20,劍閣崢嶸而崔嵬，一夫當關，萬夫莫開。,劍閣高大險峻，一個人守住關口，就能擋住一萬人。,,storybook_cn_v1,p074,16:9,,,,,,pending
p074_s21,74,21,所守或匪親，化爲狼與豺。,如果守關的人不是可信的人，危險時甚至可能變成豺狼般的敵人。,,storybook_cn_v1,p074,16:9,,,,,,pending
p074_s22,74,22,朝避猛虎，夕避長蛇。,早上要躲猛虎，晚上又要防長蛇。,,storybook_cn_v1,p074,16:9,,,,,,pending
p074_s23,74,23,磨牙吮血，殺人如麻。,那些危險勢力像猛獸磨牙吸血，殺人多得可怕。,,storybook_cn_v1,p074,16:9,,,,,,pending
p074_s24,74,24,錦城雖云樂，不如早還家。,成都雖然是快樂繁華的地方，還是早點回家比較安全。,,storybook_cn_v1,p074,16:9,,,,,,pending
p074_s25,74,25,蜀道之難，難於上青天，,蜀道真的太難走了，比登上青天還困難，,,storybook_cn_v1,p074,16:9,,,,,,pending
p074_s26,74,26,側身西望長咨嗟！,我只能側身向西遠望，一再長長嘆氣。,,storybook_cn_v1,p074,16:9,,,,,,pending
p075_s01,75,1,長相思，在長安，絡緯秋啼金井闌，微霜淒淒簟色寒。,我一直深深思念遠在長安的人；秋蟲在井欄旁鳴叫，微霜讓竹席也變得寒冷。,,storybook_cn_v1,p075,16:9,,,,,,pending
p075_s02,75,2,孤燈不明思欲絕，卷帷望月空長歎，美人如花隔雲端。,孤燈昏暗，我想念得快受不了，只能捲起簾子望月長嘆；想念的人像花一樣美，卻遠隔雲端。,,storybook_cn_v1,p075,16:9,,,,,,pending
p075_s03,75,3,上有青冥之長天，下有淥水之波瀾。,上面是無邊青天，下面是綠水波浪。,,storybook_cn_v1,p075,16:9,,,,,,pending
p075_s04,75,4,天長路遠魂飛苦，夢魂不到關山難。,天空長、道路遠，連夢魂想飛去都很辛苦，關山重重讓夢也到不了。,,storybook_cn_v1,p075,16:9,,,,,,pending
p075_s05,75,5,長相思，摧心肝！,這麼長久的思念，真讓人心都痛了。,,storybook_cn_v1,p075,16:9,,,,,,pending
p076_s01,76,1,日色欲盡花含煙，月明如素愁不眠。,夕陽快落下，花間像罩著煙霧；月光潔白，我卻憂愁得睡不著。,,storybook_cn_v1,p076,16:9,,,,,,pending
p076_s02,76,2,趙瑟初停鳳凰柱，蜀琴欲奏鴛鴦弦。,剛停下趙地的瑟，又想拿蜀琴彈奏象徵成雙的琴弦。,,storybook_cn_v1,p076,16:9,,,,,,pending
p076_s03,76,3,此曲有意無人傳，願隨春風寄燕然，憶君迢迢隔青天。,這首曲子裡的心意沒有人替我傳，我希望它隨春風吹到遠方，因為你離我像隔著整片青天。,,storybook_cn_v1,p076,16:9,,,,,,pending
p076_s04,76,4,昔日橫波目，今成流淚泉。,以前我的眼睛明亮動人，如今卻整天變成流淚的泉水。,,storybook_cn_v1,p076,16:9,,,,,,pending
p076_s05,76,5,不信妾腸斷，歸來看取明鏡前。,如果你不相信我有多麼想你，回來看看鏡子前憔悴的我就知道了。,,storybook_cn_v1,p076,16:9,,,,,,pending
p077_s01,77,1,金樽清酒斗十千，玉盤珍羞直萬錢。,金杯裡盛著昂貴好酒，玉盤中放著珍貴佳餚。,,storybook_cn_v1,p077,16:9,,,,,,pending
p077_s02,77,2,停杯投筯不能食，拔劍四顧心茫然。,可是我放下酒杯和筷子吃不下，拔劍四望，心裡一片迷茫。,,storybook_cn_v1,p077,16:9,,,,,,pending
p077_s03,77,3,欲渡黃河冰塞川，將登太行雪满山。,想渡黃河卻被冰塞住，想登太行山又被大雪封住。,,storybook_cn_v1,p077,16:9,,,,,,pending
p077_s04,77,4,閒來垂釣碧溪上，忽復乘舟夢日邊。,我想起姜太公曾在溪邊垂釣、伊尹也曾夢見乘船到日邊，人才總有被重用的一天。,,storybook_cn_v1,p077,16:9,,,,,,pending
p077_s05,77,5,行路難！行路難！多岐路，今安在？,人生道路真難啊！岔路這麼多，我現在到底該往哪裡走？,,storybook_cn_v1,p077,16:9,,,,,,pending
p077_s06,77,6,長風破浪會有時，直挂雲帆濟滄海。,但總有一天我會乘長風破萬里浪，掛起高帆渡過大海。,,storybook_cn_v1,p077,16:9,,,,,,pending
p078_s01,78,1,君不見，黃河之水天上來，奔流到海不復回！,你沒看見黃河水像從天上奔來，一路流進大海，再也不回頭嗎？,,storybook_cn_v1,p078,16:9,,,,,,pending
p078_s02,78,2,君不見，高堂明鏡悲白髮，朝如青絲暮成雪！,你沒看見人照鏡子為白髮難過，早上還像黑絲，轉眼就像白雪嗎？,,storybook_cn_v1,p078,16:9,,,,,,pending
p078_s03,78,3,人生得意須盡歡，莫使金樽空對月。,人生得意時就該好好珍惜快樂，不要讓酒杯空空對著明月。,,storybook_cn_v1,p078,16:9,,,,,,pending
p078_s04,78,4,天生我材必有用，千金散盡還復來。,老天既然讓我有才能，就一定有用處；錢花完了，以後還能再得到。,,storybook_cn_v1,p078,16:9,,,,,,pending
p078_s05,78,5,烹羊宰牛且爲樂，會須一飲三百杯。,今天煮羊宰牛一起歡樂，真想痛快喝上好多杯。,,storybook_cn_v1,p078,16:9,,,,,,pending
p078_s06,78,6,岑夫子，丹丘生。將進酒，君莫停。,岑夫子、丹丘生，來吧，繼續喝酒，不要停下來。,,storybook_cn_v1,p078,16:9,,,,,,pending
p078_s07,78,7,與君歌一曲，請君爲我傾耳聽。,我要為你們唱一首歌，請仔細聽我說。,,storybook_cn_v1,p078,16:9,,,,,,pending
p078_s08,78,8,鐘鼓饌玉不足貴，但願長醉不復醒。,鐘鼓、美食和富貴不算最珍貴，我只想暫時忘掉煩惱，不願醒來。,,storybook_cn_v1,p078,16:9,,,,,,pending
p078_s09,78,9,古來聖賢皆寂寞，惟有飲者留其名。,古來許多聰明賢人都感到寂寞，反而那些豪飲的人留下不少傳說。,,storybook_cn_v1,p078,16:9,,,,,,pending
p078_s10,78,10,陳王昔時宴平樂，斗酒十千恣歡謔。,從前陳王在平樂觀宴飲，一斗酒再貴也照樣痛快歡笑。,,storybook_cn_v1,p078,16:9,,,,,,pending
p078_s11,78,11,主人何為言少錢？徑須沽取對君酌。,主人為什麼說錢不夠？只管去買酒，大家繼續一起喝。,,storybook_cn_v1,p078,16:9,,,,,,pending
p078_s12,78,12,五花馬，千金裘。,就算是漂亮名馬和昂貴皮衣，,,storybook_cn_v1,p078,16:9,,,,,,pending
p078_s13,78,13,呼兒將出換美酒，與爾同銷萬古愁。,也叫孩子拿去換成美酒，讓我們一起消去像從古到今都存在的愁。,,storybook_cn_v1,p078,16:9,,,,,,pending
p079_s01,79,1,車轔轔，馬蕭蕭，行人弓箭各在腰，,戰車隆隆、馬匹嘶叫，出征的人腰間都帶著弓箭。,,storybook_cn_v1,p079,16:9,,,,,,pending
p079_s02,79,2,爺娘妻子走相送，塵埃不見咸陽橋。,父母、妻子和孩子一路跑來送行，揚起的灰塵甚至遮住咸陽橋。,,storybook_cn_v1,p079,16:9,,,,,,pending
p079_s03,79,3,牽衣頓足攔道哭，哭聲直上干雲霄。,家人拉著衣服、跺腳攔路哭喊，哭聲像直衝天空。,,storybook_cn_v1,p079,16:9,,,,,,pending
p079_s04,79,4,道旁過者問行人，行人但云點行頻。,路旁有人問士兵怎麼回事，士兵只說徵兵實在太頻繁了。,,storybook_cn_v1,p079,16:9,,,,,,pending
p079_s05,79,5,或從十五北防河，便至四十西營田。,有人十五歲就去北方守河，到四十歲還被派到西邊屯田。,,storybook_cn_v1,p079,16:9,,,,,,pending
p079_s06,79,6,去時里正與裹頭，歸來頭白還戍邊。,出發時還是少年，村官替他包頭，回來頭都白了仍要再去守邊。,,storybook_cn_v1,p079,16:9,,,,,,pending
p079_s07,79,7,邊庭流血成海水，武皇開邊意未已。,邊疆流的血多得像海水，皇帝想向外擴張的念頭卻還沒停止。,,storybook_cn_v1,p079,16:9,,,,,,pending
p079_s08,79,8,君不聞漢家山東二百州，千村萬落生荊杞。,你沒聽說中原兩百多州，很多村落因沒人耕種都長滿野草嗎？,,storybook_cn_v1,p079,16:9,,,,,,pending
p079_s09,79,9,縱有健婦把鋤犁，禾生隴畝無東西。,即使有強壯婦女拿著鋤犁耕田，莊稼也亂長得不成行列。,,storybook_cn_v1,p079,16:9,,,,,,pending
p079_s10,79,10,況復秦兵耐苦戰，被驅不異犬與雞。,更何況秦地士兵最能吃苦作戰，被趕來趕去卻像雞狗一樣沒有選擇。,,storybook_cn_v1,p079,16:9,,,,,,pending
p079_s11,79,11,長者雖有問，役夫敢伸恨？,您雖然關心地問，我們這些服役的人又哪敢把怨恨說出來？,,storybook_cn_v1,p079,16:9,,,,,,pending
p079_s12,79,12,且如今年冬，未休關西卒。,像今年冬天，關西士兵到現在還不能回家休息。,,storybook_cn_v1,p079,16:9,,,,,,pending
p079_s13,79,13,縣官急索租，租稅從何出？,官府又急著催收租稅，可家裡沒人種田，要從哪裡拿錢糧？,,storybook_cn_v1,p079,16:9,,,,,,pending
p079_s14,79,14,信知生男惡，反是生女好；,在這種情況下，人們竟覺得生男孩反而辛苦，生女孩還比較好。,,storybook_cn_v1,p079,16:9,,,,,,pending
p079_s15,79,15,生女猶得嫁比鄰，生男埋沒隨百草。,女兒長大還能嫁在附近，兒子卻可能死在戰場埋進荒草。,,storybook_cn_v1,p079,16:9,,,,,,pending
p079_s16,79,16,君不見青海頭，古來白骨無人收，,你沒看見青海湖邊嗎？從古到今多少白骨都沒有人收葬，,,storybook_cn_v1,p079,16:9,,,,,,pending
p079_s17,79,17,新鬼煩冤舊鬼哭，天陰雨濕聲啾啾！,新死的人含冤，舊鬼也在哭，陰雨潮濕的日子彷彿到處都是悲鳴聲。,,storybook_cn_v1,p079,16:9,,,,,,pending
p080_s01,80,1,三月三日天氣新，長安水邊多麗人。,三月三日天氣清新，長安水邊聚集許多打扮華麗的女子。,,storybook_cn_v1,p080,16:9,,,,,,pending
p080_s02,80,2,態濃意遠淑且真，肌理細膩骨肉勻。,她們姿態優雅、神情端莊，皮膚細緻，身形勻稱。,,storybook_cn_v1,p080,16:9,,,,,,pending
p080_s03,80,3,繡羅衣裳照暮春，蹙金孔雀銀麒麟。,繡花絲衣在暮春陽光下閃亮，上面有金孔雀和銀麒麟圖案。,,storybook_cn_v1,p080,16:9,,,,,,pending
p080_s04,80,4,頭上何所有？翠微盍葉垂鬢脣。,她們頭上戴著翠綠華麗頭飾，垂在鬢邊。,,storybook_cn_v1,p080,16:9,,,,,,pending
p080_s05,80,5,背後何所見？珠壓腰衱穩稱身。,背後又可看見珠飾壓著衣襟，穿戴得十分合身。,,storybook_cn_v1,p080,16:9,,,,,,pending
p080_s06,80,6,就中雲幕椒房親，賜名大國虢與秦。,其中最受注目的，是和皇宮有親戚關係的虢國夫人、秦國夫人等人。,,storybook_cn_v1,p080,16:9,,,,,,pending
p080_s07,80,7,紫駝之峯出翠釜，水精之盤行素鱗。,宴席上端出珍貴駝峰，用翠色鍋具烹煮，又用水晶盤盛鮮魚。,,storybook_cn_v1,p080,16:9,,,,,,pending
p080_s08,80,8,犀箸厭飫久未下，鸞刀縷切空紛綸。,她們早已吃膩美食，拿著犀角筷子也久久不下筷，廚師仍不停細切菜餚。,,storybook_cn_v1,p080,16:9,,,,,,pending
p080_s09,80,9,黃門飛鞚不動塵，御廚絡繹送八珍。,宮中使者飛馬送菜卻幾乎不起塵土，御廚一道又一道送來珍饈。,,storybook_cn_v1,p080,16:9,,,,,,pending
p080_s10,80,10,簫鼓哀吟感鬼神，賓從雜遝實要津。,簫鼓音樂響得動人，賓客隨從擠滿道路，全是有權勢的人物。,,storybook_cn_v1,p080,16:9,,,,,,pending
p080_s11,80,11,後來鞍馬何逡巡，當軒下馬入錦茵。,後來又有一隊車馬慢慢來到，主人在門前下馬走上錦毯。,,storybook_cn_v1,p080,16:9,,,,,,pending
p080_s12,80,12,楊花雪落覆白蘋，青鳥飛去銜紅巾。,楊花像雪落在水草上，傳信的青鳥似乎又銜著紅巾飛去。,,storybook_cn_v1,p080,16:9,,,,,,pending
p080_s13,80,13,炙手可熱勢絕倫，慎莫近前丞相嗔。,這家人的權勢熱得像火、無人能比，最好別靠太近，免得惹丞相生氣。,,storybook_cn_v1,p080,16:9,,,,,,pending
p081_s01,81,1,少陵野老吞聲哭，春日潛行曲江曲。,我這個住在少陵的老人忍著哭聲，在春天偷偷走到曲江邊。,,storybook_cn_v1,p081,16:9,,,,,,pending
p081_s02,81,2,江頭宮殿鎖千門，細柳新蒲爲誰綠？,江邊宮殿千門緊鎖，新柳嫩蒲依舊變綠，卻不知道是為誰而美。,,storybook_cn_v1,p081,16:9,,,,,,pending
p081_s03,81,3,憶昔霓旌下南苑，苑中萬物生顏色。,想起從前皇帝儀仗來到南苑，整個園子都因熱鬧而像有了光彩。,,storybook_cn_v1,p081,16:9,,,,,,pending
p081_s04,81,4,昭陽殿裏第一人，同輦隨君侍君側。,宮中最受寵愛的女子陪在皇帝身邊，還能和他同坐車輦。,,storybook_cn_v1,p081,16:9,,,,,,pending
p081_s05,81,5,輦前才人帶弓箭，白馬嚼齧黃金勒。,車前的宮女帶著弓箭，白馬咬著金色馬勒。,,storybook_cn_v1,p081,16:9,,,,,,pending
p081_s06,81,6,翻身向天仰射雲，一笑正墜雙飛翼。,她翻身向天空射箭，一笑之間就射下成雙飛鳥。,,storybook_cn_v1,p081,16:9,,,,,,pending
p081_s07,81,7,明眸皓齒今何在？血污遊魂歸不得。,那雙明亮眼睛和潔白牙齒如今在哪裡？她死於亂世，連魂也像無處可歸。,,storybook_cn_v1,p081,16:9,,,,,,pending
p081_s08,81,8,清渭東流劍閣深，去住彼此無消息。,渭水向東流，皇帝遠到劍閣，留下的人和離去的人彼此沒有消息。,,storybook_cn_v1,p081,16:9,,,,,,pending
p081_s09,81,9,人生有情淚沾臆，江水江花豈終極！,人有感情，所以眼淚會沾濕胸前；江水和江花卻還是年年不停。,,storybook_cn_v1,p081,16:9,,,,,,pending
p081_s10,81,10,黃昏胡騎塵滿城，欲往城南望城北。,黃昏敵軍騎兵揚起滿城塵土，我慌亂得想往城南，卻望向了城北。,,storybook_cn_v1,p081,16:9,,,,,,pending
p082_s01,82,1,長安城頭頭白烏，夜飛延秋門上呼。,長安城頭有白頭烏鴉，夜裡飛到延秋門不停鳴叫。,,storybook_cn_v1,p082,16:9,,,,,,pending
p082_s02,82,2,又向人家啄大屋，屋底達官走避胡。,牠又飛到人家屋上啄著大屋，屋下高官正逃避敵軍。,,storybook_cn_v1,p082,16:9,,,,,,pending
p082_s03,82,3,金鞭斷折九馬死，骨肉不待同馳驅。,逃難時金鞭折斷、好幾匹馬倒下，親人甚至來不及一起走。,,storybook_cn_v1,p082,16:9,,,,,,pending
p082_s04,82,4,腰下寶玦青珊瑚，可憐王孫泣路隅。,一位王孫腰上還掛著寶玉和青珊瑚，卻只能在路邊哭泣。,,storybook_cn_v1,p082,16:9,,,,,,pending
p082_s05,82,5,問之不肯道姓名，但道困苦乞爲奴。,問他姓名他不肯說，只說自己太困苦，寧願求人收作奴僕。,,storybook_cn_v1,p082,16:9,,,,,,pending
p082_s06,82,6,已經百日竄荊棘，身上無有完肌膚。,他已在荊棘間躲了一百多天，身上到處都是傷。,,storybook_cn_v1,p082,16:9,,,,,,pending
p082_s07,82,7,高帝子孫盡隆準，龍種自與常人殊。,皇族子孫外貌有自己的特徵，本來一眼就容易被認出。,,storybook_cn_v1,p082,16:9,,,,,,pending
p082_s08,82,8,豺狼在邑龍在野，王孫善保千金軀。,如今壞人占著城市、皇族流落野外，請你一定保護好自己的性命。,,storybook_cn_v1,p082,16:9,,,,,,pending
p082_s09,82,9,不敢長語臨交衢，且爲王孫立斯須。,我不敢在大路邊和你說太久，只能暫時陪你站一會兒。,,storybook_cn_v1,p082,16:9,,,,,,pending
p082_s10,82,10,昨夜東風吹血腥，東來橐駝滿舊都。,昨夜東風吹來血腥味，東方又有許多駱駝進入舊都。,,storybook_cn_v1,p082,16:9,,,,,,pending
p082_s11,82,11,朔方健兒好身手，昔何勇銳今何愚。,北方軍隊本來很能作戰，從前那麼勇猛，如今怎會陷入這樣局面？,,storybook_cn_v1,p082,16:9,,,,,,pending
p082_s12,82,12,竊聞天子已傳位，聖德北服南單于。,聽說皇帝已傳位，新君也得到許多人的支持。,,storybook_cn_v1,p082,16:9,,,,,,pending
p082_s13,82,13,花門剺面請雪恥，愼勿出口他人狙。,援軍甚至願意割面表示決心，要替國家雪恥，但這消息別隨便說出去。,,storybook_cn_v1,p082,16:9,,,,,,pending
p082_s14,82,14,哀哉王孫愼勿疏，五陵佳氣無時無。,可憐的王孫啊，千萬不要放棄，希望長安終究會重新出現好氣象。,,storybook_cn_v1,p082,16:9,,,,,,pending
p083_s01,83,1,夫子何爲者，棲棲一代中。,孔子一生到底在忙些什麼呢？他為理想四處奔走，總不得安定。,,storybook_cn_v1,p083,16:9,,,,,,pending
p083_s02,83,2,地猶鄹氏邑，宅即魯王宮。,這裡仍是他家鄉鄹邑，後來他的住宅也成了紀念他的地方。,,storybook_cn_v1,p083,16:9,,,,,,pending
p083_s03,83,3,嘆鳳嗟身否，傷麟怨道窮。,他曾感嘆理想難實現，又因麒麟之死感到自己的道路走到盡頭。,,storybook_cn_v1,p083,16:9,,,,,,pending
p083_s04,83,4,今看兩楹奠，當與夢時同。,如今人們在堂前祭拜他，大概就像他生前夢見受到尊重的情景。,,storybook_cn_v1,p083,16:9,,,,,,pending
p084_s01,84,1,海上生明月，天涯共此時。,明月從海面升起，遠在天涯的人此刻也能看見同一輪月亮。,,storybook_cn_v1,p084,16:9,,,,,,pending
p084_s02,84,2,情人怨遙夜，竟夕起相思。,有情的人覺得長夜太漫長，整個晚上都在想念遠方的人。,,storybook_cn_v1,p084,16:9,,,,,,pending
p084_s03,84,3,滅燭憐光滿，披衣覺露滋。,吹熄蠟燭後更覺得月光滿屋，披衣走出來才發現露水已很重。,,storybook_cn_v1,p084,16:9,,,,,,pending
p084_s04,84,4,不堪盈手贈，還寢夢佳期。,月光沒辦法用手捧起來送給你，只好回去睡，希望夢裡能相見。,,storybook_cn_v1,p084,16:9,,,,,,pending
p085_s01,85,1,城闕輔三秦，風煙望五津。,長安城有三秦大地環繞，遠望蜀地渡口只見風煙迷濛。,,storybook_cn_v1,p085,16:9,,,,,,pending
p085_s02,85,2,與君離別意，同是宦遊人。,我和你都有離別的感受，因為我們都是離鄉做官的人。,,storybook_cn_v1,p085,16:9,,,,,,pending
p085_s03,85,3,海內存知己，天涯若比隣。,只要天下有真正懂你的朋友，就算在天涯也像住在隔壁一樣近。,,storybook_cn_v1,p085,16:9,,,,,,pending
p085_s04,85,4,無爲在岐路，兒女共霑巾。,所以在分岔路口不要像小孩子一樣哭得手帕都濕了。,,storybook_cn_v1,p085,16:9,,,,,,pending
p086_s01,86,1,余禁所禁垣西，是法廳事也。有古槐數株焉，雖生意可知，同殷仲文之古樹，而聽訟斯在，即周召伯之甘棠。每至夕照低陰，秋蟬疏引，發聲幽息，有切嘗聞；豈人心異於曩時，將蟲響悲於前聽？嗟乎！聲以動容，德以象賢，故潔其身也，稟君子達人之高行；蛻其皮也，有仙都羽化之靈姿。候時而來，順陰陽之數；應節為變，審藏用之機。有目斯開，不以道昏而昧其視；有翼自薄，不以俗厚而易其真。吟喬樹之微風，韻資天縱；飲高秋之墜露，清畏人知。僕失路艱虞，遭時徽纆，不哀傷而自怨，未搖落而先衰。聞蟪蛄之流聲，悟平反之已奏；見螳螂之抱影，怯危機之未安。感而綴詩，貽諸知己。庶情沿物應，哀弱羽之飄零；道寄人知，憫餘聲之寂寞。非謂文墨，取代幽憂云爾。,駱賓王先說自己在獄中聽見秋蟬，想到蟬高潔、飲露、順時而變的形象，也想到自己受困卻希望有人了解清白，因此寫下這首詩。,,storybook_cn_v1,p086,16:9,,,,,,pending
p086_s02,86,2,,,,storybook_cn_v1,p086,16:9,,,,,,pending
p086_s03,86,3,西陸蟬聲唱，南冠客思深。,秋天蟬聲響起，我這個被囚的人聽了更想念自由和家鄉。,,storybook_cn_v1,p086,16:9,,,,,,pending
p086_s04,86,4,那堪玄鬢影，來對白頭吟。,我已滿頭白髮，怎忍心再看著蟬烏黑的翅膀，聽牠不停鳴叫。,,storybook_cn_v1,p086,16:9,,,,,,pending
p086_s05,86,5,露重飛難進，風多響易沉。,露水太重，蟬難以高飛；風又太多，牠的叫聲很容易被吹散。,,storybook_cn_v1,p086,16:9,,,,,,pending
p086_s06,86,6,無人信高潔，誰爲表予心。,沒有人相信我像蟬一樣清白高潔，又有誰能替我說出真心呢？,,storybook_cn_v1,p086,16:9,,,,,,pending
p087_s01,87,1,獨有宦遊人，偏驚物候新。,只有離鄉在外做官的人，對春天剛到的變化特別敏感。,,storybook_cn_v1,p087,16:9,,,,,,pending
p087_s02,87,2,雲霞出海曙，梅柳渡江春。,清晨雲霞從海上升起，梅花和柳樹也把春意帶過江來。,,storybook_cn_v1,p087,16:9,,,,,,pending
p087_s03,87,3,淑氣催黃鳥，晴光轉綠蘋。,溫暖氣息催黃鳥鳴叫，晴光照著水面綠色浮萍。,,storybook_cn_v1,p087,16:9,,,,,,pending
p087_s04,87,4,忽聞歌古調，歸思欲沾巾。,忽然聽見朋友唱起古老曲調，我想家的心情湧上來，眼淚都快掉下來。,,storybook_cn_v1,p087,16:9,,,,,,pending
p088_s01,88,1,聞道黃龍戍，頻年不解兵。,聽說黃龍一帶長年駐軍，好多年都沒有停止戰事。,,storybook_cn_v1,p088,16:9,,,,,,pending
p088_s02,88,2,可憐閨裡月，長在漢家營。,可憐家中閨房裡看到的月亮，也總照著遙遠軍營。,,storybook_cn_v1,p088,16:9,,,,,,pending
p088_s03,88,3,少婦今春意，良人昨夜情。,年輕妻子今年春天又在想丈夫，丈夫昨夜大概也在思念她。,,storybook_cn_v1,p088,16:9,,,,,,pending
p088_s04,88,4,誰能將旗鼓，一為取龍城？,誰能帶著軍隊打敗敵人、拿下龍城，讓大家早點回家呢？,,storybook_cn_v1,p088,16:9,,,,,,pending
p089_s01,89,1,陽月南飛雁，傳聞至此回。,冬月大雁向南飛，聽說飛到大庾嶺就會轉回去。,,storybook_cn_v1,p089,16:9,,,,,,pending
p089_s02,89,2,我行殊未已，何日復歸來。,可是我的路還沒走完，不知道哪一天才能回家。,,storybook_cn_v1,p089,16:9,,,,,,pending
p089_s03,89,3,江靜潮初落，林昏瘴不開。,江水安靜、潮水剛退，林子昏暗，濕熱霧氣一直不散。,,storybook_cn_v1,p089,16:9,,,,,,pending
p089_s04,89,4,明朝望鄉處，應見隴頭梅。,明天登高望向故鄉方向，大概只能看見山頭梅花。,,storybook_cn_v1,p089,16:9,,,,,,pending
p090_s01,90,1,客路青山外，行舟綠水前。,我走的旅路在青山之外，船正行在綠水之前。,,storybook_cn_v1,p090,16:9,,,,,,pending
p090_s02,90,2,潮平兩岸闊，風正一帆懸。,潮水漲平後江面變得寬闊，順風把一面船帆高高掛起。,,storybook_cn_v1,p090,16:9,,,,,,pending
p090_s03,90,3,海日生殘夜，江春入舊年。,夜還沒完全退去，海上太陽已升起；舊年還沒結束，江南已出現春意。,,storybook_cn_v1,p090,16:9,,,,,,pending
p090_s04,90,4,鄉書何處達，歸雁洛陽邊。,寫給家人的信要怎麼送到呢？希望北歸大雁能把消息帶到洛陽。,,storybook_cn_v1,p090,16:9,,,,,,pending
p091_s01,91,1,清晨入古寺，初日照高林。,清晨我走進古老寺院，初升太陽照著高高樹林。,,storybook_cn_v1,p091,16:9,,,,,,pending
p091_s02,91,2,曲徑通幽處，禪房花木深。,彎曲小路通往幽靜地方，禪房藏在花木深處。,,storybook_cn_v1,p091,16:9,,,,,,pending
p091_s03,91,3,山光悅鳥性，潭影空人心。,山光讓鳥兒自在快樂，清潭倒影也讓人的心變得空靜。,,storybook_cn_v1,p091,16:9,,,,,,pending
p091_s04,91,4,萬籟此俱寂，惟聞鐘磬音。,四周各種聲音都安靜下來，只剩寺裡鐘磬聲。,,storybook_cn_v1,p091,16:9,,,,,,pending
p092_s01,92,1,聯步趨丹陛，分曹限紫微。,以前我們一起走向宮殿台階，如今卻分到不同官署工作。,,storybook_cn_v1,p092,16:9,,,,,,pending
p092_s02,92,2,曉隨天仗入，暮惹御香歸。,清晨跟著皇帝儀仗進宮，傍晚衣服上還帶著宮中的香氣回去。,,storybook_cn_v1,p092,16:9,,,,,,pending
p092_s03,92,3,白髮悲花落，青雲羨鳥飛。,看見花落，我想到自己白髮漸多；看鳥飛上青天，也羨慕那份自在。,,storybook_cn_v1,p092,16:9,,,,,,pending
p092_s04,92,4,聖朝無闕事，自覺諫書稀。,太平朝廷似乎沒有太多缺失，連勸諫的奏章也變少了。,,storybook_cn_v1,p092,16:9,,,,,,pending
p093_s01,93,1,吾愛孟夫子，風流天下聞。,我很敬愛孟浩然先生，他瀟灑高潔的名聲天下都知道。,,storybook_cn_v1,p093,16:9,,,,,,pending
p093_s02,93,2,紅顏棄軒冕，白首臥松雲。,年輕時就不在意官位，到老仍願睡在松林白雲之間。,,storybook_cn_v1,p093,16:9,,,,,,pending
p093_s03,93,3,醉月頻中聖，迷花不事君。,他喜歡對著月亮飲酒，也愛花草山水，不願為做官失去自由。,,storybook_cn_v1,p093,16:9,,,,,,pending
p093_s04,93,4,高山安可仰，徒此挹清芬。,這樣高尚的人我難以追上，只能敬仰他留下的清雅品格。,,storybook_cn_v1,p093,16:9,,,,,,pending
p094_s01,94,1,渡遠荆門外，來從楚國遊。,我坐船遠遠渡過荊門，從蜀地來到楚地遊覽。,,storybook_cn_v1,p094,16:9,,,,,,pending
p094_s02,94,2,山隨平野盡，江入大荒流。,高山隨著平原出現而漸漸消失，大江流進遼闊原野。,,storybook_cn_v1,p094,16:9,,,,,,pending
p094_s03,94,3,月下飛天鏡，雲生結海樓。,月亮倒映江面像從天空飛下的鏡子，雲彩又像海市蜃樓般的城郭。,,storybook_cn_v1,p094,16:9,,,,,,pending
p094_s04,94,4,仍怜故鄉水，萬里送行舟。,我還是最愛故鄉流來的江水，它好像一路送著我的船走了萬里。,,storybook_cn_v1,p094,16:9,,,,,,pending
p095_s01,95,1,青山橫北郭，白水繞東城。,青山橫在城北，白水繞過城東。,,storybook_cn_v1,p095,16:9,,,,,,pending
p095_s02,95,2,此地一為別，孤蓬萬里征。,我們就在這裡分別，你將像飄飛的蓬草一樣遠行萬里。,,storybook_cn_v1,p095,16:9,,,,,,pending
p095_s03,95,3,浮雲遊子意，落日故人情。,天空浮雲像遊子的漂泊心情，落日則像老朋友捨不得你的情意。,,storybook_cn_v1,p095,16:9,,,,,,pending
p095_s04,95,4,揮手自茲去，蕭蕭班馬鳴。,從此揮手告別，連離群的馬也蕭蕭叫著，好像同樣不捨。,,storybook_cn_v1,p095,16:9,,,,,,pending
p096_s01,96,1,蜀僧抱綠綺，西下峨眉峰。,蜀地和尚抱著名琴，從峨眉山一路向西而來。,,storybook_cn_v1,p096,16:9,,,,,,pending
p096_s02,96,2,爲我一揮手，如聽萬壑松。,他為我一揮手彈琴，聲音像萬座山谷裡的松風同時響起。,,storybook_cn_v1,p096,16:9,,,,,,pending
p096_s03,96,3,客心洗流水，餘響入霜鐘。,琴聲像流水洗去旅人的煩惱，餘音又和晚鐘融合在一起。,,storybook_cn_v1,p096,16:9,,,,,,pending
p096_s04,96,4,不覺碧山暮，秋雲暗幾重。,我聽得太入神，不知不覺青山已暗，秋雲也一層層變深。,,storybook_cn_v1,p096,16:9,,,,,,pending
p097_s01,97,1,牛渚西江夜，青天無片雲。,夜裡停船在牛渚西江，天空乾淨得沒有一片雲。,,storybook_cn_v1,p097,16:9,,,,,,pending
p097_s02,97,2,登舟望秋月，空憶謝將軍。,我登船望著秋月，想起古代謝尚在這裡賞識詩人的故事。,,storybook_cn_v1,p097,16:9,,,,,,pending
p097_s03,97,3,余亦能高詠，斯人不可聞。,我也能高聲吟詩，可惜如今沒有像謝將軍那樣懂我的人來聽。,,storybook_cn_v1,p097,16:9,,,,,,pending
p097_s04,97,4,明朝挂帆席，楓葉落紛紛。,明天就要掛帆離開，只見楓葉紛紛落下。,,storybook_cn_v1,p097,16:9,,,,,,pending
p098_s01,98,1,國破山河在，城春草木深。,國家雖遭戰亂，山河還在；春天城裡卻草木長得荒亂深密。,,storybook_cn_v1,p098,16:9,,,,,,pending
p098_s02,98,2,感時花濺淚，恨別鳥驚心。,想到時局就連看花都想流淚，痛恨離別，聽鳥叫也讓人心驚。,,storybook_cn_v1,p098,16:9,,,,,,pending
p098_s03,98,3,烽火連三月，家書抵萬金。,戰火一連燒了好幾個月，一封家書珍貴得像萬兩黃金。,,storybook_cn_v1,p098,16:9,,,,,,pending
p098_s04,98,4,白頭搔更短，渾欲不勝簪。,我愁得一直抓頭，白髮越來越短，幾乎連髮簪都插不住了。,,storybook_cn_v1,p098,16:9,,,,,,pending
p099_s01,99,1,今夜鄜州月，閨中只獨看。,今晚鄜州的月亮，大概只有妻子一個人在房裡看。,,storybook_cn_v1,p099,16:9,,,,,,pending
p099_s02,99,2,遙憐小兒女，未解憶長安。,我想念遠方的小兒女，他們年紀還小，不懂得一起思念長安的我。,,storybook_cn_v1,p099,16:9,,,,,,pending
p099_s03,99,3,香霧雲鬟濕，清輝玉臂寒。,夜霧會把妻子的頭髮弄濕，清冷月光也會讓她的手臂發涼。,,storybook_cn_v1,p099,16:9,,,,,,pending
p099_s04,99,4,何時倚虛幌，雙照淚痕乾。,不知道哪天我們才能一起靠著窗簾看月亮，讓彼此臉上的淚痕都乾掉。,,storybook_cn_v1,p099,16:9,,,,,,pending
p100_s01,100,1,花隱掖垣暮，啾啾棲鳥過。,傍晚花影藏在宮牆旁，歸巢的鳥啾啾飛過。,,storybook_cn_v1,p100,16:9,,,,,,pending
p100_s02,100,2,星臨萬戶動，月傍九霄多。,星光像靠近千家萬戶，月亮高高照在宮城上空。,,storybook_cn_v1,p100,16:9,,,,,,pending
p100_s03,100,3,不寢聽金鑰，因風想玉珂。,我睡不著，聽著宮門金鑰聲；風吹來時又想像官員馬飾的聲音。,,storybook_cn_v1,p100,16:9,,,,,,pending
p100_s04,100,4,明朝有封事，數問夜如何。,明早我要呈上奏章，所以一再問自己現在夜到幾更了。,,storybook_cn_v1,p100,16:9,,,,,,pending
p101_s01,101,1,此道昔歸順，西郊胡正繁。,我以前就是走這條路逃出京城投奔朝廷，那時西郊敵軍很多。,,storybook_cn_v1,p101,16:9,,,,,,pending
p101_s02,101,2,至今殘破膽，應有未招魂。,想到當時危險，到現在還心有餘悸，像有一部分魂都沒完全回來。,,storybook_cn_v1,p101,16:9,,,,,,pending
p101_s03,101,3,近得歸京邑，移官豈至尊。,最近好不容易回到京城，如今調任外職，並不是皇帝特別責怪我。,,storybook_cn_v1,p101,16:9,,,,,,pending
p101_s04,101,4,無才日衰老，駐馬望千門。,只是自己才力不足又一天比一天衰老，我停下馬回望京城千門。,,storybook_cn_v1,p101,16:9,,,,,,pending
p102_s01,102,1,戍鼓斷人行，邊秋一雁聲。,守軍鼓聲響起，路上行人都停止來往；邊地秋夜傳來一聲孤雁。,,storybook_cn_v1,p102,16:9,,,,,,pending
p102_s02,102,2,露從今夜白，月是故鄉明。,從今晚開始露水變白，我總覺得還是故鄉的月亮最明亮。,,storybook_cn_v1,p102,16:9,,,,,,pending
p102_s03,102,3,有弟皆分散，無家問死生。,兄弟們全都分散各地，連家都不存在了，不知道彼此是生是死。,,storybook_cn_v1,p102,16:9,,,,,,pending
p102_s04,102,4,寄書長不達，況乃未休兵。,寄出的信常常送不到，更何況現在戰爭還沒有停止。,,storybook_cn_v1,p102,16:9,,,,,,pending
p103_s01,103,1,涼風起天末，君子意如何？,涼風從遙遠天邊吹起，不知道遠方的你現在心情如何？,,storybook_cn_v1,p103,16:9,,,,,,pending
p103_s02,103,2,鴻雁幾時到？江湖秋水多。,傳信的大雁什麼時候才會到？秋天江湖水大，路上更危險。,,storybook_cn_v1,p103,16:9,,,,,,pending
p103_s03,103,3,文章憎命達，魑魅喜人過。,有才華的人好像反而命運不順，邪惡的東西卻最愛趁人倒楣時傷害他。,,storybook_cn_v1,p103,16:9,,,,,,pending
p103_s04,103,4,應共冤魂語，投詩贈汨羅。,你大概會想起屈原那樣受冤的人，甚至想寫詩到汨羅江祭他吧。,,storybook_cn_v1,p103,16:9,,,,,,pending
p104_s01,104,1,遠送從此別，青山空復情。,一路送你到這裡終於要分別了，只剩青山好像還帶著我們的情意。,,storybook_cn_v1,p104,16:9,,,,,,pending
p104_s02,104,2,幾時杯重把？昨夜月同行。,不知道何時才能再次舉杯？昨夜我們還曾一起在月光下同行。,,storybook_cn_v1,p104,16:9,,,,,,pending
p104_s03,104,3,列郡謳歌惜，三朝出入榮。,很多地方的百姓都歌頌、捨不得你，你也曾在三朝出入朝廷，十分榮耀。,,storybook_cn_v1,p104,16:9,,,,,,pending
p104_s04,104,4,江村獨歸處，寂寞養殘生。,而我將獨自回到江村，在寂寞中照顧年老多病的自己。,,storybook_cn_v1,p104,16:9,,,,,,pending
p105_s01,105,1,他鄉復行役，駐馬別孤墳。,我又要在異鄉趕路，特地停下馬向朋友孤單的墳墓告別。,,storybook_cn_v1,p105,16:9,,,,,,pending
p105_s02,105,2,近淚無乾土，低空有斷雲。,最近常來哭祭，墳前泥土幾乎沒有乾過，低空又飄著斷斷續續的雲。,,storybook_cn_v1,p105,16:9,,,,,,pending
p105_s03,105,3,對棋陪謝傅，把劍覓徐君。,以前我們曾像謝安與朋友一樣對坐下棋，我也曾想像季札守信掛劍的故事。,,storybook_cn_v1,p105,16:9,,,,,,pending
p105_s04,105,4,惟見林花落，鶯啼送客聞。,如今只看見林中花朵落下，黃鶯鳴叫著像在送我這個旅人離去。,,storybook_cn_v1,p105,16:9,,,,,,pending
p106_s01,106,1,細草微風岸，危檣獨夜舟。,岸邊細草被微風吹動，夜裡只有一艘高桅小船孤單停著。,,storybook_cn_v1,p106,16:9,,,,,,pending
p106_s02,106,2,星垂平野闊，月湧大江流。,星星低垂讓平野更顯遼闊，月光隨大江奔流，好像從水面湧出。,,storybook_cn_v1,p106,16:9,,,,,,pending
p106_s03,106,3,名豈文章著，官應老病休。,我的名聲難道只是因文章而來？離官大概也不是單純因年老生病吧。,,storybook_cn_v1,p106,16:9,,,,,,pending
p106_s04,106,4,飄飄何所似？天地一沙鷗。,我四處漂泊像什麼呢？就像天地間一隻孤單沙鷗。,,storybook_cn_v1,p106,16:9,,,,,,pending
p107_s01,107,1,昔聞洞庭水，今上岳陽樓。,以前只聽說洞庭湖有多大，今天終於登上岳陽樓親眼看見。,,storybook_cn_v1,p107,16:9,,,,,,pending
p107_s02,107,2,吳楚東南坼，乾坤日夜浮。,湖水像把吳楚大地分開，天地日月也彷彿都浮在水面上。,,storybook_cn_v1,p107,16:9,,,,,,pending
p107_s03,107,3,親朋無一字，老病有孤舟。,親友很久沒有一封信，我又老又病，只剩一艘孤船陪著自己。,,storybook_cn_v1,p107,16:9,,,,,,pending
p107_s04,107,4,戎馬關山北，憑軒涕泗流。,北方關山仍有戰事，我靠著樓窗想到國家和自己，眼淚不停流下。,,storybook_cn_v1,p107,16:9,,,,,,pending
p108_s01,108,1,寒山轉蒼翠，秋水日潺湲。,寒冷山色一天比一天青翠，秋水日日潺潺流著。,,storybook_cn_v1,p108,16:9,,,,,,pending
p108_s02,108,2,倚杖柴門外，臨風聽暮蟬。,我拄杖站在柴門外，迎著晚風聽秋蟬鳴叫。,,storybook_cn_v1,p108,16:9,,,,,,pending
p108_s03,108,3,渡頭餘落日，墟里上孤煙。,渡口只剩一點落日，村落上方升起一縷炊煙。,,storybook_cn_v1,p108,16:9,,,,,,pending
p108_s04,108,4,復值接輿醉，狂歌五柳前。,這時又遇到喝醉的好友，他像古代狂士一樣在我門前放聲唱歌。,,storybook_cn_v1,p108,16:9,,,,,,pending
p109_s01,109,1,空山新雨後，天氣晚來秋。,空山剛下過雨，傍晚天氣已帶著清爽秋意。,,storybook_cn_v1,p109,16:9,,,,,,pending
p109_s02,109,2,明月松間照，清泉石上流。,明月從松樹間照下，清泉在石頭上流過。,,storybook_cn_v1,p109,16:9,,,,,,pending
p109_s03,109,3,竹喧歸浣女，蓮動下漁舟。,竹林傳來聲音，是洗衣女子回來了；荷葉搖動，是漁船順流而下。,,storybook_cn_v1,p109,16:9,,,,,,pending
p109_s04,109,4,隨意春芳歇，王孫自可留。,就算春天花草已凋謝也沒關係，這樣的秋山很適合留下來住。,,storybook_cn_v1,p109,16:9,,,,,,pending
p110_s01,110,1,清川帶長薄，車馬去閑閑。,清澈溪水繞著長長草木，車馬悠閒向嵩山前進。,,storybook_cn_v1,p110,16:9,,,,,,pending
p110_s02,110,2,流水如有意，暮禽相與還。,流水像有意陪我回去，傍晚的鳥也成群回巢。,,storybook_cn_v1,p110,16:9,,,,,,pending
p110_s03,110,3,荒城臨古渡，落日滿秋山。,荒涼城牆靠著古渡口，落日照滿秋天山嶺。,,storybook_cn_v1,p110,16:9,,,,,,pending
p110_s04,110,4,迢遞嵩高下，歸來且閉關。,遠遠來到嵩山腳下，我終於回家，準備關門過安靜生活。,,storybook_cn_v1,p110,16:9,,,,,,pending
p111_s01,111,1,太乙近天都，連山接海隅。,終南山最高處像靠近天上的都城，連綿山脈一直伸到海邊。,,storybook_cn_v1,p111,16:9,,,,,,pending
p111_s02,111,2,白雲迴望合，青靄入看無。,回頭看白雲像合在一起，走進去時青色霧氣反而看不見了。,,storybook_cn_v1,p111,16:9,,,,,,pending
p111_s03,111,3,分野中峰變，陰晴眾壑殊。,站在中峰，山的方向和區域都像分開，許多山谷晴雨也各不相同。,,storybook_cn_v1,p111,16:9,,,,,,pending
p111_s04,111,4,欲投人處宿，隔水問樵夫。,我想找有人家的地方住宿，只好隔著溪水問砍柴的人。,,storybook_cn_v1,p111,16:9,,,,,,pending
p112_s01,112,1,晚年唯好靜，萬事不關心。,到了晚年我只喜歡安靜，對世上許多事情都不太掛心。,,storybook_cn_v1,p112,16:9,,,,,,pending
p112_s02,112,2,自顧無長策，空知返舊林。,想想自己沒有什麼治國大計，只知道回到以前喜歡的山林。,,storybook_cn_v1,p112,16:9,,,,,,pending
p112_s03,112,3,松風吹解帶，山月照彈琴。,松風吹來，我解開衣帶放鬆，山月照著我彈琴。,,storybook_cn_v1,p112,16:9,,,,,,pending
p112_s04,112,4,君問窮通理，漁歌入浦深。,你問人生窮困或通達的道理，我只聽遠處漁歌慢慢進入水灣深處。,,storybook_cn_v1,p112,16:9,,,,,,pending
p113_s01,113,1,不知香積寺，數里入雲峰。,不知道香積寺到底在哪裡，我走了好幾里進入雲霧山峰。,,storybook_cn_v1,p113,16:9,,,,,,pending
p113_s02,113,2,古木無人徑，深山何處鐘？,古樹林裡看不到人的小路，深山中卻不知從哪傳來鐘聲。,,storybook_cn_v1,p113,16:9,,,,,,pending
p113_s03,113,3,泉聲咽危石，日色冷青松。,泉水撞著陡石，聲音像低低嗚咽；陽光照在青松上也顯得清冷。,,storybook_cn_v1,p113,16:9,,,,,,pending
p113_s04,113,4,薄暮空潭曲，安禪制毒龍。,傍晚來到安靜潭邊，禪修讓心中的煩惱和惡念都平靜下來。,,storybook_cn_v1,p113,16:9,,,,,,pending
p114_s01,114,1,萬壑樹參天，千山響杜鵑。,梓州山谷裡大樹高聳入天，千山到處響著杜鵑叫聲。,,storybook_cn_v1,p114,16:9,,,,,,pending
p114_s02,114,2,山中一夜雨，樹杪百重泉。,山中一夜下雨，隔天樹梢間像出現百道泉水。,,storybook_cn_v1,p114,16:9,,,,,,pending
p114_s03,114,3,漢女輸橦布，巴人訟芋田。,當地漢族女子繳納木棉布，巴地居民也會為芋田發生爭議。,,storybook_cn_v1,p114,16:9,,,,,,pending
p114_s04,114,4,文翁翻教授，不敢倚先賢。,希望你像古代文翁一樣親自教化百姓，不要只靠前人留下的名聲。,,storybook_cn_v1,p114,16:9,,,,,,pending
p115_s01,115,1,楚塞三湘接，荊門九派通。,楚地水路連著三湘，荊門又和許多支流相通。,,storybook_cn_v1,p115,16:9,,,,,,pending
p115_s02,115,2,江流天地外，山色有無中。,大江流得像伸到天地外，遠山則在雲霧中若有若無。,,storybook_cn_v1,p115,16:9,,,,,,pending
p115_s03,115,3,郡邑浮前浦，波瀾動遠空。,岸邊城鎮像浮在水面，波浪起伏得彷彿遠方天空也跟著晃動。,,storybook_cn_v1,p115,16:9,,,,,,pending
p115_s04,115,4,襄陽好風日，留醉與山翁 。,襄陽天氣景色這麼好，真想留下來陪山中老人一起痛快喝酒。,,storybook_cn_v1,p115,16:9,,,,,,pending
p116_s01,116,1,中歲頗好道，晚家南山陲。,到了中年我越來越喜歡清靜生活，晚年便住到南山旁。,,storybook_cn_v1,p116,16:9,,,,,,pending
p116_s02,116,2,興來每獨往，勝事空自知。,興致來時常一個人出門，美妙感受只有自己知道。,,storybook_cn_v1,p116,16:9,,,,,,pending
p116_s03,116,3,行到水窮處，坐看雲起時。,有時一直走到溪水盡頭，就坐下來看白雲慢慢升起。,,storybook_cn_v1,p116,16:9,,,,,,pending
p116_s04,116,4,偶然值林叟，談笑無還期。,偶爾碰到林中老人，一聊就很開心，竟忘了什麼時候該回家。,,storybook_cn_v1,p116,16:9,,,,,,pending
p117_s01,117,1,八月湖水平，涵虛混太清。,八月洞庭湖水漲得和岸邊差不多高，水天相接像融成一片。,,storybook_cn_v1,p117,16:9,,,,,,pending
p117_s02,117,2,氣蒸雲夢澤，波撼岳陽城。,湖上水氣蒸騰到雲夢澤，巨浪像能搖動岳陽城。,,storybook_cn_v1,p117,16:9,,,,,,pending
p117_s03,117,3,欲濟無舟楫，端居恥聖明。,我想渡過湖，卻沒有船和槳；生在太平時代卻閒著沒做事，也讓我慚愧。,,storybook_cn_v1,p117,16:9,,,,,,pending
p117_s04,117,4,坐觀垂釣者，徒有羨魚情。,只能坐著看別人釣魚，心裡羨慕得想吃魚；意思是希望有人給我做事的機會。,,storybook_cn_v1,p117,16:9,,,,,,pending
p118_s01,118,1,人事有代謝，往來成古今。,人和事情一代代更替，來來去去就成了古今歷史。,,storybook_cn_v1,p118,16:9,,,,,,pending
p118_s02,118,2,江山留勝跡，我輩復登臨。,美麗江山留下古人遺跡，今天我們又登上這座山。,,storybook_cn_v1,p118,16:9,,,,,,pending
p118_s03,118,3,水落魚梁淺，天寒夢澤深。,水位下降後魚梁洲變淺，天冷時遠處雲夢澤顯得更深。,,storybook_cn_v1,p118,16:9,,,,,,pending
p118_s04,118,4,羊公碑尚在，讀罷淚沾襟。,羊祜紀念碑仍在，讀完古人的故事，我感動得眼淚沾濕衣襟。,,storybook_cn_v1,p118,16:9,,,,,,pending
p119_s01,119,1,林臥愁春盡，開軒覽物華。,我躺在林中正為春天快結束而發愁，打開窗戶看見外面美麗景色。,,storybook_cn_v1,p119,16:9,,,,,,pending
p119_s02,119,2,忽逢青鳥使，邀入赤松家。,忽然來了一位像青鳥使者般的人，邀我到道士朋友的山中住處。,,storybook_cn_v1,p119,16:9,,,,,,pending
p119_s03,119,3,丹竈初開火，仙桃正落花。,煉丹爐剛點起火，仙桃樹上的花正飄落。,,storybook_cn_v1,p119,16:9,,,,,,pending
p119_s04,119,4,童顏若可駐，何惜醉流霞。,如果真能保持年輕容貌，那麼喝醉幾杯仙酒又有什麼可惜呢？,,storybook_cn_v1,p119,16:9,,,,,,pending
p120_s01,120,1,北闕休上書，南山歸敝廬。,我不再到朝廷上書求官了，回到南山自己的簡陋房子。,,storybook_cn_v1,p120,16:9,,,,,,pending
p120_s02,120,2,不才明主棄，多病故人疎。,也許是我才華不足所以沒被重用，身體又多病，朋友也漸漸疏遠。,,storybook_cn_v1,p120,16:9,,,,,,pending
p120_s03,120,3,白髮催年老，青陽逼歲除。,白髮提醒我年紀越來越大，春天將到，也表示一年又快過完。,,storybook_cn_v1,p120,16:9,,,,,,pending
p120_s04,120,4,永懷愁不寐，松月夜窗虛。,我長久懷著憂愁睡不著，只見月光透過松樹照進空空窗戶。,,storybook_cn_v1,p120,16:9,,,,,,pending
p121_s01,121,1,故人具雞黍，邀我至田家。,老朋友準備了雞肉和米飯，邀請我到鄉下家裡作客。,,storybook_cn_v1,p121,16:9,,,,,,pending
p121_s02,121,2,綠樹村邊合，青山郭外斜。,綠樹圍著村莊，青山斜斜延伸在城外。,,storybook_cn_v1,p121,16:9,,,,,,pending
p121_s03,121,3,開筵面場圃，把酒話桑麻。,我們面對田場擺開飯菜，端著酒聊莊稼和農事。,,storybook_cn_v1,p121,16:9,,,,,,pending
p121_s04,121,4,待到重陽日，還來就菊花。,等到重陽節那天，我還要再來和你一起賞菊花。,,storybook_cn_v1,p121,16:9,,,,,,pending
p122_s01,122,1,一丘常欲臥，三徑苦無資。,我一直想找座小山安靜隱居，卻苦於沒有足夠生活資源。,,storybook_cn_v1,p122,16:9,,,,,,pending
p122_s02,122,2,北土非吾願，東林懷我師。,北方不是我真正想留的地方，我很懷念東林寺中的老師。,,storybook_cn_v1,p122,16:9,,,,,,pending
p122_s03,122,3,黃金燃桂盡，壯志逐年衰。,在外生活花費很大，像把黃金當柴燒，我的壯志也一年年減弱。,,storybook_cn_v1,p122,16:9,,,,,,pending
p122_s04,122,4,日夕涼風至，聞蟬但益悲。,每天傍晚涼風吹來，一聽見蟬聲，心裡反而更加悲傷。,,storybook_cn_v1,p122,16:9,,,,,,pending
p123_s01,123,1,山暝聽猿愁，滄江急夜流。,山色昏暗時聽見猿猴悲啼，夜裡江水急急流動。,,storybook_cn_v1,p123,16:9,,,,,,pending
p123_s02,123,2,風鳴兩岸葉，月照一孤舟。,風吹兩岸樹葉沙沙響，月光只照著我這一艘孤舟。,,storybook_cn_v1,p123,16:9,,,,,,pending
p123_s03,123,3,建德非吾土，維揚憶舊遊。,建德不是我的家鄉，我又想起揚州那些老朋友和往事。,,storybook_cn_v1,p123,16:9,,,,,,pending
p123_s04,123,4,還將兩行淚，遙寄海西頭。,只能把兩行眼淚，遠遠寄給在海邊另一頭的朋友。,,storybook_cn_v1,p123,16:9,,,,,,pending
p124_s01,124,1,寂寂竟何時，朝朝空自歸。,這種寂寞日子到底還要多久？我天天出去又空手而回。,,storybook_cn_v1,p124,16:9,,,,,,pending
p124_s02,124,2,欲尋芳草去，惜與故人違。,我想離開去找自己的道路，卻又捨不得和老朋友分別。,,storybook_cn_v1,p124,16:9,,,,,,pending
p124_s03,124,3,當路誰相假，知音世所稀。,掌握機會的人有誰肯幫我？世上真正懂我的朋友實在很少。,,storybook_cn_v1,p124,16:9,,,,,,pending
p124_s04,124,4,祇因守寂寞，還掩故園扉。,既然只能守著寂寞，我還是回故鄉，把家門關起來過安靜日子。,,storybook_cn_v1,p124,16:9,,,,,,pending
p125_s01,125,1,木落雁南渡，北風江上寒。,樹葉落了，大雁往南飛，北風吹過江面，天氣變得很冷。,,storybook_cn_v1,p125,16:9,,,,,,pending
p125_s02,125,2,我家襄水曲，遙隔楚雲端。,我的家在襄水彎曲處，如今隔著遙遠楚地雲天。,,storybook_cn_v1,p125,16:9,,,,,,pending
p125_s03,125,3,鄉淚客中盡，孤帆天際看。,在外想家想得眼淚都快流乾，只能望著天邊孤帆想像歸途。,,storybook_cn_v1,p125,16:9,,,,,,pending
p125_s04,125,4,迷津欲有問，平海夕漫漫。,我像在迷路渡口想找人問路，只見傍晚平靜水面無邊無際。,,storybook_cn_v1,p125,16:9,,,,,,pending
p126_s01,126,1,古臺搖落後，秋日望鄉心。,古老高臺在秋葉凋落後更顯寂寞，我登高時特別想念故鄉。,,storybook_cn_v1,p126,16:9,,,,,,pending
p126_s02,126,2,野寺人來少，雲峰水隔深。,荒野寺院很少有人來，雲中的山峰又隔著深深水面。,,storybook_cn_v1,p126,16:9,,,,,,pending
p126_s03,126,3,夕陽依舊壘，寒磬滿空林。,夕陽還照著從前的營壘，寒冷鐘磬聲傳遍空林。,,storybook_cn_v1,p126,16:9,,,,,,pending
p126_s04,126,4,惆悵南朝事，長江獨至今。,想到南朝那些已過去的故事很惆悵，只有長江仍像以前一樣流著。,,storybook_cn_v1,p126,16:9,,,,,,pending
p127_s01,127,1,流落征南將，曾驅十萬師。,這位以前帶兵南征的將軍如今漂泊失意，曾經統領過十萬大軍。,,storybook_cn_v1,p127,16:9,,,,,,pending
p127_s02,127,2,罷歸無舊業，老去戀明時。,離職回來卻沒有舊產業可以依靠，年紀大了仍掛念太平時代和國家。,,storybook_cn_v1,p127,16:9,,,,,,pending
p127_s03,127,3,獨立三邊靜，輕生一劍知。,他曾一人守住邊境安定，拿一把劍就敢把生死放在身外。,,storybook_cn_v1,p127,16:9,,,,,,pending
p127_s04,127,4,茫茫江漢上，日暮欲何之。,如今站在茫茫江漢邊，天快黑了，卻不知道自己還能往哪裡去。,,storybook_cn_v1,p127,16:9,,,,,,pending
p128_s01,128,1,望君煙水闊，揮手淚霑巾。,望著你的小船進入遼闊煙水，我揮手送別，眼淚沾濕手巾。,,storybook_cn_v1,p128,16:9,,,,,,pending
p128_s02,128,2,飛鳥沒何處，青山空向人。,連飛鳥都不知道消失到哪裡，只剩青山靜靜對著我。,,storybook_cn_v1,p128,16:9,,,,,,pending
p128_s03,128,3,長江一帆遠，落日五湖春。,長江上你的一面帆越走越遠，落日照著五湖春色。,,storybook_cn_v1,p128,16:9,,,,,,pending
p128_s04,128,4,誰見汀洲上，相思愁白蘋。,又有誰看見我站在沙洲上，對著白蘋滿懷相思呢？,,storybook_cn_v1,p128,16:9,,,,,,pending
p129_s01,129,1,一路經行處，莓苔見履痕。,沿路走過的地方，青苔上還看得見道士留下的腳印。,,storybook_cn_v1,p129,16:9,,,,,,pending
p129_s02,129,2,白雲依靜渚，春草閉閑門。,白雲停在安靜水邊，春草長滿了他平常關著的門前。,,storybook_cn_v1,p129,16:9,,,,,,pending
p129_s03,129,3,過雨看松色，隨山到水源。,雨後松樹顏色更青，我順著山路一路找到溪水源頭。,,storybook_cn_v1,p129,16:9,,,,,,pending
p129_s04,129,4,溪花與禪意，相對亦忘言。,溪邊花朵和安靜禪意相對，讓人舒服得連話都忘了說。,,storybook_cn_v1,p129,16:9,,,,,,pending
p130_s01,130,1,鄉心新歲切，天畔獨潸然。,新年一到，我想家的心更強烈，獨自在天涯忍不住流淚。,,storybook_cn_v1,p130,16:9,,,,,,pending
p130_s02,130,2,老至居人下，春歸在客先。,年紀漸老卻寄居別人地方，春天來了，我仍是遠方旅客。,,storybook_cn_v1,p130,16:9,,,,,,pending
p130_s03,130,3,嶺猨同旦暮，江柳共風煙。,每天早晚只聽山嶺猿叫，也看江邊柳樹在風煙中搖動。,,storybook_cn_v1,p130,16:9,,,,,,pending
p130_s04,130,4,已是長沙傅，從今又幾年。,我已像被貶到長沙的賈誼，不知道這樣的日子還要過幾年。,,storybook_cn_v1,p130,16:9,,,,,,pending
p131_s01,131,1,上國隨緣住，來途若夢行。,你因緣來到大唐住了一段時間，來時漫長旅程像一場夢。,,storybook_cn_v1,p131,16:9,,,,,,pending
p131_s02,131,2,浮天滄海遠，去世法舟輕。,如今要渡過遼闊大海回日本，佛法像一艘輕舟帶你離開人世煩惱。,,storybook_cn_v1,p131,16:9,,,,,,pending
p131_s03,131,3,水月通禪觀，魚龍聽梵聲。,水中月影幫助人領悟禪意，連魚龍好像也會停下來聽誦經聲。,,storybook_cn_v1,p131,16:9,,,,,,pending
p131_s04,131,4,惟憐一燈影，萬里眼中明。,最讓人不捨的是那一點佛燈光影，隔著萬里仍會在我心中明亮。,,storybook_cn_v1,p131,16:9,,,,,,pending
p132_s01,132,1,泉壑帶茅茨，雲霞生薜帷。,山泉溪谷圍著小茅屋，雲霞像從藤蘿做的簾幕後升起。,,storybook_cn_v1,p132,16:9,,,,,,pending
p132_s02,132,2,竹憐新雨後，山愛夕陽時。,我最喜歡新雨後的竹子，也喜歡夕陽照山的時刻。,,storybook_cn_v1,p132,16:9,,,,,,pending
p132_s03,132,3,閑鷺棲常早，秋花落更遲。,悠閒白鷺總是很早棲息，秋花反而開得久、落得慢。,,storybook_cn_v1,p132,16:9,,,,,,pending
p132_s04,132,4,家童掃蘿逕，昨與故人期。,家童正在掃藤蘿小徑，因為昨天和老朋友約好今天來訪。,,storybook_cn_v1,p132,16:9,,,,,,pending
p133_s01,133,1,江漢曾爲客，相逢每醉還。,以前我們都曾在江漢一帶作客，每次相逢總喝到醉才回去。,,storybook_cn_v1,p133,16:9,,,,,,pending
p133_s02,133,2,浮雲一別後，流水十年間。,自從像浮雲一樣分別，流水般一轉眼竟過了十年。,,storybook_cn_v1,p133,16:9,,,,,,pending
p133_s03,133,3,歡笑情如舊，蕭疎鬢已斑。,今天再見，歡笑感情還和以前一樣，只是彼此頭髮都已稀疏斑白。,,storybook_cn_v1,p133,16:9,,,,,,pending
p133_s04,133,4,何因北歸去，淮上對秋山。,不知道什麼原因讓你又要北歸，只留下我在淮河邊對著秋山。,,storybook_cn_v1,p133,16:9,,,,,,pending
p134_s01,134,1,楚江微雨裡，建業暮鐘時。,楚江下著細雨，正好是建業城傍晚鐘聲響起的時候。,,storybook_cn_v1,p134,16:9,,,,,,pending
p134_s02,134,2,漠漠帆來重，冥冥鳥去遲。,濛濛雨裡船帆顯得沉重，昏暗天空中鳥也飛得很慢。,,storybook_cn_v1,p134,16:9,,,,,,pending
p134_s03,134,3,海門深不見，浦樹遠含滋。,遠方海口深處看不清楚，岸邊樹木被雨水滋潤得濕濕的。,,storybook_cn_v1,p134,16:9,,,,,,pending
p134_s04,134,4,相送情無限，沾襟比散絲。,送別你的情意沒有盡頭，眼淚沾濕衣襟就像細雨絲一樣。,,storybook_cn_v1,p134,16:9,,,,,,pending
p135_s01,135,1,長簟迎風早，空城澹月華。,長長竹席早早迎到秋風，空城月光顯得淡淡清冷。,,storybook_cn_v1,p135,16:9,,,,,,pending
p135_s02,135,2,星河秋一雁，砧杵夜千家。,銀河下有一隻秋雁飛過，夜裡千家萬戶傳來搗衣聲。,,storybook_cn_v1,p135,16:9,,,,,,pending
p135_s03,135,3,節候看應晚，心期臥亦賒。,看季節應該已很晚了，可我心裡等的事還遙遙沒有結果。,,storybook_cn_v1,p135,16:9,,,,,,pending
p135_s04,135,4,向來吟秀句，不覺已鳴鴉。,一直讀你送我的好詩，不知不覺天都亮了，烏鴉已開始叫。,,storybook_cn_v1,p135,16:9,,,,,,pending
p136_s01,136,1,道由白雲盡，春與青溪長。,山路走到白雲深處好像就結束了，春色卻沿著青溪一直延伸。,,storybook_cn_v1,p136,16:9,,,,,,pending
p136_s02,136,2,時有落花至，遠隨流水香。,不時有落花隨水漂來，遠遠就帶著香氣。,,storybook_cn_v1,p136,16:9,,,,,,pending
p136_s03,136,3,閑門向山路，深柳讀書堂。,安靜院門面向山路，深深柳樹裡藏著讀書堂。,,storybook_cn_v1,p136,16:9,,,,,,pending
p136_s04,136,4,幽映每白日，清輝照衣裳。,即使白天這裡也幽靜有樹影，清亮光線照在衣服上。,,storybook_cn_v1,p136,16:9,,,,,,pending
p137_s01,137,1,天秋月又滿，城闕夜千重。,秋天夜裡月亮又圓了，城中重重屋宇都沉在夜色裡。,,storybook_cn_v1,p137,16:9,,,,,,pending
p137_s02,137,2,還作江南會，翻疑夢裡逢。,沒想到我們又在江南相聚，一時還以為是在夢裡碰見。,,storybook_cn_v1,p137,16:9,,,,,,pending
p137_s03,137,3,風枝驚暗鵲，露草覆寒蟲。,風吹樹枝驚動夜鵲，露水草叢裡藏著怕冷的小蟲。,,storybook_cn_v1,p137,16:9,,,,,,pending
p137_s04,137,4,羈旅長堪醉，相留畏曉鐘。,漂泊在外難得相逢，真想多喝幾杯留你久一點，只怕清晨鐘聲太快響。,,storybook_cn_v1,p137,16:9,,,,,,pending
p138_s01,138,1,故關衰草遍，離別正堪悲。,故關附近枯草遍地，正要離別更讓人覺得悲傷。,,storybook_cn_v1,p138,16:9,,,,,,pending
p138_s02,138,2,路出寒雲外，人歸暮雪時。,你要走的路伸到寒雲外，回去時又正遇傍晚下雪。,,storybook_cn_v1,p138,16:9,,,,,,pending
p138_s03,138,3,少孤為客早，多難識君遲。,我從小失去依靠，很早就漂泊作客；人生又多災難，和你相識得太晚。,,storybook_cn_v1,p138,16:9,,,,,,pending
p138_s04,138,4,掩淚空相向，風塵何處期。,我們含淚相對，世道這麼亂，下次到底要在哪裡才能再見？,,storybook_cn_v1,p138,16:9,,,,,,pending
p139_s01,139,1,十年離亂後，長大一相逢。,十年戰亂分離後，我們都長大了才終於再次見面。,,storybook_cn_v1,p139,16:9,,,,,,pending
p139_s02,139,2,問姓驚初見，稱名憶舊容。,一開始問姓還覺得陌生，聽你說出名字才想起以前模樣。,,storybook_cn_v1,p139,16:9,,,,,,pending
p139_s03,139,3,別來滄海事，語罷暮天鐘。,分別後發生的事情多得像滄海變化，一直聊到傍晚鐘聲響起。,,storybook_cn_v1,p139,16:9,,,,,,pending
p139_s04,139,4,明日巴陵道，秋山又幾重。,明天你又要走巴陵那條路，中間還隔著一重又一重秋山。,,storybook_cn_v1,p139,16:9,,,,,,pending
p140_s01,140,1,故人江海別，幾度隔山川。,和老朋友在江海分別後，不知道已隔過多少山川歲月。,,storybook_cn_v1,p140,16:9,,,,,,pending
p140_s02,140,2,乍見翻疑夢，相悲各問年。,突然見面反而像做夢，我們一邊感傷，一邊問對方現在幾歲了。,,storybook_cn_v1,p140,16:9,,,,,,pending
p140_s03,140,3,孤燈寒照雨，深竹暗浮煙。,孤燈冷冷照著窗外雨水，深竹林裡浮著昏暗煙霧。,,storybook_cn_v1,p140,16:9,,,,,,pending
p140_s04,140,4,更有明朝恨，離杯惜共傳。,想到明早又要分開更難過，所以今晚惜別的酒杯不停傳下去。,,storybook_cn_v1,p140,16:9,,,,,,pending
p141_s01,141,1,靜夜四無隣，荒居舊業貧。,安靜夜裡四周沒有鄰居，我住的地方荒涼，家境也一直清貧。,,storybook_cn_v1,p141,16:9,,,,,,pending
p141_s02,141,2,雨中黃葉樹，燈下白頭人。,雨中黃葉落滿樹，燈下只見我這個白髮老人。,,storybook_cn_v1,p141,16:9,,,,,,pending
p141_s03,141,3,以我獨沈久，愧君相訪頻。,我獨自沉寂已很久，你卻一次次來探望，讓我既感動又有些過意不去。,,storybook_cn_v1,p141,16:9,,,,,,pending
p141_s04,141,4,平生自有分，況是蔡家親。,我們本來一生就有深厚緣分，更何況還是親戚。,,storybook_cn_v1,p141,16:9,,,,,,pending
p142_s01,142,1,世亂同南去，時清獨北還。,天下動亂時我們一起往南逃，如今太平了，你一個人回北方。,,storybook_cn_v1,p142,16:9,,,,,,pending
p142_s02,142,2,他鄉生白髮，舊國見青山。,在異鄉多年都長出白髮，回到舊國時又會看見熟悉青山。,,storybook_cn_v1,p142,16:9,,,,,,pending
p142_s03,142,3,曉月過殘壘，繁星宿故關。,清晨帶著月色走過殘破營壘，夜裡在故關下伴著滿天星星住宿。,,storybook_cn_v1,p142,16:9,,,,,,pending
p142_s04,142,4,寒禽與衰草，處處伴愁顏。,寒冷鳥兒和枯草一路相伴，到處都讓人看了帶著愁意。,,storybook_cn_v1,p142,16:9,,,,,,pending
p143_s01,143,1,天地英雄氣，千秋尚凜然。,劉備那種英雄氣概充滿天地，過了千年仍讓人感到敬畏。,,storybook_cn_v1,p143,16:9,,,,,,pending
p143_s02,143,2,勢分三足鼎，業復五銖錢。,他在三國鼎立中建立蜀漢，也恢復使用漢朝的五銖錢，延續漢室理想。,,storybook_cn_v1,p143,16:9,,,,,,pending
p143_s03,143,3,得相能開國，生兒不象賢。,他得到諸葛亮這樣的賢相才能開國，可惜兒子沒有像他一樣有能力。,,storybook_cn_v1,p143,16:9,,,,,,pending
p143_s04,143,4,淒涼蜀故妓，來舞魏宮前。,最後蜀國滅亡，從前宮中的歌舞女子竟要到魏國宮廷前表演，實在淒涼。,,storybook_cn_v1,p143,16:9,,,,,,pending
p144_s01,144,1,前年伐月支，城上沒全師。,前年軍隊出征西域，在城下全軍失去消息。,,storybook_cn_v1,p144,16:9,,,,,,pending
p144_s02,144,2,蕃漢斷消息，死生長別離。,從此漢地和外族之間消息中斷，朋友到底生死如何都不知道，像永遠分離。,,storybook_cn_v1,p144,16:9,,,,,,pending
p144_s03,144,3,無人收廢帳，歸馬識殘旗。,沒有人收拾廢棄軍帳，只有回來的戰馬還認得殘破軍旗。,,storybook_cn_v1,p144,16:9,,,,,,pending
p144_s04,144,4,欲祭疑君在，天涯哭此時。,想祭拜你又怕其實你還活著，我只能在天涯這一刻為你哭泣。,,storybook_cn_v1,p144,16:9,,,,,,pending
p145_s01,145,1,離離原上草，一歲一枯榮。,原野上的青草茂盛，一年裡會枯一次，也會再長一次。,,storybook_cn_v1,p145,16:9,,,,,,pending
p145_s02,145,2,野火燒不盡，春風吹又生。,野火怎麼燒也燒不完，春風一吹又重新長出來。,,storybook_cn_v1,p145,16:9,,,,,,pending
p145_s03,145,3,遠芳侵古道，晴翠接荒城。,遠遠草香沿著古道延伸，晴天翠綠一直接到荒城。,,storybook_cn_v1,p145,16:9,,,,,,pending
p145_s04,145,4,又送王孫去，萋萋滿別情。,今天我又送朋友遠去，滿地茂草也像裝滿了離別的不捨。,,storybook_cn_v1,p145,16:9,,,,,,pending
p146_s01,146,1,旅館無良伴，凝情自悄然。,旅館裡沒有好朋友陪伴，我一個人安靜地想著心事。,,storybook_cn_v1,p146,16:9,,,,,,pending
p146_s02,146,2,寒燈思舊事，斷雁警愁眠。,寒冷燈光下回想往事，失群的大雁叫聲又驚醒我帶愁的睡眠。,,storybook_cn_v1,p146,16:9,,,,,,pending
p146_s03,146,3,遠夢歸侵曉，家書到隔年。,夢裡遠遠回家，一直到天快亮；家書卻隔了一整年才收到。,,storybook_cn_v1,p146,16:9,,,,,,pending
p146_s04,146,4,湘江好煙月，門繫釣魚船。,湘江煙月其實很美，可門前只繫著一艘孤單的釣魚船。,,storybook_cn_v1,p146,16:9,,,,,,pending
p147_s01,147,1,紅葉晚蕭蕭，長亭酒一瓢。,傍晚紅葉在風中蕭蕭落下，我在長亭帶著一瓢酒休息。,,storybook_cn_v1,p147,16:9,,,,,,pending
p147_s02,147,2,殘雲歸太華，疏雨過中條。,剩下的雲飄回華山，細雨也剛越過中條山。,,storybook_cn_v1,p147,16:9,,,,,,pending
p147_s03,147,3,樹色隨山迥，河聲入海遙。,樹木顏色隨山越來越遠，黃河聲音一路向遙遠大海奔去。,,storybook_cn_v1,p147,16:9,,,,,,pending
p147_s04,147,4,帝鄉明日到，猶自夢漁樵。,明天就要到京城了，我心裡卻還夢想著漁夫樵夫般自在生活。,,storybook_cn_v1,p147,16:9,,,,,,pending
p148_s01,148,1,遙夜泛清瑟，西風生翠蘿。,漫長夜裡傳來清冷琴瑟般的聲音，西風吹動青翠藤蘿。,,storybook_cn_v1,p148,16:9,,,,,,pending
p148_s02,148,2,殘螢棲玉露，早雁拂金河。,剩下幾隻螢火蟲停在帶露草木間，早到的大雁掠過銀河般夜空。,,storybook_cn_v1,p148,16:9,,,,,,pending
p148_s03,148,3,高樹曉還密，遠山晴更多。,清晨高樹葉子還很密，天晴後遠方山峰反而看得更多。,,storybook_cn_v1,p148,16:9,,,,,,pending
p148_s04,148,4,淮南一葉下，自覺洞庭波。,淮南一片葉子落下，我就感覺到洞庭湖那邊秋天已經來了。,,storybook_cn_v1,p148,16:9,,,,,,pending
p149_s01,149,1,本以高難飽，徒勞恨費聲。,蟬因住得高、只飲露水，本來就難吃飽，再怎麼鳴叫抱怨也沒有用。,,storybook_cn_v1,p149,16:9,,,,,,pending
p149_s02,149,2,五更疏欲斷，一樹碧無情。,五更時叫聲越來越稀，快要斷了，可整棵綠樹仍無動於衷。,,storybook_cn_v1,p149,16:9,,,,,,pending
p149_s03,149,3,薄宦梗猶泛，故園蕪已平。,我做著小官也像樹枝漂在水上沒有依靠，故鄉田園可能早已荒蕪。,,storybook_cn_v1,p149,16:9,,,,,,pending
p149_s04,149,4,煩君最相警，我亦舉家清。,謝謝蟬聲一直提醒我；我和你一樣，也過著清苦而自守的生活。,,storybook_cn_v1,p149,16:9,,,,,,pending
p150_s01,150,1,淒涼寶劍篇，羈泊欲窮年。,想到古人持劍建功的故事更覺淒涼，我漂泊在外好像一年都要走到盡頭。,,storybook_cn_v1,p150,16:9,,,,,,pending
p150_s02,150,2,黃葉仍風雨，青樓自管絃。,黃葉已經凋落，偏偏又遇風雨；富貴人家卻仍自在聽著音樂。,,storybook_cn_v1,p150,16:9,,,,,,pending
p150_s03,150,3,新知遭薄俗，舊好隔良緣。,新認識的人受到冷淡世俗影響，老朋友又因各種原因無法相聚。,,storybook_cn_v1,p150,16:9,,,,,,pending
p150_s04,150,4,心斷新豐酒，銷愁斗幾千。,我想起新豐美酒也心痛，不知道要喝多少才能把愁消掉。,,storybook_cn_v1,p150,16:9,,,,,,pending
p151_s01,151,1,高閣客竟去，小園花亂飛。,高樓上的客人都已離去，小園裡花瓣卻還亂飛。,,storybook_cn_v1,p151,16:9,,,,,,pending
p151_s02,151,2,參差連曲陌，迢遞送斜暉。,花落得高低不一，沿著彎曲小路一路飄向夕陽遠處。,,storybook_cn_v1,p151,16:9,,,,,,pending
p151_s03,151,3,腸斷未忍掃，眼穿仍欲歸。,我難過得不忍掃掉落花，望眼欲穿又盼著離人回來。,,storybook_cn_v1,p151,16:9,,,,,,pending
p151_s04,151,4,芳心向春盡，所得是沾衣。,花兒把一顆芳心交給春天，春盡後換來的卻只是我的淚水沾衣。,,storybook_cn_v1,p151,16:9,,,,,,pending
p152_s01,152,1,客去波平檻，蟬休露滿枝。,客人離開後，水面在欄杆外恢復平靜；蟬也不叫了，露水沾滿樹枝。,,storybook_cn_v1,p152,16:9,,,,,,pending
p152_s02,152,2,永懷當此節，倚立自移時。,每到這個季節我就長久想念，只靠著欄杆站了很久。,,storybook_cn_v1,p152,16:9,,,,,,pending
p152_s03,152,3,北斗兼春遠，南陵寓使遲。,北斗高懸，春天早已遠去；寄往南陵的信使又遲遲沒回來。,,storybook_cn_v1,p152,16:9,,,,,,pending
p152_s04,152,4,天涯占夢數，疑誤有新知。,人在天涯常靠夢猜消息，甚至懷疑是不是有了新的朋友，所以忘了我。,,storybook_cn_v1,p152,16:9,,,,,,pending
p153_s01,153,1,殘陽西入崦，茅屋訪孤僧。,殘陽向西落進山後，我到山中茅屋拜訪一位孤僧。,,storybook_cn_v1,p153,16:9,,,,,,pending
p153_s02,153,2,落葉人何在，寒雲路幾層。,落葉滿地卻不知道人在何處，寒雲遮路，還要走好幾層山。,,storybook_cn_v1,p153,16:9,,,,,,pending
p153_s03,153,3,獨敲初夜磬，閑倚一枝藤。,初夜只聽他獨自敲磬，平時就靠著一根藤杖自在生活。,,storybook_cn_v1,p153,16:9,,,,,,pending
p153_s04,153,4,世界微塵裏，吾寧愛與憎。,世界其實像微小塵埃，我又何必太執著自己的喜歡和討厭呢？,,storybook_cn_v1,p153,16:9,,,,,,pending
p154_s01,154,1,荒戍落黃葉，浩然離故關。,荒涼邊城落著黃葉，你帶著豪邁心情離開故鄉關口向東走。,,storybook_cn_v1,p154,16:9,,,,,,pending
p154_s02,154,2,高風漢陽渡，初日郢門山。,漢陽渡口吹著高風，清晨太陽從郢門山升起。,,storybook_cn_v1,p154,16:9,,,,,,pending
p154_s03,154,3,江上幾人在，天涯孤棹還。,江上還有幾個朋友在送你，而你將駕孤舟一路回到天涯遠方。,,storybook_cn_v1,p154,16:9,,,,,,pending
p154_s04,154,4,何當重相見，樽酒慰離顏。,不知道什麼時候才能再見，到時真想用一杯酒安慰離別後的心情。,,storybook_cn_v1,p154,16:9,,,,,,pending
p155_s01,155,1,灞原風雨定，晚見雁行頻。,灞原風雨停下，傍晚常看見一行行大雁飛過。,,storybook_cn_v1,p155,16:9,,,,,,pending
p155_s02,155,2,落葉他鄉樹，寒燈獨夜人。,他鄉樹木一直落葉，寒燈下只有我一個人在夜裡坐著。,,storybook_cn_v1,p155,16:9,,,,,,pending
p155_s03,155,3,空園白露滴，孤壁野僧鄰。,空園裡白露一滴滴落下，隔壁只有一位住在孤屋的野僧。,,storybook_cn_v1,p155,16:9,,,,,,pending
p155_s04,155,4,寄臥郊扉久，何年致此身？,我寄住郊外已很久，不知道哪一年才能真正找到自己的位置。,,storybook_cn_v1,p155,16:9,,,,,,pending
p156_s01,156,1,露氣寒光集，微陽下楚丘。,露氣凝成寒冷清光，微弱夕陽慢慢落到楚地山丘後。,,storybook_cn_v1,p156,16:9,,,,,,pending
p156_s02,156,2,猿啼洞庭樹，人在木蘭舟。,洞庭湖邊樹上猿猴鳴叫，我坐在木蘭做的小船上。,,storybook_cn_v1,p156,16:9,,,,,,pending
p156_s03,156,3,廣澤生明月，蒼山夾亂流。,遼闊水面升起明月，蒼青山峰夾著混亂奔流的水道。,,storybook_cn_v1,p156,16:9,,,,,,pending
p156_s04,156,4,雲中君不見，竟夕自悲秋。,我看不見想念的人，只能整晚一個人為秋天景色感傷。,,storybook_cn_v1,p156,16:9,,,,,,pending
p157_s01,157,1,調角斷清秋，征人倚戍樓。,清亮秋天裡號角聲突然中斷，遠征的人靠在守城樓上。,,storybook_cn_v1,p157,16:9,,,,,,pending
p157_s02,157,2,春風對青塚，白日落梁州。,春風吹過昭君青塚，白日又在梁州方向落下。,,storybook_cn_v1,p157,16:9,,,,,,pending
p157_s03,157,3,大漠無兵阻，窮邊有客遊。,大漠如今沒有戰爭阻擋，最遠邊地也有人來往遊走。,,storybook_cn_v1,p157,16:9,,,,,,pending
p157_s04,157,4,蕃情似此水，長願向南流。,希望邊族和中原的感情也像這條水一樣，長久向南流來、和平相通。,,storybook_cn_v1,p157,16:9,,,,,,pending
p158_s01,158,1,迢遞三巴路，羈危萬里身。,通往三巴的路又遠又長，我一個人漂泊萬里，處境很不安穩。,,storybook_cn_v1,p158,16:9,,,,,,pending
p158_s02,158,2,亂山殘雪夜，孤獨異鄉春。,亂山殘雪的除夕夜，我獨自在異鄉迎接新春。,,storybook_cn_v1,p158,16:9,,,,,,pending
p158_s03,158,3,漸與骨肉遠，轉於僮僕親。,離親人越來越遠，反而和一路照顧我的童僕越來越親近。,,storybook_cn_v1,p158,16:9,,,,,,pending
p158_s04,158,4,那堪正飄泊，明日歲華新。,本來就在漂泊，偏偏明天又是新的一年，更讓人感到孤單。,,storybook_cn_v1,p158,16:9,,,,,,pending
p159_s01,159,1,幾行歸塞盡，片影獨何之。,一行行大雁都已飛回邊塞，只剩你一個孤單影子要往哪裡去？,,storybook_cn_v1,p159,16:9,,,,,,pending
p159_s02,159,2,暮雨相呼失，寒塘欲下遲。,傍晚雨裡你和同伴失散，想落到寒冷池塘，又遲疑不敢下去。,,storybook_cn_v1,p159,16:9,,,,,,pending
p159_s03,159,3,渚雲低暗渡，關月冷相隨。,沙洲上低雲遮暗渡口，冷冷關月一路陪著你。,,storybook_cn_v1,p159,16:9,,,,,,pending
p159_s04,159,4,未必逢矰繳，孤飛自可疑。,就算未必真的遇到獵人的箭網，孤零零飛著也難免一直害怕。,,storybook_cn_v1,p159,16:9,,,,,,pending
p160_s01,160,1,早被嬋娟誤，欲妝臨鏡慵。,年輕時因美貌進宮，反而像被美貌耽誤了，如今連對鏡梳妝都懶得做。,,storybook_cn_v1,p160,16:9,,,,,,pending
p160_s02,160,2,承恩不在貌，教妾若爲容。,皇帝的寵愛本來就不只看容貌，那我要怎麼打扮才能改變命運呢？,,storybook_cn_v1,p160,16:9,,,,,,pending
p160_s03,160,3,風暖鳥聲碎，日高花影重。,暖風吹來，鳥聲細碎，太陽升高，花影一層層變重。,,storybook_cn_v1,p160,16:9,,,,,,pending
p160_s04,160,4,年年越溪女，相憶採芙蓉。,年年我都想起故鄉越溪那些女子，她們還能自在去採蓮花。,,storybook_cn_v1,p160,16:9,,,,,,pending
p161_s01,161,1,清瑟怨遙夜，繞絃風雨哀。,清冷瑟聲在漫長夜裡帶著哀怨，琴弦間的聲音像風雨般淒楚。,,storybook_cn_v1,p161,16:9,,,,,,pending
p161_s02,161,2,孤燈聞楚角，殘月下章臺。,孤燈下聽見楚地號角，殘月也慢慢落到章臺後面。,,storybook_cn_v1,p161,16:9,,,,,,pending
p161_s03,161,3,芳草已云暮，故人殊未來。,芳草都快凋盡了，想等的朋友卻還是沒有來。,,storybook_cn_v1,p161,16:9,,,,,,pending
p161_s04,161,4,鄉書不可寄，秋雁又南迴。,想寄家書也寄不到，秋天大雁又已經向南飛走。,,storybook_cn_v1,p161,16:9,,,,,,pending
p162_s01,162,1,移家雖帶郭，野徑入桑麻。,陸羽雖搬到城外不遠，去他家的小路還是穿過桑田麻地。,,storybook_cn_v1,p162,16:9,,,,,,pending
p162_s02,162,2,近種籬邊菊，秋來未著花。,籬笆邊新種了菊花，到了秋天還沒有開。,,storybook_cn_v1,p162,16:9,,,,,,pending
p162_s03,162,3,扣門無犬吠，欲去問西家。,我敲門連狗叫都沒聽見，正想離開，就去問西邊鄰居。,,storybook_cn_v1,p162,16:9,,,,,,pending
p162_s04,162,4,報道山中去，歸時每日斜。,鄰居說他進山去了，平常總要到夕陽西斜才回來。,,storybook_cn_v1,p162,16:9,,,,,,pending
p163_s01,163,1,昔人已乘黃鶴去，此地空餘黃鶴樓。,傳說以前仙人騎黃鶴離開，如今只留下這座黃鶴樓。,,storybook_cn_v1,p163,16:9,,,,,,pending
p163_s02,163,2,黃鶴一去不復返，白雲千載空悠悠。,黃鶴飛走後再也沒回來，只有白雲千年來仍慢慢飄著。,,storybook_cn_v1,p163,16:9,,,,,,pending
p163_s03,163,3,晴川歷歷漢陽樹，芳草萋萋鸚鵡洲。,晴天可以清楚看見漢陽樹木，鸚鵡洲上芳草長得很茂盛。,,storybook_cn_v1,p163,16:9,,,,,,pending
p163_s04,163,4,日暮鄉關何處是？煙波江上使人愁。,天快黑了，我的故鄉到底在哪裡？江上煙波讓人更想家、更發愁。,,storybook_cn_v1,p163,16:9,,,,,,pending
p164_s01,164,1,岧嶤太華俯咸京，天外三峰削不成。,高高華山俯看咸陽京城，三座主峰像從天空外直直削出。,,storybook_cn_v1,p164,16:9,,,,,,pending
p164_s02,164,2,武帝祠前雲欲散，仙人掌上雨初晴。,漢武帝祠前雲霧正散，仙人掌峰上雨剛停，天色放晴。,,storybook_cn_v1,p164,16:9,,,,,,pending
p164_s03,164,3,河山北枕秦關險，驛樹西連漢畤平。,北面河山靠著險要秦關，西邊驛路樹木一路連到古祭壇平原。,,storybook_cn_v1,p164,16:9,,,,,,pending
p164_s04,164,4,借問路傍名利客，無如此處學長生。,想問路上追名逐利的人，何不在這樣的地方學著過清靜長久的生活？,,storybook_cn_v1,p164,16:9,,,,,,pending
p165_s01,165,1,燕臺一望客心驚，簫鼓喧喧漢將營。,登上燕臺一望，眼前軍營景象讓旅人心頭一震，簫鼓聲不斷。,,storybook_cn_v1,p165,16:9,,,,,,pending
p165_s02,165,2,萬里寒光生積雪，三邊曙色動危旌。,萬里積雪發出寒光，邊境清晨高旗在風中搖動。,,storybook_cn_v1,p165,16:9,,,,,,pending
p165_s03,165,3,沙場烽火連胡月，海畔雲山擁薊城。,沙場烽火連著北方月色，海邊雲山環抱著薊城。,,storybook_cn_v1,p165,16:9,,,,,,pending
p165_s04,165,4,少小雖非投筆吏，論功還欲請長纓。,我年輕時雖不是投筆從軍的人，如今仍想請纓出戰、建立功勞。,,storybook_cn_v1,p165,16:9,,,,,,pending
p166_s01,166,1,漢文皇帝有高臺，此日登臨曙色開。,漢文帝留下高臺，今天重陽登臨時，清晨天色正慢慢開朗。,,storybook_cn_v1,p166,16:9,,,,,,pending
p166_s02,166,2,三晉雲山皆北向，二陵風雨自東來。,三晉方向雲山都向北延伸，二陵那邊風雨從東方而來。,,storybook_cn_v1,p166,16:9,,,,,,pending
p166_s03,166,3,關門令尹誰能識，河上仙翁去不回。,當年函谷關的守關人有誰真正認識？河上仙翁也早已離去不回。,,storybook_cn_v1,p166,16:9,,,,,,pending
p166_s04,166,4,且欲近尋彭澤宰，陶然共醉菊花杯。,與其追尋仙人，不如去找像陶淵明那樣的人，一起在菊花旁喝酒。,,storybook_cn_v1,p166,16:9,,,,,,pending
p167_s01,167,1,朝聞遊子唱離歌，昨夜微霜初渡河。,清晨聽見你唱離歌，昨夜微霜才剛落下，你就渡河遠行。,,storybook_cn_v1,p167,16:9,,,,,,pending
p167_s02,167,2,鴻鴈不堪愁裏聽，雲山況是客中過。,心裡已經很愁，再聽大雁叫更受不了，何況還要在旅途中穿過雲山。,,storybook_cn_v1,p167,16:9,,,,,,pending
p167_s03,167,3,關城樹色催寒近，御苑砧聲向晚多。,關城樹色提醒寒天快到，傍晚京城又到處傳來搗衣聲。,,storybook_cn_v1,p167,16:9,,,,,,pending
p167_s04,167,4,莫見長安行樂處，空令歲月易蹉跎。,到了長安別只顧著遊樂，不要讓寶貴歲月白白過去。,,storybook_cn_v1,p167,16:9,,,,,,pending
p168_s01,168,1,鳳凰臺上鳳凰遊，鳳去臺空江自流。,從前鳳凰曾在鳳凰臺上飛舞，鳳凰走後高臺空了，江水仍自己流著。,,storybook_cn_v1,p168,16:9,,,,,,pending
p168_s02,168,2,吳宮花草埋幽徑，晉代衣冠成古丘。,吳國宮殿已被花草埋沒，晉代那些顯貴人物也只剩古老墳丘。,,storybook_cn_v1,p168,16:9,,,,,,pending
p168_s03,168,3,三山半落青天外，二水中分白鷺洲。,遠方三山半藏在青天之外，江水又被白鷺洲分成兩道。,,storybook_cn_v1,p168,16:9,,,,,,pending
p168_s04,168,4,總爲浮雲能蔽日，長安不見使人愁。,總因浮雲遮住太陽，我看不見長安，心裡因此感到憂愁。,,storybook_cn_v1,p168,16:9,,,,,,pending
p169_s01,169,1,嗟君此別意何如，駐馬銜桮問謫居。,唉，你們這次分別被貶到不同地方，心裡到底是什麼滋味？我停馬舉杯問你們去處。,,storybook_cn_v1,p169,16:9,,,,,,pending
p169_s02,169,2,巫峽啼猿數行淚，衡陽歸雁幾封書。,巫峽猿聲會讓人流淚，到了衡陽也許能靠北歸大雁寄幾封信。,,storybook_cn_v1,p169,16:9,,,,,,pending
p169_s03,169,3,青楓江上秋天遠，白帝城邊古木疎。,青楓江上秋天遙遠，白帝城邊古木稀疏，都是孤單景色。,,storybook_cn_v1,p169,16:9,,,,,,pending
p169_s04,169,4,聖代即今多雨露，暫時分手莫躊躇。,現在是太平時代，皇恩像雨露一樣終會照到大家；只是暫時分開，不必太難過。,,storybook_cn_v1,p169,16:9,,,,,,pending
p170_s01,170,1,雞鳴紫陌曙光寒，鶯囀皇州春色闌。,雞鳴時京城大道還帶寒意，黃鶯鳴叫，春天已接近尾聲。,,storybook_cn_v1,p170,16:9,,,,,,pending
p170_s02,170,2,金闕曉鐘開萬戶，玉階仙仗擁千官。,宮門曉鐘響起，千門打開，文武百官在玉階前列隊。,,storybook_cn_v1,p170,16:9,,,,,,pending
p170_s03,170,3,花迎劒珮星初落，柳拂旌旗露未乾。,花朵迎著官員佩劍玉飾，星光剛退；柳枝輕拂旗幟，露水還沒乾。,,storybook_cn_v1,p170,16:9,,,,,,pending
p170_s04,170,4,獨有鳳皇池上客，陽春一曲和皆難。,只有在中書省任職的人寫出這麼好的詩，像陽春白雪一樣很難和得上。,,storybook_cn_v1,p170,16:9,,,,,,pending
p171_s01,171,1,絳幘雞人送曉籌，尚衣方進翠雲裘。,戴紅帽的報時官送來清晨時刻，掌衣官正把皇帝的翠色衣裘送上。,,storybook_cn_v1,p171,16:9,,,,,,pending
p171_s02,171,2,九天閶闔開宮殿，萬國衣冠拜冕旒。,高高宮門層層打開，各國使臣和百官一起向皇帝行禮。,,storybook_cn_v1,p171,16:9,,,,,,pending
p171_s03,171,3,日色纔臨仙掌動，香煙欲傍衮龍浮。,太陽剛照到宮殿仙掌，香煙也繞著皇帝龍袍升起。,,storybook_cn_v1,p171,16:9,,,,,,pending
p171_s04,171,4,朝罷須裁五色詔，佩聲歸向鳳池頭。,早朝結束後，舍人還要草擬皇帝詔書，再佩玉叮噹地回到中書省。,,storybook_cn_v1,p171,16:9,,,,,,pending
p172_s01,172,1,渭水自縈秦塞曲，黃山舊繞漢宮斜。,渭水彎彎繞著秦地，黃山也一直斜繞在漢宮附近。,,storybook_cn_v1,p172,16:9,,,,,,pending
p172_s02,172,2,鑾輿迥出千門柳，閣道回看上苑花。,皇帝車駕遠遠穿過千門柳樹，從閣道回望御苑花朵。,,storybook_cn_v1,p172,16:9,,,,,,pending
p172_s03,172,3,雲裡帝城雙鳳闕，雨中春樹萬人家。,雲中的皇城雙闕高聳，春雨裡萬家樹木一片青翠。,,storybook_cn_v1,p172,16:9,,,,,,pending
p172_s04,172,4,為乘陽氣行時令，不是宸遊翫物華。,皇帝出行是順著春天時令體察民情，不只是出來欣賞美景。,,storybook_cn_v1,p172,16:9,,,,,,pending
p173_s01,173,1,積雨空林煙火遲，蒸藜炊黍餉東菑。,連日下雨，空林炊煙升得很慢，家人煮藜菜和小米送到東邊田裡。,,storybook_cn_v1,p173,16:9,,,,,,pending
p173_s02,173,2,漠漠水田飛白鷺，陰陰夏木囀黃鸝。,廣闊水田上白鷺飛過，濃密夏樹間黃鸝婉轉鳴叫。,,storybook_cn_v1,p173,16:9,,,,,,pending
p173_s03,173,3,山中習靜觀朝槿，松下清齋折露葵。,我在山中習慣安靜，早晨看木槿花開落，在松下清齋採帶露的葵菜。,,storybook_cn_v1,p173,16:9,,,,,,pending
p173_s04,173,4,野老與人爭席罷，海鷗何事更相疑。,如今我已不再和人爭座位，心境自然自在，海鷗又何必懷疑我有什麼心機？,,storybook_cn_v1,p173,16:9,,,,,,pending
p174_s01,174,1,洞門高閣靄餘輝，桃李陰陰柳絮飛。,宮門高閣還帶著夕陽餘光，桃李樹蔭濃密，柳絮隨風飄。,,storybook_cn_v1,p174,16:9,,,,,,pending
p174_s02,174,2,禁裡疏鐘官舍晚，省中啼鳥吏人稀。,宮中疏疏鐘聲傳到官舍，傍晚省裡鳥叫，人員也變少。,,storybook_cn_v1,p174,16:9,,,,,,pending
p174_s03,174,3,晨搖玉珮趨金殿，夕奉天書拜瑣闈。,早晨佩著玉飾趕去金殿，傍晚又拿著皇帝詔書回到官署。,,storybook_cn_v1,p174,16:9,,,,,,pending
p174_s04,174,4,強欲從君無那老，將因臥病解朝衣。,我很想繼續和你一起做官，可惜自己年老多病，大概要脫下朝服退下了。,,storybook_cn_v1,p174,16:9,,,,,,pending
p175_s01,175,1,丞相祠堂何處尋，錦官城外柏森森。,諸葛亮丞相的祠堂在哪裡？就在成都城外柏樹茂密的地方。,,storybook_cn_v1,p175,16:9,,,,,,pending
p175_s02,175,2,映階碧草自春色，隔葉黃鸝空好音。,台階旁碧草自己享受春色，樹葉後黃鸝好聽地唱著，卻顯得有些空寂。,,storybook_cn_v1,p175,16:9,,,,,,pending
p175_s03,175,3,三顧頻煩天下計，兩朝開濟老臣心。,劉備三次拜訪才請他出山，共商天下大計；他又用一生輔佐前後兩代君主。,,storybook_cn_v1,p175,16:9,,,,,,pending
p175_s04,175,4,出師未捷身先死，長使英雄淚滿襟。,可惜出師還沒成功，他就先去世了，讓後來英雄想到都會流淚。,,storybook_cn_v1,p175,16:9,,,,,,pending
p176_s01,176,1,舍南舍北皆春水，,我家南北兩邊都是春天漲起的水，,,storybook_cn_v1,p176,16:9,,,,,,pending
p176_s02,176,2,但見群鷗日日來。,平常只看見一群群海鷗每天飛來。,,storybook_cn_v1,p176,16:9,,,,,,pending
p176_s03,176,3,花徑不曾緣客掃，,花間小路平時不曾特地為客人打掃，,,storybook_cn_v1,p176,16:9,,,,,,pending
p176_s04,176,4,蓬門今始為君開。,今天為了你，我第一次把簡陋柴門打開。,,storybook_cn_v1,p176,16:9,,,,,,pending
p176_s05,176,5,盤飧市遠無兼味，,因為市場太遠，盤裡沒有很多好菜，,,storybook_cn_v1,p176,16:9,,,,,,pending
p176_s06,176,6,樽酒家貧只舊醅。,家裡也不富裕，只有以前釀的舊酒。,,storybook_cn_v1,p176,16:9,,,,,,pending
p176_s07,176,7,肯與鄰翁相對飲，,如果你願意，我們還可以請隔壁老人一起喝，,,storybook_cn_v1,p176,16:9,,,,,,pending
p176_s08,176,8,隔籬呼取盡餘杯。,我隔著籬笆喊他過來，把剩下的酒一起喝完。,,storybook_cn_v1,p176,16:9,,,,,,pending
p177_s01,177,1,西山白雪三奇戍，南浦清江萬里橋。,西山白雪下有幾處守軍，南浦清江旁就是萬里橋。,,storybook_cn_v1,p177,16:9,,,,,,pending
p177_s02,177,2,海內風塵諸弟隔，天涯涕淚一身遙。,天下仍有戰亂，我和弟弟們分散各地，自己在天涯流淚。,,storybook_cn_v1,p177,16:9,,,,,,pending
p177_s03,177,3,唯將遲暮供多病，未有涓埃答聖朝。,年紀晚了又常生病，卻還沒能為朝廷做出一點小小貢獻。,,storybook_cn_v1,p177,16:9,,,,,,pending
p177_s04,177,4,跨馬出郊時極目，不堪人事日蕭條。,有時騎馬到郊外遠望，看到世事一天比一天蕭條，實在難受。,,storybook_cn_v1,p177,16:9,,,,,,pending
p178_s01,178,1,劍外忽傳收薊北，初聞涕淚滿衣裳。,忽然在劍外聽說官軍收復薊北，我剛聽到就高興得眼淚沾滿衣服。,,storybook_cn_v1,p178,16:9,,,,,,pending
p178_s02,178,2,卻看妻子愁何在，漫捲詩書喜欲狂。,回頭看妻子孩子，原來愁容都不見了，我胡亂捲起詩書，高興得快發狂。,,storybook_cn_v1,p178,16:9,,,,,,pending
p178_s03,178,3,白日放歌須縱酒，青春作伴好還鄉。,白天要放聲唱歌、痛快喝酒，趁著大好春光正好一起回故鄉。,,storybook_cn_v1,p178,16:9,,,,,,pending
p178_s04,178,4,即從巴峽穿巫峽，便下襄陽向洛陽。,我已經想好路線：從巴峽穿巫峽，再到襄陽，一路奔向洛陽。,,storybook_cn_v1,p178,16:9,,,,,,pending
p179_s01,179,1,風急天高猿嘯哀，,風很急，天很高，猿猴叫聲聽來很悲哀，,,storybook_cn_v1,p179,16:9,,,,,,pending
p179_s02,179,2,渚清沙白鳥飛回。,沙洲水清、白沙明亮，鳥兒在空中盤旋。,,storybook_cn_v1,p179,16:9,,,,,,pending
p179_s03,179,3,無邊落木蕭蕭下，,無邊無際的落葉蕭蕭落下，,,storybook_cn_v1,p179,16:9,,,,,,pending
p179_s04,179,4,不盡長江滚滚來。,永不停息的長江滾滾流來。,,storybook_cn_v1,p179,16:9,,,,,,pending
p179_s05,179,5,萬里悲秋常作客，,我離家萬里，常在秋天作客，更覺悲傷，,,storybook_cn_v1,p179,16:9,,,,,,pending
p179_s06,179,6,百年多病獨登臺。,一生多病，今天又獨自登上高臺。,,storybook_cn_v1,p179,16:9,,,,,,pending
p179_s07,179,7,艱難苦恨繁霜鬢，,生活艱難又有許多遺憾，兩鬢白得越來越多，,,storybook_cn_v1,p179,16:9,,,,,,pending
p179_s08,179,8,潦倒新停濁酒杯。,近來身體不好，連平常用來解愁的酒也只好停了。,,storybook_cn_v1,p179,16:9,,,,,,pending
p180_s01,180,1,花近高樓傷客心，萬方多難此登臨。,花靠近高樓，卻只讓這個漂泊人更傷心；天下多難，我仍登樓遠望。,,storybook_cn_v1,p180,16:9,,,,,,pending
p180_s02,180,2,錦江春色來天地，玉壘浮雲變古今。,錦江春色鋪滿天地，玉壘山上浮雲變化，像看盡古今興衰。,,storybook_cn_v1,p180,16:9,,,,,,pending
p180_s03,180,3,北極朝廷終不改，西山寇盜莫相侵。,朝廷像北極星一樣終究不會動搖，西山敵人也別想來侵犯。,,storybook_cn_v1,p180,16:9,,,,,,pending
p180_s04,180,4,可憐後主還祠廟，日暮聊為梁甫吟。,可憐亡國後主還有人立祠祭拜，黃昏時我只好吟起古曲寄託心情。,,storybook_cn_v1,p180,16:9,,,,,,pending
p181_s01,181,1,清秋幕府井梧寒，獨宿江城蠟炬殘。,清秋幕府院裡井邊梧桐帶寒意，我一個人住在江城，看著蠟燭快燒完。,,storybook_cn_v1,p181,16:9,,,,,,pending
p181_s02,181,2,永夜角聲悲自語，中天月色好誰看。,漫長夜裡號角聲像自己在悲嘆，天空月色很好，卻不知道能和誰一起看。,,storybook_cn_v1,p181,16:9,,,,,,pending
p181_s03,181,3,風塵荏苒音書絕，關塞蕭條行路難。,多年戰亂讓朋友書信斷絕，關塞蕭條，路也很難走。,,storybook_cn_v1,p181,16:9,,,,,,pending
p181_s04,181,4,已忍伶俜十年事，強移棲息一枝安。,我已忍受十年孤單漂泊，如今只勉強換個地方安身，就像鳥暫棲一根枝條。,,storybook_cn_v1,p181,16:9,,,,,,pending
p182_s01,182,1,歲暮陰陽催短景，天涯霜雪霽寒霄。,年底日子變短，天涯霜雪停後，夜空寒冷又清澈。,,storybook_cn_v1,p182,16:9,,,,,,pending
p182_s02,182,2,五更鼓角聲悲壯，三峽星河影動搖。,五更鼓角聲又悲又壯，三峽水中星河倒影不停搖動。,,storybook_cn_v1,p182,16:9,,,,,,pending
p182_s03,182,3,野哭千家聞戰伐，夷歌數處起漁樵。,戰亂消息讓千家百姓在野外哭泣，漁夫樵夫中又傳來不同地方的歌聲。,,storybook_cn_v1,p182,16:9,,,,,,pending
p182_s04,182,4,臥龍躍馬終黃土，人事音書漫寂寥。,不管像諸葛亮或公孫述那樣的人物最後都歸黃土，眼前人事和書信也只剩寂寞。,,storybook_cn_v1,p182,16:9,,,,,,pending
p183_s01,183,1,支離東北風塵際，漂泊西南天地間。,我在東北戰亂中身體衰病，後來又漂泊到西南天地之間。,,storybook_cn_v1,p183,16:9,,,,,,pending
p183_s02,183,2,三峽樓臺淹日月，五溪衣服共雲山。,長久停留在三峽樓臺，和五溪地區不同服飾的人一起生活在雲山中。,,storybook_cn_v1,p183,16:9,,,,,,pending
p183_s03,183,3,羯胡事主終無賴，詞客哀時且未還。,叛亂胡將最後果然不可靠，而我這個憂時的詩人也還不能回家。,,storybook_cn_v1,p183,16:9,,,,,,pending
p183_s04,183,4,庾信平生最蕭瑟，暮年詩賦動江關。,想到庾信一生最是蕭瑟，晚年寫出的文章卻感動整個江關，我也很有共鳴。,,storybook_cn_v1,p183,16:9,,,,,,pending
p184_s01,184,1,搖落深知宋玉悲，風流儒雅亦吾師。,看秋葉凋落，我更懂宋玉當年的悲秋，他文雅有才，也是我敬仰的前輩。,,storybook_cn_v1,p184,16:9,,,,,,pending
p184_s02,184,2,悵望千秋一灑淚，蕭條異代不同時。,隔著千年遙望，我忍不住落淚；雖在不同時代，都有相似的蕭條感受。,,storybook_cn_v1,p184,16:9,,,,,,pending
p184_s03,184,3,江山故宅空文藻，雲雨荒臺豈夢思。,美麗江山和舊宅只留下他的文章，楚王雲雨故事難道只是荒臺上的夢嗎？,,storybook_cn_v1,p184,16:9,,,,,,pending
p184_s04,184,4,最是楚宮俱泯滅，舟人指點到今疑。,連楚宮都完全消失了，如今船夫指著遺址時，大家還不確定到底在哪裡。,,storybook_cn_v1,p184,16:9,,,,,,pending
p185_s01,185,1,羣山萬壑赴荆門，生長明妃尚有村。,群山萬谷一起奔向荊門，那裡附近還有王昭君出生的村子。,,storybook_cn_v1,p185,16:9,,,,,,pending
p185_s02,185,2,一去紫臺連朔漠，獨留青塚向黃昏。,她一離開漢宮就遠去北方沙漠，只留下青塚面向黃昏。,,storybook_cn_v1,p185,16:9,,,,,,pending
p185_s03,185,3,畫圖省識春風面，環佩空歸月夜魂。,皇帝只從畫像認識她美貌，月夜裡只有她佩玉般的魂魄想回故鄉。,,storybook_cn_v1,p185,16:9,,,,,,pending
p185_s04,185,4,千載琵琶作胡語，分明怨恨曲中論。,千年以來琵琶彈著胡地曲調，像一直在訴說她遠嫁異鄉的怨愁。,,storybook_cn_v1,p185,16:9,,,,,,pending
p186_s01,186,1,蜀主窺吳幸三峽，崩年亦在永安宮。,蜀主劉備想攻吳國，幸至三峽，後來也在永安宮去世。,,storybook_cn_v1,p186,16:9,,,,,,pending
p186_s02,186,2,翠華想像空山裏，玉殿虛無野寺中。,如今只能想像當年皇帝車旗曾出現在空山中，華麗宮殿也早變成野寺。,,storybook_cn_v1,p186,16:9,,,,,,pending
p186_s03,186,3,古廟杉松巢水鶴，歲時伏臘走村翁。,古廟杉松上水鳥築巢，每逢節日村中老人仍趕來祭拜。,,storybook_cn_v1,p186,16:9,,,,,,pending
p186_s04,186,4,武侯祠屋常鄰近，一體君臣祭祀同。,諸葛亮祠就在附近，君臣兩人像一體一樣，一直到後世都一起受祭祀。,,storybook_cn_v1,p186,16:9,,,,,,pending
p187_s01,187,1,諸葛大名垂宇宙，宗臣遺像肅清高。,諸葛亮的大名傳遍天地，他留下的形象莊重清高。,,storybook_cn_v1,p187,16:9,,,,,,pending
p187_s02,187,2,三分割據紆籌策，萬古雲霄一羽毛。,三國局勢靠他精心策畫，而他的人品才華在千古人物中像高空一根羽毛般出眾。,,storybook_cn_v1,p187,16:9,,,,,,pending
p187_s03,187,3,伯仲之間見伊呂，指揮若定失蕭曹。,他的才能可以和伊尹、呂尚相比，指揮鎮定甚至不輸蕭何曹參。,,storybook_cn_v1,p187,16:9,,,,,,pending
p187_s04,187,4,運移漢祚終難復，志決身殲軍務勞。,可惜時代命運已變，漢朝終究無法恢復；他意志堅決，最後因軍務勞累去世。,,storybook_cn_v1,p187,16:9,,,,,,pending
p188_s01,188,1,生涯豈料承優詔，世事空知學醉歌。,人生哪想到還能得到較好的詔命？世事變化太多，我只學會用喝酒唱歌安慰自己。,,storybook_cn_v1,p188,16:9,,,,,,pending
p188_s02,188,2,江上月明胡鴈過，淮南木落楚山多。,江上月明，大雁飛過；淮南樹葉凋落，楚地山色一重又一重。,,storybook_cn_v1,p188,16:9,,,,,,pending
p188_s03,188,3,寄身且喜滄洲近，顧影無如白髮何。,暫時寄身在水邊還算可喜，可看見自己白髮卻毫無辦法。,,storybook_cn_v1,p188,16:9,,,,,,pending
p188_s04,188,4,今日龍鍾人共棄，媿君猶遣慎風波。,如今我老態龍鍾，很多人都不再理會，慚愧你還特地提醒我小心風浪。,,storybook_cn_v1,p188,16:9,,,,,,pending
p189_s01,189,1,三年謫宦此棲遲，萬古惟留楚客悲。,賈誼被貶後在這裡住了三年，千百年來只留下失意楚客的悲哀。,,storybook_cn_v1,p189,16:9,,,,,,pending
p189_s02,189,2,秋草獨尋人去後，寒林空見日斜時。,秋草中我獨自尋找他離去後的舊宅，只看見寒林裡夕陽西斜。,,storybook_cn_v1,p189,16:9,,,,,,pending
p189_s03,189,3,漢文有道恩猶薄，湘水無情弔豈知。,漢文帝算是好皇帝，對賈誼的恩遇仍太薄；湘水無情，哪懂後人前來憑弔？,,storybook_cn_v1,p189,16:9,,,,,,pending
p189_s04,189,4,寂寂江山搖落處，憐君何事到天涯。,江山寂寞、草木凋落，我憐惜你當年為什麼也會被放逐到天涯。,,storybook_cn_v1,p189,16:9,,,,,,pending
p190_s01,190,1,汀洲無浪復無煙，楚客相思益渺然。,沙洲上沒有浪也沒有煙，我這個楚地旅人想朋友，心情更加遙遠迷茫。,,storybook_cn_v1,p190,16:9,,,,,,pending
p190_s02,190,2,漢口夕陽斜渡鳥，洞庭秋水遠連天。,漢口夕陽下鳥斜斜飛過，洞庭秋水一直連到天邊。,,storybook_cn_v1,p190,16:9,,,,,,pending
p190_s03,190,3,孤城背嶺寒吹角，獨樹臨江夜泊船。,孤城背山，寒風裡號角響起；一棵孤樹臨江，我的船夜裡就泊在旁邊。,,storybook_cn_v1,p190,16:9,,,,,,pending
p190_s04,190,4,賈誼上書憂漢室，長沙謫去古今憐。,古代賈誼因上書憂國被貶長沙，古今的人想到他都很同情。,,storybook_cn_v1,p190,16:9,,,,,,pending
p191_s01,191,1,二月黃鶯飛上林，春城紫禁曉陰陰。,二月黃鶯飛入皇家園林，春天京城清晨還有淡淡陰雲。,,storybook_cn_v1,p191,16:9,,,,,,pending
p191_s02,191,2,長樂鐘聲花外盡，龍池柳色雨中深。,長樂宮鐘聲穿過花外漸漸消失，龍池柳樹在春雨裡顏色更深。,,storybook_cn_v1,p191,16:9,,,,,,pending
p191_s03,191,3,陽和不散窮途恨，霄漢長懷捧日新。,和暖春氣也消不了我不得志的遺憾，我一直盼望有機會為朝廷效力。,,storybook_cn_v1,p191,16:9,,,,,,pending
p191_s04,191,4,獻賦十年猶未遇，羞將白髮對華簪。,我獻文章求機會已十年還沒被賞識，白髮漸多，面對顯貴官帽都覺得不好意思。,,storybook_cn_v1,p191,16:9,,,,,,pending
p192_s01,192,1,去年花裏逢君別，今日花開已一年。,去年花開時和你分別，今天花又開了，竟已整整一年。,,storybook_cn_v1,p192,16:9,,,,,,pending
p192_s02,192,2,世事茫茫難自料，春愁黯黯獨成眠。,世事茫茫很難預料，春天愁悶中我常一個人睡著。,,storybook_cn_v1,p192,16:9,,,,,,pending
p192_s03,192,3,身多疾病思田里，邑有流亡愧俸錢。,自己多病，很想回鄉下；又想到城中有人流離失所，拿著官俸更覺慚愧。,,storybook_cn_v1,p192,16:9,,,,,,pending
p192_s04,192,4,聞道欲來相問訊，西樓望月幾廻圓。,聽說你想來探望我，我在西樓望月，不知道已等過多少次月圓。,,storybook_cn_v1,p192,16:9,,,,,,pending
p193_s01,193,1,仙台下見五城樓，風物悽悽宿雨收。,從仙觀高臺往下看見五城樓，昨夜雨停後景色帶著清冷。,,storybook_cn_v1,p193,16:9,,,,,,pending
p193_s02,193,2,山色遙連秦樹晚，砧聲近報漢宮秋。,遠方山色連著秦地暮樹，近處搗衣聲提醒漢宮秋天來了。,,storybook_cn_v1,p193,16:9,,,,,,pending
p193_s03,193,3,疏鬆影落空壇靜，細草香閒小洞幽。,稀疏松影落在空壇上十分安靜，細草帶香，小洞更顯幽深。,,storybook_cn_v1,p193,16:9,,,,,,pending
p193_s04,193,4,何用別尋方外去，人間亦自有丹丘。,何必另外去世外尋仙境？人間也有像丹丘一樣清靜美好的地方。,,storybook_cn_v1,p193,16:9,,,,,,pending
p194_s01,194,1,鶯啼燕語報新年，馬邑龍堆路幾千。,黃鶯燕子都在報告新年到了，可丈夫所在的馬邑、龍堆卻在幾千里外。,,storybook_cn_v1,p194,16:9,,,,,,pending
p194_s02,194,2,家住秦城鄰漢苑，心隨明月到胡天。,我的家在秦城靠近皇家園林，心卻跟著明月飛到北方邊地。,,storybook_cn_v1,p194,16:9,,,,,,pending
p194_s03,194,3,機中錦字論長恨，樓上花枝笑獨眠。,我像古人織錦寄信一樣訴說長久思念，樓外花枝好像還笑我獨自睡覺。,,storybook_cn_v1,p194,16:9,,,,,,pending
p194_s04,194,4,爲問元戎竇車騎，何時反斾勒燕然。,想問帶兵的大將，什麼時候才能勝利回軍，讓征人都能回家？,,storybook_cn_v1,p194,16:9,,,,,,pending
p195_s01,195,1,雲開遠見漢陽城，猶是孤帆一日程。,雲散後遠遠看見漢陽城，可我的孤帆還要走一整天才到。,,storybook_cn_v1,p195,16:9,,,,,,pending
p195_s02,195,2,估客晝眠知浪靜，舟人夜語覺潮生。,商人白天能睡覺，就知道浪很平；船夫夜裡開始說話，就知道潮水漲了。,,storybook_cn_v1,p195,16:9,,,,,,pending
p195_s03,195,3,三湘衰鬢逢秋色，萬里歸心對月明。,漂泊三湘，頭髮已衰白，又遇秋色；面對明月，更想萬里之外的家。,,storybook_cn_v1,p195,16:9,,,,,,pending
p195_s04,195,4,舊業已隨征戰盡，更堪江上鼓鼙聲。,家中產業早在戰亂裡失去，現在江上又傳來戰鼓聲，更讓人受不了。,,storybook_cn_v1,p195,16:9,,,,,,pending
p196_s01,196,1,城上高樓接大荒，海天愁思正茫茫。,柳州城樓高高接著荒野，我面對海天，愁思也茫茫無邊。,,storybook_cn_v1,p196,16:9,,,,,,pending
p196_s02,196,2,驚風亂颭芙蓉水，密雨斜侵薜荔牆。,猛烈風把水上荷花吹得亂晃，密雨斜斜打在長滿薜荔的牆上。,,storybook_cn_v1,p196,16:9,,,,,,pending
p196_s03,196,3,嶺樹重遮千里目，江流曲似九迴腸。,山嶺樹木層層遮住千里視線，江水彎曲得像我的愁腸九轉。,,storybook_cn_v1,p196,16:9,,,,,,pending
p196_s04,196,4,共來百越文身地，猶自音書滯一鄉。,我們幾個都被貶到南方偏遠地區，彼此書信竟還被困在不同地方難以送達。,,storybook_cn_v1,p196,16:9,,,,,,pending
p197_s01,197,1,王濬樓船下益州，金陵王氣黯然收。,王濬帶著高大戰船從益州順江而下，金陵原本的王者氣勢一下消失。,,storybook_cn_v1,p197,16:9,,,,,,pending
p197_s02,197,2,千尋鐵鎖沈江底，一片降旛出石頭。,東吳用千尺鐵鍊封江也沉到水底，最後只見降旗從石頭城升起。,,storybook_cn_v1,p197,16:9,,,,,,pending
p197_s03,197,3,人世幾回傷往事，山形依舊枕寒流。,人世不知幾次為往事感傷，可山的形狀仍照舊靠著寒冷江流。,,storybook_cn_v1,p197,16:9,,,,,,pending
p197_s04,197,4,今逢四海為家日，故壘蕭蕭蘆荻秋。,如今天下統一、四海一家，只有舊堡在秋風中蘆葦蕭蕭。,,storybook_cn_v1,p197,16:9,,,,,,pending
p198_s01,198,1,謝公最小偏憐女，嫁與黔婁百事乖。,你本是謝家最受疼愛的小女兒，嫁給清貧的我後，很多事情都不如意。,,storybook_cn_v1,p198,16:9,,,,,,pending
p198_s02,198,2,顧我無衣搜藎篋，泥他沽酒拔金釵。,看我沒有衣服，你翻箱找布；我纏著你想買酒，你甚至拔下金釵換錢。,,storybook_cn_v1,p198,16:9,,,,,,pending
p198_s03,198,3,野蔬充膳甘長藿，落葉添薪仰古槐。,吃野菜也甘願，落葉不夠燒時還抬頭找老槐樹枯枝。,,storybook_cn_v1,p198,16:9,,,,,,pending
p198_s04,198,4,今日俸錢過十萬，與君營奠復營齋。,如今我的俸祿已很高，可你已不在，我只能替你準備祭品和法會。,,storybook_cn_v1,p198,16:9,,,,,,pending
p199_s01,199,1,昔日戲言身後意，今朝皆到眼前來。,以前我們曾開玩笑談過死後的事，如今那些話竟一件件真的出現在眼前。,,storybook_cn_v1,p199,16:9,,,,,,pending
p199_s02,199,2,衣裳已施行看盡，針線猶存未忍開。,你的衣服已陸續送給別人，快看不見了，可留下的針線我還捨不得打開。,,storybook_cn_v1,p199,16:9,,,,,,pending
p199_s03,199,3,尚想舊情憐婢僕，也曾因夢送錢財。,因想起你以前疼惜僕人，我現在也特別照顧他們；夢見你時還會想替你送些錢物。,,storybook_cn_v1,p199,16:9,,,,,,pending
p199_s04,199,4,誠知此恨人人有，貧賤夫妻百事哀。,我知道失去伴侶的痛很多人都有，但一起吃過苦的夫妻分離尤其讓人悲傷。,,storybook_cn_v1,p199,16:9,,,,,,pending
p200_s01,200,1,閒坐悲君亦自悲，百年都是幾多時？,閒坐時想你很悲傷，也想到自己一生其實沒有多少時間。,,storybook_cn_v1,p200,16:9,,,,,,pending
p200_s02,200,2,鄧攸無子尋知命，潘岳悼亡猶費詞。,鄧攸失去孩子只能接受命運，潘岳寫再多悼亡文章也換不回妻子。,,storybook_cn_v1,p200,16:9,,,,,,pending
p200_s03,200,3,同穴窅冥何所望，他生緣會更難期。,死後能不能同葬都很渺茫，更別說期待來生還能再相遇。,,storybook_cn_v1,p200,16:9,,,,,,pending
p200_s04,200,4,惟將終夜長開眼，報答平生未展眉。,我只能整夜睜著眼想你，像用餘生報答你從前跟著我時一直沒有真正舒展過眉頭。,,storybook_cn_v1,p200,16:9,,,,,,pending
p201_s01,201,1,自河南經亂、關內阻飢，兄弟離散各在一處，因望月有感，聊書所懷寄上浮梁大兄、於潛七兄、烏江十五兄，兼示符離及下邽弟妹。,白居易說戰亂和飢荒讓兄弟姊妹分散各地，他望著月亮想起家人，因此寫詩寄給不同地方的兄弟姊妹。,,storybook_cn_v1,p201,16:9,,,,,,pending
p201_s02,201,2,,,,storybook_cn_v1,p201,16:9,,,,,,pending
p201_s03,201,3,時難年荒世業空，弟兄羈旅各西東。,世道艱難又遇荒年，家中產業都空了，兄弟姊妹各自在不同地方漂泊。,,storybook_cn_v1,p201,16:9,,,,,,pending
p201_s04,201,4,田園寥落干戈後，骨肉流離道路中。,戰亂後田園荒涼，親人也流離失所、奔走在道路上。,,storybook_cn_v1,p201,16:9,,,,,,pending
p201_s05,201,5,弔影分爲千里雁，辭根散作九秋蓬。,我們像分飛千里的大雁，又像離開根部、在秋風中四散的蓬草。,,storybook_cn_v1,p201,16:9,,,,,,pending
p201_s06,201,6,共看明月應垂淚，一夜鄉心五處同。,大家此刻看著同一輪明月，應該都會流淚；這一夜五個地方都有同樣的思鄉心情。,,storybook_cn_v1,p201,16:9,,,,,,pending
p202_s01,202,1,錦瑟無端五十絃，一絃一柱思華年。,漂亮錦瑟不知為什麼有五十根弦，每一弦都讓我想起青春往事。,,storybook_cn_v1,p202,16:9,,,,,,pending
p202_s02,202,2,莊生曉夢迷蝴蝶，望帝春心託杜鵑。,像莊周夢見自己變蝴蝶，醒來分不清夢與真實；又像望帝把哀思寄在杜鵑聲裡。,,storybook_cn_v1,p202,16:9,,,,,,pending
p202_s03,202,3,滄海月明珠有淚，藍田日暖玉生煙。,海上月明，珍珠像含著眼淚；藍田日暖，美玉彷彿升起薄煙。,,storybook_cn_v1,p202,16:9,,,,,,pending
p202_s04,202,4,此情可待成追憶，只是當時已惘然。,這些感情何必等到以後才回憶？其實在當時，我就已經感到迷惘和惆悵。,,storybook_cn_v1,p202,16:9,,,,,,pending
p203_s01,203,1,昨夜星辰昨夜風，畫樓西畔桂堂東。,昨夜星星明亮、晚風吹拂，我記得相聚地方就在畫樓西邊、桂堂東邊。,,storybook_cn_v1,p203,16:9,,,,,,pending
p203_s02,203,2,身無綵鳳雙飛翼，心有靈犀一點通。,我們身上沒有彩鳳翅膀能一起飛，心意卻像犀角靈光一樣彼此相通。,,storybook_cn_v1,p203,16:9,,,,,,pending
p203_s03,203,3,隔座送鉤春酒暖，分曹射覆蠟燈紅。,宴席上隔座玩遊戲、喝著暖暖春酒，分組猜謎時紅蠟燭照得很亮。,,storybook_cn_v1,p203,16:9,,,,,,pending
p203_s04,203,4,嗟余聽鼓應官去，走馬蘭臺類轉蓬。,可惜鼓聲一響我就得回官署工作，只能騎馬離開，像蓬草一樣被事情推著走。,,storybook_cn_v1,p203,16:9,,,,,,pending
p204_s01,204,1,紫泉宮殿鎖煙霞，欲取蕪城作帝家。,隋朝宮殿鎖在煙霞之中，皇帝還想把遠方江都當成自己的新都城。,,storybook_cn_v1,p204,16:9,,,,,,pending
p204_s02,204,2,玉璽不緣歸日角，錦帆應是到天涯。,如果不是皇位最後落到別人手裡，他乘著華麗錦帆大概還會一路遊到天涯。,,storybook_cn_v1,p204,16:9,,,,,,pending
p204_s03,204,3,於今腐草無螢火，終古垂楊有暮鴉。,如今連當年抓螢火的地方都只剩腐草，只有楊柳下還有暮鴉。,,storybook_cn_v1,p204,16:9,,,,,,pending
p204_s04,204,4,地下若逢陳後主，豈宜重問後庭花。,如果隋煬帝在地下遇到同樣亡國的陳後主，恐怕都不好意思再問《後庭花》這種享樂歌曲了。,,storybook_cn_v1,p204,16:9,,,,,,pending
p205_s01,205,1,來是空言去絕蹤，月斜樓上五更鐘。,你說要來卻成了空話，離開後也完全沒有消息；月亮西斜，樓上已響起五更鐘。,,storybook_cn_v1,p205,16:9,,,,,,pending
p205_s02,205,2,夢為遠別啼難喚，書被催成墨未濃。,夢裡因遠別哭得難受，想喊也喊不醒；醒來急著寫信，連墨都還沒磨濃。,,storybook_cn_v1,p205,16:9,,,,,,pending
p205_s03,205,3,蠟照半籠金翡翠，麝熏微度繡芙蓉。,蠟燭光半照著金色翡翠屏風，麝香淡淡飄過繡著芙蓉的被褥。,,storybook_cn_v1,p205,16:9,,,,,,pending
p205_s04,205,4,劉郎已恨蓬山遠，更隔蓬山一萬重！,古人已嫌仙山遙遠，而我和你之間彷彿還隔著千萬重仙山，更難相見。,,storybook_cn_v1,p205,16:9,,,,,,pending
p206_s01,206,1,颯颯東風細雨來，芙蓉塘外有輕雷。,東風颯颯吹來細雨，荷花池外還傳來輕輕雷聲。,,storybook_cn_v1,p206,16:9,,,,,,pending
p206_s02,206,2,金蟾齧鎖燒香入，玉虎牽絲汲井回。,香爐穿過金蟾形的鎖扣吐出香煙，井邊玉虎滑輪拉著井繩上下。,,storybook_cn_v1,p206,16:9,,,,,,pending
p206_s03,206,3,賈氏窺簾韓掾少，宓妃留枕魏王才。,古代賈家女子隔簾偷看英俊青年，洛水女神也因曹植才華留下傳說。,,storybook_cn_v1,p206,16:9,,,,,,pending
p206_s04,206,4,春心莫共花爭發，一寸相思一寸灰。,春天的心不要像花一樣一起盛開，因為每一寸相思都會燒成一寸灰。,,storybook_cn_v1,p206,16:9,,,,,,pending
p207_s01,207,1,猿鳥猶疑畏簡書，風雲常爲護儲胥。,籌筆驛附近的猿鳥彷彿還怕諸葛亮昔日軍令，風雲也像仍在守護營壘。,,storybook_cn_v1,p207,16:9,,,,,,pending
p207_s02,207,2,徒令上將揮神筆，終見降王走傳車。,可惜再高明的主將揮動神妙計策，最後還是看到後主投降、坐車被送走。,,storybook_cn_v1,p207,16:9,,,,,,pending
p207_s03,207,3,管樂有才真不忝，關張無命欲何如？,諸葛亮才華比得上管仲樂毅，絕不愧對名聲；但關羽張飛早逝又能怎麼辦？,,storybook_cn_v1,p207,16:9,,,,,,pending
p207_s04,207,4,他年錦裏經祠廟，梁父吟成恨有餘。,後來我經過成都祠廟，想起他的《梁父吟》，仍覺得留下太多遺憾。,,storybook_cn_v1,p207,16:9,,,,,,pending
p208_s01,208,1,相見時難別亦難，東風無力百花殘。,相見本來就很難，分別也同樣難；東風已沒力，百花也快凋謝。,,storybook_cn_v1,p208,16:9,,,,,,pending
p208_s02,208,2,春蠶到死絲方盡，蠟炬成灰淚始乾。,春蠶到死才把絲吐完，蠟燭燒成灰時蠟淚才會乾，像思念直到生命盡頭也不停。,,storybook_cn_v1,p208,16:9,,,,,,pending
p208_s03,208,3,曉鏡但愁雲鬢改，夜吟應覺月光寒。,早晨照鏡只怕頭髮變白，夜裡吟詩時你大概也會覺得月光特別寒冷。,,storybook_cn_v1,p208,16:9,,,,,,pending
p208_s04,208,4,蓬山此去無多路，青鳥殷勤為探看。,你住的地方離仙山般的遠處其實不算太遠，希望青鳥能常替我探望、傳消息。,,storybook_cn_v1,p208,16:9,,,,,,pending
p209_s01,209,1,悵臥新春白袷衣，白門寥落意多違。,新春裡我穿著白衣惆悵躺著，白門一帶冷清，很多心願都不如意。,,storybook_cn_v1,p209,16:9,,,,,,pending
p209_s02,209,2,紅樓隔雨相望冷，珠箔飄燈獨自歸。,隔著雨望紅樓，只覺得又遠又冷；燈影在珠簾旁飄動，我還是一個人回去。,,storybook_cn_v1,p209,16:9,,,,,,pending
p209_s03,209,3,遠路應悲春晼晚，殘霄猶得夢依稀。,遠路上的你大概也會為春天將晚而難過，剩下的夜裡我們也許還能在夢中模糊相見。,,storybook_cn_v1,p209,16:9,,,,,,pending
p209_s04,209,4,玉璫緘札何由達，萬里雲羅一雁飛。,寫好的信和玉飾要怎麼送到你手上？萬里雲天裡只看見一隻大雁飛過。,,storybook_cn_v1,p209,16:9,,,,,,pending
p210_s01,210,1,鳳尾香羅薄幾重，碧文圓頂夜深縫。,鳳尾花紋的薄香羅一層又一層，深夜還在有碧紋圓頂的房中縫製。,,storybook_cn_v1,p210,16:9,,,,,,pending
p210_s02,210,2,扇裁月魄羞難掩，車走雷聲語未通。,扇子圓得像月亮，想遮羞也遮不住；車聲像雷一樣經過，卻連一句話都來不及說。,,storybook_cn_v1,p210,16:9,,,,,,pending
p210_s03,210,3,曾是寂寥金燼暗，斷無消息石榴紅。,曾經只能在燈芯將滅的寂寞夜裡等待，如今石榴紅了，還是沒有消息。,,storybook_cn_v1,p210,16:9,,,,,,pending
p210_s04,210,4,斑騅只繫垂楊岸，何處西南待好風。,花斑馬只繫在垂柳岸邊，不知道要等哪裡吹來的好風，才能帶來相見機會。,,storybook_cn_v1,p210,16:9,,,,,,pending
p211_s01,211,1,重帷深下莫愁堂，臥後清宵細細長。,重重帷幕垂在深深房中，躺下後清靜夜晚顯得格外漫長。,,storybook_cn_v1,p211,16:9,,,,,,pending
p211_s02,211,2,神女生涯原是夢，小姑居處本無郎。,傳說神女相會本來只是一場夢，小姑獨居也原本沒有丈夫陪伴。,,storybook_cn_v1,p211,16:9,,,,,,pending
p211_s03,211,3,風波不信菱枝弱，月露誰教桂葉香。,風浪不會因菱枝柔弱就放過它，月露也沒有人特地叫桂葉散出香氣。,,storybook_cn_v1,p211,16:9,,,,,,pending
p211_s04,211,4,直道相思了無益，未妨惆悵是清狂。,明知道相思沒有實際用處，我仍願保留這份惆悵，哪怕別人覺得有點癡狂。,,storybook_cn_v1,p211,16:9,,,,,,pending
p212_s01,212,1,澹然空水對斜暉，曲島蒼茫接翠微。,夕陽下水面空闊安靜，彎曲島嶼在遠處和青山連在一起。,,storybook_cn_v1,p212,16:9,,,,,,pending
p212_s02,212,2,波上馬嘶看棹去，柳邊人歇待船歸。,波上傳來馬叫，看著船槳划走；柳樹邊有人休息，等渡船回來。,,storybook_cn_v1,p212,16:9,,,,,,pending
p212_s03,212,3,數叢沙草群鷗散，萬頃江田一鷺飛。,幾叢沙草旁海鷗一下飛散，萬頃江田上只有一隻白鷺飛過。,,storybook_cn_v1,p212,16:9,,,,,,pending
p212_s04,212,4,誰解乘舟尋范蠡，五湖煙水獨忘機。,誰能像范蠡那樣乘舟遠去，在五湖煙水裡真正忘掉世間機巧和名利呢？,,storybook_cn_v1,p212,16:9,,,,,,pending
p213_s01,213,1,蘇武魂銷漢使前，古祠高樹兩茫然。,蘇武當年終於見到漢朝使者，激動得幾乎失去魂魄；如今只剩古祠和高樹茫然相對。,,storybook_cn_v1,p213,16:9,,,,,,pending
p213_s02,213,2,雲邊雁斷胡天月，隴上羊歸塞草煙。,北方天邊大雁稀少，只有胡地月色；羊群從隴上回來，邊草間升著煙霧。,,storybook_cn_v1,p213,16:9,,,,,,pending
p213_s03,213,3,回日樓臺非甲帳，去時冠劍是丁年。,回漢朝時看到的宮殿已不是離開時模樣，而他出使時還是佩冠帶劍的青年。,,storybook_cn_v1,p213,16:9,,,,,,pending
p213_s04,213,4,茂陵不見封侯印，空向秋波哭逝川。,回來後漢武帝已葬茂陵，無法親自看到他的忠節，他只能面對秋水感嘆歲月流逝。,,storybook_cn_v1,p213,16:9,,,,,,pending
p214_s01,214,1,十二樓中盡曉妝，望仙樓上望君王。,十二座宮樓裡的宮女清晨全都梳妝，在望仙樓上等待皇帝出現。,,storybook_cn_v1,p214,16:9,,,,,,pending
p214_s02,214,2,鎖銜金獸連環冷，水滴銅龍晝漏長。,宮門金獸銜著冰冷鎖環，銅製漏壺一滴滴計時，白天顯得特別漫長。,,storybook_cn_v1,p214,16:9,,,,,,pending
p214_s03,214,3,雲髻罷梳還對鏡，羅衣欲換更添香。,頭髮梳好後又對鏡查看，想換衣服時還要再添香氣。,,storybook_cn_v1,p214,16:9,,,,,,pending
p214_s04,214,4,遙窺正殿簾開處，袍袴宮人掃御床。,遠遠偷看正殿簾子打開，只見穿袍褲的宮人正在打掃皇帝床榻。,,storybook_cn_v1,p214,16:9,,,,,,pending
p215_s01,215,1,蓬門未識綺羅香，擬託良媒益自傷。,我住在簡陋家門，從沒享受過華麗絲衣，想到要靠媒人找婚事反而更傷心。,,storybook_cn_v1,p215,16:9,,,,,,pending
p215_s02,215,2,誰愛風流高格調，共憐時世儉梳妝。,世上有誰真正欣賞高雅品格？大家反而只稱讚符合流行的簡單打扮。,,storybook_cn_v1,p215,16:9,,,,,,pending
p215_s03,215,3,敢將十指誇偏巧，不把雙眉鬬畫長。,我十根手指很靈巧，卻不拿來炫耀；也不靠把眉毛畫得更長和別人比美。,,storybook_cn_v1,p215,16:9,,,,,,pending
p215_s04,215,4,苦恨年年壓金線，爲他人作嫁衣裳。,最難過的是年年替別人刺繡金線、做嫁衣，自己卻一直沒有好歸宿。,,storybook_cn_v1,p215,16:9,,,,,,pending
p216_s01,216,1,盧家少婦鬱金堂，海燕雙棲玳瑁梁。,盧家少婦住在華麗房中，屋梁上成雙燕子一起棲息。,,storybook_cn_v1,p216,16:9,,,,,,pending
p216_s02,216,2,九月寒砧催木葉，十年征戍憶遼陽。,九月搗衣聲催著樹葉落下，她卻想著丈夫已遠征遼陽十年。,,storybook_cn_v1,p216,16:9,,,,,,pending
p216_s03,216,3,白狼河北音書斷，丹鳳城南秋夜長。,白狼河北方一直沒有書信，長安城南的秋夜因此顯得特別漫長。,,storybook_cn_v1,p216,16:9,,,,,,pending
p216_s04,216,4,誰為含愁獨不見，更教明月照流黃。,還有誰像她這樣含著愁、獨自等不到心愛的人，又偏偏讓明月照著空房呢？,,storybook_cn_v1,p216,16:9,,,,,,pending
p217_s01,217,1,空山不見人，但聞人語響。,空空山裡看不到人，卻聽見遠處有人說話的回聲。,,storybook_cn_v1,p217,16:9,,,,,,pending
p217_s02,217,2,返景入深林，復照青苔上。,夕陽反射的光照進深林，又落在青苔上，讓幽暗山林亮起一小片。,,storybook_cn_v1,p217,16:9,,,,,,pending
p218_s01,218,1,獨坐幽篁裏，彈琴復長嘯。,我一個人坐在幽深竹林裡，一邊彈琴，一邊放聲長嘯。,,storybook_cn_v1,p218,16:9,,,,,,pending
p218_s02,218,2,深林人不知，明月來相照。,深林裡沒有人知道我在這裡，只有明月來陪伴、照著我。,,storybook_cn_v1,p218,16:9,,,,,,pending
p219_s01,219,1,山中相送罷，日暮掩柴扉。,在山中送別朋友後，我到黃昏才關上柴門。,,storybook_cn_v1,p219,16:9,,,,,,pending
p219_s02,219,2,春草明年綠，王孫歸不歸。,明年春草又會變綠，不知道遠行的你到時會不會回來。,,storybook_cn_v1,p219,16:9,,,,,,pending
p220_s01,220,1,紅豆生南國，春來發幾枝。,紅豆生長在南方，春天來時不知道會長出多少新枝。,,storybook_cn_v1,p220,16:9,,,,,,pending
p220_s02,220,2,願君多采擷，此物最相思。,希望你多摘一些，因為大家常用紅豆代表深深的思念。,,storybook_cn_v1,p220,16:9,,,,,,pending
p221_s01,221,1,君自故鄉來，應知故鄉事。,你從我的故鄉來，應該知道家鄉最近發生的事。,,storybook_cn_v1,p221,16:9,,,,,,pending
p221_s02,221,2,來日綺窗前，寒梅着花未。,你離開那天，我家雕花窗前那株寒梅開花了嗎？,,storybook_cn_v1,p221,16:9,,,,,,pending
p222_s01,222,1,歸山深淺去，,既然要回山裡，不論走深走淺，,,storybook_cn_v1,p222,16:9,,,,,,pending
p222_s02,222,2,須盡丘壑美。,都要真正欣賞山谷的美好。,,storybook_cn_v1,p222,16:9,,,,,,pending
p222_s03,222,3,莫學武陵人，,不要像桃花源故事中的漁人，,,storybook_cn_v1,p222,16:9,,,,,,pending
p222_s04,222,4,暫遊桃源裡。,只短短遊過仙境，最後卻再也找不到。,,storybook_cn_v1,p222,16:9,,,,,,pending
p223_s01,223,1,終南陰嶺秀，積雪浮雲端。,終南山北面的山嶺特別秀麗，山頂積雪像浮在雲端。,,storybook_cn_v1,p223,16:9,,,,,,pending
p223_s02,223,2,林表明霽色，城中增暮寒。,雪後天晴，樹林上方亮了起來，可城裡傍晚反而因雪更覺寒冷。,,storybook_cn_v1,p223,16:9,,,,,,pending
p224_s01,224,1,移舟泊煙渚，日暮客愁新。,我把船移到煙霧籠罩的小洲旁停泊，天一黑，旅人的愁又湧上來。,,storybook_cn_v1,p224,16:9,,,,,,pending
p224_s02,224,2,野曠天低樹，江清月近人。,原野太寬，天空像壓低到樹梢；江水很清，月亮倒像靠人特別近。,,storybook_cn_v1,p224,16:9,,,,,,pending
p225_s01,225,1,春眠不覺曉，處處聞啼鳥。,春天睡得很舒服，一醒來才發現天亮了，還聽見到處都有小鳥在叫。,,storybook_cn_v1,p225,16:9,,,,,,pending
p225_s02,225,2,夜來風雨聲，花落知多少。,想起昨晚風吹雨打的聲音，不知道有多少漂亮的花被吹落了呢？,,storybook_cn_v1,p225,16:9,,,,,,pending
p226_s01,226,1,牀前明月光，,床前灑著明亮月光，,,storybook_cn_v1,p226,16:9,,,,,,pending
p226_s02,226,2,疑是地上霜。,我一時以為是地上的白霜。,,storybook_cn_v1,p226,16:9,,,,,,pending
p226_s03,226,3,舉頭望明月，,抬起頭看看天空的明月，,,storybook_cn_v1,p226,16:9,,,,,,pending
p226_s04,226,4,低頭思故鄉。,再低下頭，就想起遠方故鄉。,,storybook_cn_v1,p226,16:9,,,,,,pending
p227_s01,227,1,美人捲珠簾，深坐顰蛾眉。,美麗女子捲起珠簾，久久坐著，眉頭緊緊皺起。,,storybook_cn_v1,p227,16:9,,,,,,pending
p227_s02,227,2,但見淚痕濕，不知心恨誰。,只看見她臉上有淚痕，卻不知道她心裡正在怨誰、想誰。,,storybook_cn_v1,p227,16:9,,,,,,pending
p228_s01,228,1,功蓋三分國，名成八陣圖。,諸葛亮功勞足以影響三國局勢，他設計的八陣圖也讓他名聲流傳。,,storybook_cn_v1,p228,16:9,,,,,,pending
p228_s02,228,2,江流石不轉，遺恨失吞吳。,江水一直流，陣石卻沒有被沖走；可惜他最後仍沒能完成吞併東吳的願望。,,storybook_cn_v1,p228,16:9,,,,,,pending
p229_s01,229,1,白日依山盡，黃河入海流。,夕陽慢慢貼著山邊落下，黃河一路奔向大海。,,storybook_cn_v1,p229,16:9,,,,,,pending
p229_s02,229,2,欲窮千里目，更上一層樓。,如果想把更遠的景色都看清楚，就再登高一層樓。,,storybook_cn_v1,p229,16:9,,,,,,pending
p230_s01,230,1,蒼蒼竹林寺，杳杳鐘聲晚。,青翠竹林寺藏在山中，傍晚鐘聲從很遠地方傳來。,,storybook_cn_v1,p230,16:9,,,,,,pending
p230_s02,230,2,荷笠帶夕陽，青山獨歸遠。,靈澈和尚背著斗笠，帶著夕陽餘光，一個人走回遠方青山。,,storybook_cn_v1,p230,16:9,,,,,,pending
p231_s01,231,1,泠泠七絲上，靜聽松風寒。,七弦琴發出清亮聲音，安靜聽來像寒冷松風吹過。,,storybook_cn_v1,p231,16:9,,,,,,pending
p231_s02,231,2,古調雖自愛，今人多不彈。,我自己很喜歡這種古老曲調，可惜現在很多人已經不彈了。,,storybook_cn_v1,p231,16:9,,,,,,pending
p232_s01,232,1,孤雲將野鶴，豈向人間住。,你像孤雲和野鶴一樣自由，怎麼會長久住在人世熱鬧地方呢？,,storybook_cn_v1,p232,16:9,,,,,,pending
p232_s02,232,2,莫買沃洲山，時人已知處。,也別特地去買沃洲山隱居，因為那地方早已被世人知道，不算真正清幽了。,,storybook_cn_v1,p232,16:9,,,,,,pending
p233_s01,233,1,懷君屬秋夜，散步詠涼天。,秋夜裡我正想著你，一邊散步一邊吟詠清涼天氣。,,storybook_cn_v1,p233,16:9,,,,,,pending
p233_s02,233,2,空山松子落，幽人應未眠。,空山裡松果落下，我猜住在幽靜地方的你此刻大概也還沒睡。,,storybook_cn_v1,p233,16:9,,,,,,pending
p234_s01,234,1,鳴箏金粟柱，素手玉房前。,箏聲從金色琴柱間響起，一雙白皙的手在華美房前彈奏。,,storybook_cn_v1,p234,16:9,,,,,,pending
p234_s02,234,2,欲得周郎顧，時時誤拂弦。,她想引起懂音樂的周郎注意，所以故意偶爾彈錯一根弦，讓他回頭看。,,storybook_cn_v1,p234,16:9,,,,,,pending
p235_s01,235,1,三日入廚下，洗手作羹湯。,新媳婦嫁進家門第三天就走進廚房，洗好手開始煮羹湯。,,storybook_cn_v1,p235,16:9,,,,,,pending
p235_s02,235,2,未諳姑食性，先遣小姑嘗。,因為還不知道婆婆喜歡什麼味道，所以先請小姑嘗嘗看。,,storybook_cn_v1,p235,16:9,,,,,,pending
p236_s01,236,1,昨夜裙帶解，,昨晚裙帶自己鬆開，,,storybook_cn_v1,p236,16:9,,,,,,pending
p236_s02,236,2,今朝蟢子飛。,今天早上又看見喜蛛飛來。,,storybook_cn_v1,p236,16:9,,,,,,pending
p236_s03,236,3,鉛華不可棄，,我想還是不能放下梳妝打扮，,,storybook_cn_v1,p236,16:9,,,,,,pending
p236_s04,236,4,莫是藁砧歸。,會不會這些都是丈夫快回來的好兆頭呢？,,storybook_cn_v1,p236,16:9,,,,,,pending
p237_s01,237,1,千山鳥飛絕，萬徑人蹤滅。,千座山都看不到一隻飛鳥，萬條小路也沒有人的足跡。,,storybook_cn_v1,p237,16:9,,,,,,pending
p237_s02,237,2,孤舟簑笠翁，獨釣寒江雪。,只有一艘孤船上，一位披蓑衣戴斗笠的老人，獨自在寒冷雪江中釣魚。,,storybook_cn_v1,p237,16:9,,,,,,pending
p238_s01,238,1,寥落古行宮，宮花寂寞紅。,古老行宮冷冷清清，只有宮中花朵寂寞地開紅。,,storybook_cn_v1,p238,16:9,,,,,,pending
p238_s02,238,2,白頭宮女在，閑坐說玄宗。,幾位白髮宮女還住在那裡，閒坐時談起以前唐玄宗的故事。,,storybook_cn_v1,p238,16:9,,,,,,pending
p239_s01,239,1,綠螘新醅酒，,新釀的酒上還浮著綠綠酒花，,,storybook_cn_v1,p239,16:9,,,,,,pending
p239_s02,239,2,紅泥小火爐。,小小紅泥火爐正燒得暖暖的。,,storybook_cn_v1,p239,16:9,,,,,,pending
p239_s03,239,3,晚來天欲雪，,傍晚看來就快要下雪了，,,storybook_cn_v1,p239,16:9,,,,,,pending
p239_s04,239,4,能飲一杯無？,你要不要來一起喝一杯呢？,,storybook_cn_v1,p239,16:9,,,,,,pending
p240_s01,240,1,故國三千里，深宮二十年。,離故鄉足足三千里，又在深宮裡生活了二十年。,,storybook_cn_v1,p240,16:9,,,,,,pending
p240_s02,240,2,一聲何滿子，雙淚落君前。,唱起一聲《何滿子》，她便在君王面前流下兩行眼淚。,,storybook_cn_v1,p240,16:9,,,,,,pending
p241_s01,241,1,向晚意不適，驅車登古原。,傍晚時心情不太好，我就坐車登上樂遊原散心。,,storybook_cn_v1,p241,16:9,,,,,,pending
p241_s02,241,2,夕陽無限好，只是近黃昏。,夕陽真的非常美，只可惜它已接近黃昏，很快就要落下了。,,storybook_cn_v1,p241,16:9,,,,,,pending
p242_s01,242,1,松下問童子，言師採藥去。,我在松樹下問小童，童子說老師上山採藥去了。,,storybook_cn_v1,p242,16:9,,,,,,pending
p242_s02,242,2,只在此山中，雲深不知處。,他只知道老師還在這座山裡，可山中雲太深，不知道究竟在哪裡。,,storybook_cn_v1,p242,16:9,,,,,,pending
p243_s01,243,1,嶺外音書斷，經冬復歷春。,在嶺南時一直收不到家裡消息，一轉眼冬天過去，春天也來了。,,storybook_cn_v1,p243,16:9,,,,,,pending
p243_s02,243,2,近鄉情更怯，不敢問來人。,如今越靠近家鄉，反而越害怕，連遇到故鄉來的人都不敢問近況。,,storybook_cn_v1,p243,16:9,,,,,,pending
p244_s01,244,1,打起黃鶯兒，莫教枝上啼。,快把枝頭上的黃鶯趕走，別讓牠繼續啼叫。,,storybook_cn_v1,p244,16:9,,,,,,pending
p244_s02,244,2,啼時驚妾夢，不得到遼西。,因為牠一叫就會驚醒我的夢，讓我沒辦法在夢中去遙遠遼西和丈夫相見。,,storybook_cn_v1,p244,16:9,,,,,,pending
p245_s01,245,1,北斗七星高，哥舒夜帶刀。,北斗七星高掛天空，哥舒將軍夜裡還佩刀守邊。,,storybook_cn_v1,p245,16:9,,,,,,pending
p245_s02,245,2,至今窺牧馬，不敢過臨洮。,直到現在，敵人就算想來偷牧馬匹，也不敢越過臨洮一帶。,,storybook_cn_v1,p245,16:9,,,,,,pending
p246_s01,246,1,君家何處住？妾住在橫塘。,你家住在哪裡呢？我家住在橫塘。,,storybook_cn_v1,p246,16:9,,,,,,pending
p246_s02,246,2,停船暫借問，或恐是同鄉。,請把船停一下讓我問問，說不定我們原來是同鄉呢。,,storybook_cn_v1,p246,16:9,,,,,,pending
p247_s01,247,1,家臨九江水，來去九江側。,我家就在九江水邊，平常來來去去都經過九江附近。,,storybook_cn_v1,p247,16:9,,,,,,pending
p247_s02,247,2,同是長干人，自小不相識。,原來我們都是長干里的人，可惜從小竟然沒有認識彼此。,,storybook_cn_v1,p247,16:9,,,,,,pending
p248_s01,248,1,玉階生白露，夜久侵羅襪。,白露落在宮殿玉階上，夜深後寒氣連薄薄羅襪都浸濕了。,,storybook_cn_v1,p248,16:9,,,,,,pending
p248_s02,248,2,却下水晶簾，玲瓏望秋月。,我放下水晶簾，隔著透明簾幕，默默望著明亮秋月。,,storybook_cn_v1,p248,16:9,,,,,,pending
p249_s01,249,1,鷲翎金僕姑，,箭尾裝著猛禽羽毛，,,storybook_cn_v1,p249,16:9,,,,,,pending
p249_s02,249,2,燕尾繡蝥弧。,軍旗像燕尾一樣飄揚。,,storybook_cn_v1,p249,16:9,,,,,,pending
p249_s03,249,3,獨立揚新令，,將軍一個人站出來宣布新命令，,,storybook_cn_v1,p249,16:9,,,,,,pending
p249_s04,249,4,千營共一呼。,千座軍營同時大聲回應。,,storybook_cn_v1,p249,16:9,,,,,,pending
p250_s01,250,1,林暗草驚風，將軍夜引弓。,黑暗樹林裡草被風吹動，將軍以為有猛獸，夜裡立刻拉弓射箭。,,storybook_cn_v1,p250,16:9,,,,,,pending
p250_s02,250,2,平明尋白羽，沒在石棱中。,天亮去找射出的白羽箭，才發現箭竟深深射進堅硬石頭裡。,,storybook_cn_v1,p250,16:9,,,,,,pending
p251_s01,251,1,月黑雁飛高，單于夜遁逃。,沒有月亮的黑夜，大雁飛得很高，敵軍首領正偷偷連夜逃走。,,storybook_cn_v1,p251,16:9,,,,,,pending
p251_s02,251,2,欲將輕騎逐，大雪滿弓刀。,將軍準備帶輕騎追趕，這時大雪已落滿大家的弓和刀。,,storybook_cn_v1,p251,16:9,,,,,,pending
p252_s01,252,1,野幕敞瓊筵，羌戎賀勞旋。,野外軍帳裡擺開盛大宴席，邊族的人也來祝賀軍隊凱旋。,,storybook_cn_v1,p252,16:9,,,,,,pending
p252_s02,252,2,醉和金甲舞，雷鼓動山川。,將士喝醉後穿著金甲起舞，戰鼓像雷一樣震動山川。,,storybook_cn_v1,p252,16:9,,,,,,pending
p253_s01,253,1,嫁得瞿塘賈，朝朝誤妾期。,嫁給在瞿塘做生意的商人後，他天天答應回家，卻天天讓我白等。,,storybook_cn_v1,p253,16:9,,,,,,pending
p253_s02,253,2,早知潮有信，嫁與弄潮兒。,早知道潮水都比他守時，我還不如嫁給每天跟著潮水出沒的弄潮人。,,storybook_cn_v1,p253,16:9,,,,,,pending
p254_s01,254,1,少小離家老大回，鄉音無改鬢毛衰，,我年輕時離開家鄉，直到年老才回來；家鄉口音沒變，頭髮卻已稀白。,,storybook_cn_v1,p254,16:9,,,,,,pending
p254_s02,254,2,兒童相見不相識，笑問客從何處來。,村裡孩子看見我完全不認識，還笑著問：「這位客人是從哪裡來的？」,,storybook_cn_v1,p254,16:9,,,,,,pending
p255_s01,255,1,隱隱飛橋隔野煙，石磯西畔問漁船。,遠遠看見一座小橋藏在野外煙霧裡，我在石岸西邊向漁船問路。,,storybook_cn_v1,p255,16:9,,,,,,pending
p255_s02,255,2,桃花盡日隨流水，洞在清谿何處邊。,桃花整天隨著溪水漂走，傳說中的桃花源洞口究竟在清溪哪一邊呢？,,storybook_cn_v1,p255,16:9,,,,,,pending
p256_s01,256,1,獨在異鄉為異客，每逢佳節倍思親。,一個人在外地當異鄉客，每逢節日就會比平常更加想念家人。,,storybook_cn_v1,p256,16:9,,,,,,pending
p256_s02,256,2,遙知兄弟登高處，遍插茱萸少一人。,我想像兄弟們今天正在登高，大家都插著茱萸，只少了我這一個人。,,storybook_cn_v1,p256,16:9,,,,,,pending
p257_s01,257,1,寒雨連江夜入吳，平明送客楚山孤。,寒冷夜雨一路連著江面進入吳地，天亮送你離開時，只見孤單楚山。,,storybook_cn_v1,p257,16:9,,,,,,pending
p257_s02,257,2,洛陽親友如相問，一片冰心在玉壺。,如果洛陽親友問起我，就告訴他們，我的心仍像玉壺裡的冰一樣清白。,,storybook_cn_v1,p257,16:9,,,,,,pending
p258_s01,258,1,閨中少婦不曾愁，春日凝妝上翠樓。,房中的年輕妻子本來沒什麼煩惱，春天還打扮好登上高樓賞景。,,storybook_cn_v1,p258,16:9,,,,,,pending
p258_s02,258,2,忽見陌頭楊柳色，悔教夫婿覓封侯。,忽然看見路邊楊柳青青，想到丈夫遠行求功名，才後悔當初讓他去追求封侯。,,storybook_cn_v1,p258,16:9,,,,,,pending
p259_s01,259,1,昨夜風開露井桃，未央前殿月輪高。,昨夜春風吹開露井旁的桃花，未央宮前高高掛著月亮。,,storybook_cn_v1,p259,16:9,,,,,,pending
p259_s02,259,2,平陽歌舞新承寵，簾外春寒賜錦袍。,平陽歌女新得到皇帝寵愛，簾外春寒時還特別獲賜錦袍。,,storybook_cn_v1,p259,16:9,,,,,,pending
p260_s01,260,1,葡萄美酒夜光杯，欲飲琵琶馬上催。,夜光杯裡盛著葡萄美酒，正想喝時，馬上琵琶聲又催大家出發。,,storybook_cn_v1,p260,16:9,,,,,,pending
p260_s02,260,2,醉臥沙場君莫笑，古來征戰幾人回。,就算喝醉倒在戰場也別笑我，因為自古上戰場的人，又有多少能平安回來？,,storybook_cn_v1,p260,16:9,,,,,,pending
p261_s01,261,1,故人西辭黃鶴樓，,老朋友從西邊黃鶴樓和我告別，,,storybook_cn_v1,p261,16:9,,,,,,pending
p261_s02,261,2,煙花三月下揚州。,在花煙迷人的三月坐船前往揚州。,,storybook_cn_v1,p261,16:9,,,,,,pending
p261_s03,261,3,孤帆遠影碧空盡，,我一直看著那面孤帆越來越遠，最後消失在藍天盡頭，,,storybook_cn_v1,p261,16:9,,,,,,pending
p261_s04,261,4,唯見長江天際流。,眼前只剩長江一路流向天邊。,,storybook_cn_v1,p261,16:9,,,,,,pending
p262_s01,262,1,朝辭白帝彩雲間，,清晨我離開彩雲間的白帝城，,,storybook_cn_v1,p262,16:9,,,,,,pending
p262_s02,262,2,千里江陵一日還。,千里之外的江陵，一天就能回到。,,storybook_cn_v1,p262,16:9,,,,,,pending
p262_s03,262,3,兩岸猿聲啼不住，,兩岸猿猴叫聲還不停傳來，,,storybook_cn_v1,p262,16:9,,,,,,pending
p262_s04,262,4,輕舟已過萬重山。,輕快小船早已穿過一重又一重高山。,,storybook_cn_v1,p262,16:9,,,,,,pending
p263_s01,263,1,故園東望路漫漫，雙袖龍鍾淚不乾。,向東望故鄉，路遠得看不到盡頭，我哭得兩邊袖子都濕了。,,storybook_cn_v1,p263,16:9,,,,,,pending
p263_s02,263,2,馬上相逢無紙筆，憑君傳語報平安。,在馬上正巧遇到回京的人，身邊沒有紙筆，只好請你口頭替我向家人報平安。,,storybook_cn_v1,p263,16:9,,,,,,pending
p264_s01,264,1,岐王宅裏尋常見，崔九堂前㡬度聞。,以前在岐王府裡常常見到你，在崔九家中也多次聽你唱歌。,,storybook_cn_v1,p264,16:9,,,,,,pending
p264_s02,264,2,正是江南好風景，落花時節又逢君。,如今正是江南最美的時節，沒想到又在落花紛飛時和你重逢。,,storybook_cn_v1,p264,16:9,,,,,,pending
p265_s01,265,1,獨憐幽草澗邊生，上有黃鸝深樹鳴。,我特別喜歡溪邊安靜長著的小草，深樹上還有黃鸝鳴唱。,,storybook_cn_v1,p265,16:9,,,,,,pending
p265_s02,265,2,春潮帶雨晚來急，野渡無人舟自橫。,傍晚春潮帶著雨水突然變急，荒野渡口沒有人，只有小船自己橫在水面。,,storybook_cn_v1,p265,16:9,,,,,,pending
p266_s01,266,1,月落烏啼霜滿天，江楓漁火對愁眠。,月亮落下，烏鴉啼叫，寒霜像滿布天空；我對著江邊楓樹和漁火，帶著愁睡不著。,,storybook_cn_v1,p266,16:9,,,,,,pending
p266_s02,266,2,姑蘇城外寒山寺，夜半鐘聲到客船。,姑蘇城外寒山寺的鐘聲，在半夜一路傳到我停泊的客船。,,storybook_cn_v1,p266,16:9,,,,,,pending
p267_s01,267,1,春城無處不飛花，寒食東風御柳斜。,春天城裡到處花瓣飛舞，寒食節東風吹得皇家柳樹斜斜搖動。,,storybook_cn_v1,p267,16:9,,,,,,pending
p267_s02,267,2,日暮漢宮傳蠟燭，輕煙散入五侯家。,傍晚宮中傳出皇帝賜下的蠟燭，淡淡煙霧很快飄進幾家權貴府邸。,,storybook_cn_v1,p267,16:9,,,,,,pending
p268_s01,268,1,更深月色半人家，,夜深後月光只照亮一半人家，,,storybook_cn_v1,p268,16:9,,,,,,pending
p268_s02,268,2,北斗闌干南斗斜。,北斗橫斜，南斗也已偏向一邊。,,storybook_cn_v1,p268,16:9,,,,,,pending
p268_s03,268,3,今夜偏知春氣暖，,今晚我特別感覺到春天真的暖了，,,storybook_cn_v1,p268,16:9,,,,,,pending
p268_s04,268,4,蟲聲新透綠窗沙。,因為新出的蟲鳴已穿過綠色紗窗傳進來。,,storybook_cn_v1,p268,16:9,,,,,,pending
p269_s01,269,1,紗窗日落漸黃昏，金屋無人見淚痕。,紗窗外太陽落下，天色漸漸黃昏，華麗屋中沒有人注意她臉上的淚痕。,,storybook_cn_v1,p269,16:9,,,,,,pending
p269_s02,269,2,寂寞空庭春欲晚，梨花滿地不開門。,寂寞院子裡春天快過完了，梨花落滿地，她仍把門緊緊關著。,,storybook_cn_v1,p269,16:9,,,,,,pending
p270_s01,270,1,歲歲金河復玉關，,年年都在金河、玉門關一帶奔波，,,storybook_cn_v1,p270,16:9,,,,,,pending
p270_s02,270,2,朝朝馬策與刀環。,每天陪伴我的只有馬鞭和刀環聲。,,storybook_cn_v1,p270,16:9,,,,,,pending
p270_s03,270,3,三春白雪歸青塚，,春天三月那裡還下著白雪，一直延伸到昭君青塚，,,storybook_cn_v1,p270,16:9,,,,,,pending
p270_s04,270,4,萬里黃河繞黑山。,萬里黃河又繞過遙遠黑山，邊地生活怎麼都走不完。,,storybook_cn_v1,p270,16:9,,,,,,pending
p271_s01,271,1,玉樓天半起笙歌，風送宮嬪笑語和。,高高玉樓像在半空中傳出笙歌，風吹來還帶著宮女的笑語聲。,,storybook_cn_v1,p271,16:9,,,,,,pending
p271_s02,271,2,月殿影開聞夜漏，水晶簾卷近銀河。,月光照開宮殿影子，夜裡能聽到漏壺報時；捲起水晶簾，天空銀河像近在眼前。,,storybook_cn_v1,p271,16:9,,,,,,pending
p272_s01,272,1,回樂峰前沙似雪，受降城下月如霜。,回樂峰前沙地白得像雪，受降城下月光冷得像秋霜。,,storybook_cn_v1,p272,16:9,,,,,,pending
p272_s02,272,2,不知何處吹蘆管，一夜征人盡望鄉。,不知道是哪裡有人吹起蘆笛，整晚所有遠征士兵都抬頭想著故鄉。,,storybook_cn_v1,p272,16:9,,,,,,pending
p273_s01,273,1,朱雀橋邊野草花，,朱雀橋旁如今只剩野草和小花，,,storybook_cn_v1,p273,16:9,,,,,,pending
p273_s02,273,2,烏衣巷口夕陽斜。,烏衣巷口夕陽斜斜照著。,,storybook_cn_v1,p273,16:9,,,,,,pending
p273_s03,273,3,舊時王謝堂前燕，,以前在王謝豪門屋前築巢的燕子，,,storybook_cn_v1,p273,16:9,,,,,,pending
p273_s04,273,4,飛入尋常百姓家。,如今早已飛進普通百姓家裡。,,storybook_cn_v1,p273,16:9,,,,,,pending
p274_s01,274,1,新妝宜面下朱樓，,我換上漂亮新妝走下紅樓，,,storybook_cn_v1,p274,16:9,,,,,,pending
p274_s02,274,2,深鎖春光一院愁。,深深院門卻把整個春光和愁悶一起鎖住。,,storybook_cn_v1,p274,16:9,,,,,,pending
p274_s03,274,3,行到中庭數花朵，,走到院子中央，我無聊地數著花朵，,,storybook_cn_v1,p274,16:9,,,,,,pending
p274_s04,274,4,蜻蜓飛上玉搔頭。,一隻蜻蜓忽然飛來停在我的玉簪上。,,storybook_cn_v1,p274,16:9,,,,,,pending
p275_s01,275,1,淚濕羅巾夢不成，,眼淚把絲巾都弄濕了，想睡也做不了夢，,,storybook_cn_v1,p275,16:9,,,,,,pending
p275_s02,275,2,夜深前殿按歌聲。,夜深還聽見前殿有人排練歌舞。,,storybook_cn_v1,p275,16:9,,,,,,pending
p275_s03,275,3,紅顏未老恩先斷，,我容貌還沒有衰老，皇帝的寵愛卻早已斷了，,,storybook_cn_v1,p275,16:9,,,,,,pending
p275_s04,275,4,斜倚薰籠坐到明。,只好斜靠著暖香爐，一個人坐到天亮。,,storybook_cn_v1,p275,16:9,,,,,,pending
p276_s01,276,1,禁門宮樹月痕過，媚眼惟看宿鷺窠。,宮門樹影下月光慢慢移過，她漂亮的眼睛只能看著樹上夜鷺的巢。,,storybook_cn_v1,p276,16:9,,,,,,pending
p276_s02,276,2,斜拔玉釵燈影畔，剔開紅燄救飛蛾。,燈影旁她斜斜拔下玉釵，用釵挑開火焰，救出一隻快被燒到的飛蛾。,,storybook_cn_v1,p276,16:9,,,,,,pending
p277_s01,277,1,日光斜照集靈台，紅樹花迎曉露開。,陽光斜照集靈臺，紅花樹迎著清晨露水盛開。,,storybook_cn_v1,p277,16:9,,,,,,pending
p277_s02,277,2,昨夜上皇新授籙，太真含笑入簾來。,昨夜皇帝才舉行新的道教儀式，楊太真就含笑走進簾內。,,storybook_cn_v1,p277,16:9,,,,,,pending
p278_s01,278,1,虢國夫人承主恩，,虢國夫人受到皇帝恩寵，,,storybook_cn_v1,p278,16:9,,,,,,pending
p278_s02,278,2,平明騎馬入宮門。,天剛亮就騎馬進入宮門。,,storybook_cn_v1,p278,16:9,,,,,,pending
p278_s03,278,3,卻嫌脂粉污顏色，,她嫌脂粉反而遮住自己天生的美，,,storybook_cn_v1,p278,16:9,,,,,,pending
p278_s04,278,4,淡掃蛾眉朝至尊。,只淡淡畫眉就去朝見皇帝。,,storybook_cn_v1,p278,16:9,,,,,,pending
p279_s01,279,1,金陵津渡小山樓，,金陵渡口旁有一座小山樓，,,storybook_cn_v1,p279,16:9,,,,,,pending
p279_s02,279,2,一宿行人自可愁。,旅人在這裡住一晚，就足以生出許多鄉愁。,,storybook_cn_v1,p279,16:9,,,,,,pending
p279_s03,279,3,潮落夜江斜月裡，,潮水退去，斜月照著夜江，,,storybook_cn_v1,p279,16:9,,,,,,pending
p279_s04,279,4,兩三星火是瓜洲。,遠方兩三點燈火就是瓜洲。,,storybook_cn_v1,p279,16:9,,,,,,pending
p280_s01,280,1,寂寂花時閉院門，,花開時節，宮院大門卻安靜地緊閉，,,storybook_cn_v1,p280,16:9,,,,,,pending
p280_s02,280,2,美人相並立瓊軒。,幾位宮女一起站在華美欄杆旁。,,storybook_cn_v1,p280,16:9,,,,,,pending
p280_s03,280,3,含情欲說宮中事，,她們含著心事想談宮裡事情，,,storybook_cn_v1,p280,16:9,,,,,,pending
p280_s04,280,4,鸚鵡前頭不敢言。,可鸚鵡就在面前，怕牠學話，所以連說都不敢說。,,storybook_cn_v1,p280,16:9,,,,,,pending
p281_s01,281,1,洞房昨夜停紅燭，待曉堂前拜舅姑。,洞房裡昨夜紅燭一直亮著，今天清早新娘要到堂前拜見公婆。,,storybook_cn_v1,p281,16:9,,,,,,pending
p281_s02,281,2,妝罷低聲問夫婿，畫眉深淺入時無？,梳妝完後，她小聲問丈夫：「我眉毛畫成這樣，合不合大家現在喜歡的樣子？」,,storybook_cn_v1,p281,16:9,,,,,,pending
p282_s01,282,1,清時有味是無能，閑愛孤云靜愛僧。,太平時代裡，我這個沒什麼本事的人反而覺得自在，喜歡看孤雲，也喜歡和尚的清靜生活。,,storybook_cn_v1,p282,16:9,,,,,,pending
p282_s02,282,2,欲把一麾江海去，樂游原上望昭陵。,如今準備拿著官旗去江海一帶任職，我登上樂遊原，還是忍不住回望唐太宗的昭陵。,,storybook_cn_v1,p282,16:9,,,,,,pending
p283_s01,283,1,折戟沉沙鐵未銷，自將磨洗認前朝。,一截斷掉的戰戟埋在沙裡，鐵還沒有完全鏽掉；我把它磨洗乾淨，認出是以前戰爭留下的東西。,,storybook_cn_v1,p283,16:9,,,,,,pending
p283_s02,283,2,東風不與周郎便，銅雀春深鎖二喬。,如果當年東風沒有幫助周瑜，東吳戰敗後，大喬小喬恐怕都會被帶進曹操的銅雀臺。,,storybook_cn_v1,p283,16:9,,,,,,pending
p284_s01,284,1,煙籠寒水月籠沙，夜泊秦淮近酒家。,煙霧籠著寒冷江水，月光照著沙洲；我夜裡把船停在秦淮河畔酒家附近。,,storybook_cn_v1,p284,16:9,,,,,,pending
p284_s02,284,2,商女不知亡國恨，隔江猶唱後庭花。,歌女不知道亡國的悲痛，隔著江還在唱當年讓陳朝沉迷享樂的《後庭花》。,,storybook_cn_v1,p284,16:9,,,,,,pending
p285_s01,285,1,青山隱隱水迢迢，,遠方青山若隱若現，江水長長流去，,,storybook_cn_v1,p285,16:9,,,,,,pending
p285_s02,285,2,秋盡江南草未凋。,秋天都快過完了，江南草木竟還沒有完全凋謝。,,storybook_cn_v1,p285,16:9,,,,,,pending
p285_s03,285,3,二十四橋明月夜，,二十四橋上一定正有明亮月色，,,storybook_cn_v1,p285,16:9,,,,,,pending
p285_s04,285,4,玉人何處教吹簫？,你這位風雅朋友現在又在什麼地方聽人吹簫呢？,,storybook_cn_v1,p285,16:9,,,,,,pending
p286_s01,286,1,落魄江湖載酒行，,以前我在江湖間失意遊蕩，常帶著酒到處走，,,storybook_cn_v1,p286,16:9,,,,,,pending
p286_s02,286,2,楚腰纖細掌中輕；,也曾喜愛楚地女子纖細輕盈的美。,,storybook_cn_v1,p286,16:9,,,,,,pending
p286_s03,286,3,十年一覺揚州夢，,回頭看十年揚州生活，就像做了一場夢，,,storybook_cn_v1,p286,16:9,,,,,,pending
p286_s04,286,4,贏得青樓薄幸名。,最後只留下別人說我是個多情又薄情的人。,,storybook_cn_v1,p286,16:9,,,,,,pending
p287_s01,287,1,銀燭秋光冷畫屏，,秋夜銀色燭光照著冰冷畫屏，,,storybook_cn_v1,p287,16:9,,,,,,pending
p287_s02,287,2,輕羅小扇撲流螢。,宮女拿著輕薄小扇子追打飛舞的螢火蟲。,,storybook_cn_v1,p287,16:9,,,,,,pending
p287_s03,287,3,天階夜色涼如水，,宮殿石階夜色涼得像水，,,storybook_cn_v1,p287,16:9,,,,,,pending
p287_s04,287,4,臥看牽牛織女星。,她躺著仰望牽牛星和織女星，想著自己的孤單。,,storybook_cn_v1,p287,16:9,,,,,,pending
p288_s01,288,1,娉娉褭褭十三餘，,十三歲多的少女身形柔美輕盈，,,storybook_cn_v1,p288,16:9,,,,,,pending
p288_s02,288,2,荳蔻梢頭二月初。,就像二月剛冒出的豆蔻花苞一樣青春。,,storybook_cn_v1,p288,16:9,,,,,,pending
p288_s03,288,3,春風十里揚州路，,就算走遍春風十里的揚州街道，,,storybook_cn_v1,p288,16:9,,,,,,pending
p288_s04,288,4,卷上珠簾總不如。,捲起每一家珠簾，也找不到比她更美的人。,,storybook_cn_v1,p288,16:9,,,,,,pending
p289_s01,289,1,多情卻似總無情，,感情太深時，表面看起來反而像沒有感情，,,storybook_cn_v1,p289,16:9,,,,,,pending
p289_s02,289,2,唯覺尊前笑不成。,送別酒席前，我連想笑都笑不出來。,,storybook_cn_v1,p289,16:9,,,,,,pending
p289_s03,289,3,蠟燭有心還惜別，,連蠟燭好像也懂得珍惜這次分別，,,storybook_cn_v1,p289,16:9,,,,,,pending
p289_s04,289,4,替人垂淚到天明。,替人一直流著蠟淚到天亮。,,storybook_cn_v1,p289,16:9,,,,,,pending
p290_s01,290,1,繁華事散逐香塵，流水無情草自春。,以前金谷園的繁華都像香塵一樣散去了，只有流水無情、青草照樣在春天長出。,,storybook_cn_v1,p290,16:9,,,,,,pending
p290_s02,290,2,日暮東風怨啼鳥，落花猶似墮樓人。,日暮東風吹來，鳥兒悲啼，滿地落花讓人想起當年從高樓墜下的女子。,,storybook_cn_v1,p290,16:9,,,,,,pending
p291_s01,291,1,君問歸期未有期，巴山夜雨漲秋池。,你問我什麼時候回去，我現在還沒有確定日期；巴山正下著夜雨，秋池水也一直漲。,,storybook_cn_v1,p291,16:9,,,,,,pending
p291_s02,291,2,何當共剪西窗燭，卻話巴山夜雨時。,什麼時候我們才能一起坐在西窗剪燭聊天，再回頭說起今天這場巴山夜雨呢？,,storybook_cn_v1,p291,16:9,,,,,,pending
p292_s01,292,1,嵩雲秦樹久離居，雙鯉迢迢一紙書。,你在秦地、我在嵩山附近，我們分開住了很久，今天終於從遠方收到你一封信。,,storybook_cn_v1,p292,16:9,,,,,,pending
p292_s02,292,2,休問梁園舊賓客，茂陵秋雨病相如。,別問我這個以前在梁園作客的人如今怎樣，我就像生病的司馬相如，在秋雨裡安靜養病。,,storybook_cn_v1,p292,16:9,,,,,,pending
p293_s01,293,1,爲有雲屏無限嬌，鳳城寒盡怕春宵。,因為屏風後的妻子實在美麗可愛，長安寒冬一過，我反而更捨不得春夜太短。,,storybook_cn_v1,p293,16:9,,,,,,pending
p293_s02,293,2,無端嫁得金龜婿，辜負香衾事早朝。,偏偏嫁給了要早起上朝的高官丈夫，柔軟香被總是被他為公事早早離開而辜負。,,storybook_cn_v1,p293,16:9,,,,,,pending
p294_s01,294,1,乘興南遊不戒嚴，九重誰省諫書函。,隋煬帝一高興就向南巡遊，完全不顧警戒和節制，宮中也沒人理會勸諫奏章。,,storybook_cn_v1,p294,16:9,,,,,,pending
p294_s02,294,2,春風舉國裁宮錦，半作障泥半作帆。,全國春天都忙著裁剪華麗宮錦，其中一半拿來墊馬具，一半做成遊船的帆，十分浪費。,,storybook_cn_v1,p294,16:9,,,,,,pending
p295_s01,295,1,瑤池阿母綺窗開，黃竹歌聲動地哀。,瑤池西王母打開華麗窗子，卻只聽見《黃竹歌》那種悲涼歌聲震動大地。,,storybook_cn_v1,p295,16:9,,,,,,pending
p295_s02,295,2,八駿日行三萬裏，穆王何事不重來。,周穆王的八匹駿馬一天能走三萬里，既然跑得這麼快，他為什麼離開後再也沒有回來呢？,,storybook_cn_v1,p295,16:9,,,,,,pending
p296_s01,296,1,雲母屏風燭影深，長河漸落曉星沉。,雲母屏風後燭影越來越深，銀河漸漸落下，天快亮時星星也沉了。,,storybook_cn_v1,p296,16:9,,,,,,pending
p296_s02,296,2,嫦娥應悔偷靈藥，碧海青天夜夜心。,嫦娥也許會後悔偷吃仙藥，因為從此只能在碧海青天之間，夜夜一個人孤單想心事。,,storybook_cn_v1,p296,16:9,,,,,,pending
p297_s01,297,1,宣室求賢訪逐臣，賈生才調更無倫。,漢文帝在宣室召見被貶的賈誼，像是真的很想請教賢才，而賈誼才華也無人能比。,,storybook_cn_v1,p297,16:9,,,,,,pending
p297_s02,297,2,可憐夜半虛前席，不問蒼生問鬼神。,可惜談到半夜皇帝雖把座位移近，問的卻不是百姓國事，而只是鬼神問題。,,storybook_cn_v1,p297,16:9,,,,,,pending
p298_s01,298,1,冰簟銀牀夢不成，碧天如水夜雲輕。,冰涼竹席和銀色床榻讓人怎麼也睡不著，藍天像水一樣清，夜雲很淡。,,storybook_cn_v1,p298,16:9,,,,,,pending
p298_s02,298,2,雁聲遠過瀟湘去，十二樓中月自明。,大雁叫聲遠遠飛過瀟湘，深樓裡只剩明月自己照得明亮。,,storybook_cn_v1,p298,16:9,,,,,,pending
p299_s01,299,1,玄宗回馬楊妃死，雲雨雖亡日月新。,唐玄宗回程時，楊貴妃已死，過去恩愛雖消失，國家日月仍要重新開始。,,storybook_cn_v1,p299,16:9,,,,,,pending
p299_s02,299,2,終是聖明天子事，景陽宮井又何人。,至少玄宗最後還能回到朝廷；如果比起藏在井中亡國的陳後主，又算是不同結局了。,,storybook_cn_v1,p299,16:9,,,,,,pending
p300_s01,300,1,碧闌干外繡簾垂，猩色屏風畫折枝。,碧色欄杆外垂著繡花簾子，紅色屏風上畫著折枝花紋。,,storybook_cn_v1,p300,16:9,,,,,,pending
p300_s02,300,2,八尺龍鬚方錦褥，已涼天氣未寒時。,八尺長竹席配著方形錦褥，天氣已經轉涼，卻還不到真正寒冷的時候。,,storybook_cn_v1,p300,16:9,,,,,,pending
p301_s01,301,1,江雨霏霏江草齊，六朝如夢鳥空啼。,江上細雨不停，江邊青草整齊茂盛；六朝往事像夢一樣消失，只剩鳥兒空自鳴叫。,,storybook_cn_v1,p301,16:9,,,,,,pending
p301_s02,301,2,無情最是臺城柳，依舊煙籠十里隄。,最像沒有感情的是臺城柳樹，朝代都換了，它仍舊被煙霧籠著，沿十里長堤青青生長。,,storybook_cn_v1,p301,16:9,,,,,,pending
p302_s01,302,1,誓掃匈奴不顧身，五千貂錦喪胡塵。,戰士發誓掃平敵人，連自己性命都不顧，結果五千精兵全死在塞外塵沙中。,,storybook_cn_v1,p302,16:9,,,,,,pending
p302_s02,302,2,可憐無定河邊骨，猶是深閨夢裏人。,最讓人難過的是無定河邊那些白骨，在家中妻子的夢裡，他們卻還是活著的丈夫。,,storybook_cn_v1,p302,16:9,,,,,,pending
p303_s01,303,1,別夢依依到謝家，小廊迴合曲闌斜。,分別後的夢還常回到你的家，看見迴廊曲折、欄杆斜斜的熟悉景象。,,storybook_cn_v1,p303,16:9,,,,,,pending
p303_s02,303,2,多情只有春庭月，猶為離人照落花。,最有情的好像只有春夜月亮，到現在還替離開的人照著滿地落花。,,storybook_cn_v1,p303,16:9,,,,,,pending
p304_s01,304,1,盡寒食雨草萋萋，著麥苗風柳映堤。,寒食節雨後青草長得很茂盛，風吹麥苗，柳樹倒映在堤岸旁。,,storybook_cn_v1,p304,16:9,,,,,,pending
p304_s02,304,2,等是有家歸未得，杜鵑休向耳邊啼。,大家都有家，可我偏偏回不去；杜鵑啊，請別再在耳邊悲啼，讓我更想家了。,,storybook_cn_v1,p304,16:9,,,,,,pending
p305_s01,305,1,渭城朝雨浥輕塵，客舍青青柳色新。,渭城清晨小雨沾濕輕塵，旅店旁柳樹被洗得青青嫩嫩。,,storybook_cn_v1,p305,16:9,,,,,,pending
p305_s02,305,2,勸君更盡一杯酒，西出陽關無故人。,請你再喝完這一杯酒，因為往西出了陽關，就很難遇到熟悉老朋友了。,,storybook_cn_v1,p305,16:9,,,,,,pending
p306_s01,306,1,桂魄初生秋露微，輕羅已薄未更衣。,秋月剛升起，露水還很薄，身上的輕羅衣已覺得單薄，卻還沒有換厚衣。,,storybook_cn_v1,p306,16:9,,,,,,pending
p306_s02,306,2,銀箏夜久殷勤弄，心怯空房不忍歸。,夜深還不停彈著銀箏，因為害怕回到空房一個人，所以捨不得停下。,,storybook_cn_v1,p306,16:9,,,,,,pending
p307_s01,307,1,奉帚平明金殿開，,清晨宮門一開，她拿著掃帚在金殿前工作，,,storybook_cn_v1,p307,16:9,,,,,,pending
p307_s02,307,2,暫將團扇共徘徊。,只能暫時拿著團扇，在宮中孤單來回走。,,storybook_cn_v1,p307,16:9,,,,,,pending
p307_s03,307,3,玉顏不及寒鴉色，,她美麗的臉如今竟不如寒鴉幸運，,,storybook_cn_v1,p307,16:9,,,,,,pending
p307_s04,307,4,猶帶昭陽日影來。,因為寒鴉身上至少還帶著昭陽宮照來的陽光。,,storybook_cn_v1,p307,16:9,,,,,,pending
p308_s01,308,1,秦時明月漢時關，萬里長征人未還。,從秦朝明月到漢朝關塞，邊地景色好像一直沒變，萬里出征的人卻總有人不能回家。,,storybook_cn_v1,p308,16:9,,,,,,pending
p308_s02,308,2,但使龍城飛將在，不教胡馬度陰山。,如果還有像李廣那樣厲害的飛將軍守在龍城，就不會讓敵方騎兵越過陰山。,,storybook_cn_v1,p308,16:9,,,,,,pending
p309_s01,309,1,黃河遠上白雲間，,黃河遠遠像從白雲間流來，,,storybook_cn_v1,p309,16:9,,,,,,pending
p309_s02,309,2,一片孤城萬仞山。,一座孤城被萬丈高山包圍。,,storybook_cn_v1,p309,16:9,,,,,,pending
p309_s03,309,3,羌笛何須怨楊柳，,羌笛何必一直吹著《折楊柳》哀嘆沒有春色，,,storybook_cn_v1,p309,16:9,,,,,,pending
p309_s04,309,4,春風不度玉門關。,因為春風本來就很難吹過遙遠玉門關。,,storybook_cn_v1,p309,16:9,,,,,,pending
p310_s01,310,1,雲想衣裳花想容，春風拂檻露華濃。,看見雲就想到她華美衣裳，看見花就想到她美麗容貌；春風吹過欄杆，花上露水更顯濃艷。,,storybook_cn_v1,p310,16:9,,,,,,pending
p310_s02,310,2,若非羣玉山頭見，會向瑤臺月下逢。,這樣的美人如果不是在仙山見到，就應該是在月光下的瑤臺仙境相逢。,,storybook_cn_v1,p310,16:9,,,,,,pending
p311_s01,311,1,一枝紅豔露凝香，雲雨巫山枉斷腸。,一枝紅艷牡丹帶著露水散發香氣，巫山神女傳說再美也不值得為它太傷心。,,storybook_cn_v1,p311,16:9,,,,,,pending
p311_s02,311,2,借問漢宮誰得似，可憐飛燕倚新妝。,如果問漢宮有誰能和她相比，大概只有打扮華麗的趙飛燕勉強相近。,,storybook_cn_v1,p311,16:9,,,,,,pending
p312_s01,312,1,名花傾國兩相歡，長得君王帶笑看。,名貴牡丹和絕世美人彼此映襯，都讓君王高興得一直帶笑欣賞。,,storybook_cn_v1,p312,16:9,,,,,,pending
p312_s02,312,2,觧釋春風無限恨，沈香亭北倚闌干。,花和美人好像能消去春風裡所有遺憾，她們就在沉香亭北靠著欄杆相映成趣。,,storybook_cn_v1,p312,16:9,,,,,,pending
p313_s01,313,1,勸君莫惜金縷衣，,勸你不要只珍惜昂貴漂亮的金縷衣，,,storybook_cn_v1,p313,16:9,,,,,,pending
p313_s02,313,2,勸君惜取少年時。,真正該珍惜的是年輕寶貴的時光。,,storybook_cn_v1,p313,16:9,,,,,,pending
p313_s03,313,3,花開堪折直須折，,花開到可以折取時，就要把握機會去做，,,storybook_cn_v1,p313,16:9,,,,,,pending
p313_s04,313,4,莫待無花空折枝。,不要等花全謝了，才對著空枝後悔。,,storybook_cn_v1,p313,16:9,,,,,,pending
